{"CustomMetrics_Small_rectangles": [0.03212929517030716, 0.014512738212943077, 0.014963509514927864, 0.014959560707211494, 0.014452479779720306, 0.013652958907186985, 0.013928246684372425, 0.013645141385495663, 0.013257631100714207, 0.01295645721256733, 0.013067945837974548, 0.012590354308485985, 0.01351531408727169, 0.014029307290911674, 0.01277162041515112, 0.013827736489474773, 0.013142037205398083, 0.014757964760065079, 0.013044927269220352, 0.013853912241756916, 0.012982791289687157, 0.012555588036775589, 0.01262623816728592, 0.015598124824464321, 0.022158851847052574, 0.020923707634210587, 0.01452745869755745, 0.016748597845435143, 0.0191134475171566, 0.01240313146263361, 0.012060643173754215, 0.013247703202068806, 0.012341650202870369, 0.012742710299789906, 0.020533571019768715, 0.013930375687777996, 0.012829096987843513, 0.01330149732530117, 0.013523063622415066, 0.012693858705461025, 0.013040740042924881, 0.01265039388090372, 0.013452895916998386, 0.014637288637459278, 0.01275706384330988, 0.01255927886813879, 0.014420634135603905, 0.012183223851025105, 0.012090133503079414, 0.01335967518389225, 0.013760369271039963, 0.013303683139383793, 0.012847065925598145, 0.01397980097681284, 0.012649201788008213, 0.012379543855786324, 0.01284874603152275, 0.013296379707753658, 0.013460689224302769, 0.013939918950200081, 0.013328426517546177, 0.012249929830431938, 0.013377700001001358, 0.012555726803839207, 0.012960241176187992, 0.01281966082751751, 0.013477143831551075, 0.012451734393835068, 0.013291893526911736, 0.015266366302967072, 0.013983809389173985, 0.011246368288993835, 0.01212354190647602], "CustomMetrics_Mid_rectangles": [0.0275319442152977, 0.012435674667358398, 0.012570565566420555, 0.012427834793925285, 0.012048362754285336, 0.0114878686144948, 0.011751055717468262, 0.011527481488883495, 0.011262661777436733, 0.01109812781214714, 0.011111587285995483, 0.01081080548465252, 0.011377839371562004, 0.012239174917340279, 0.010977493599057198, 0.011589109897613525, 0.01121224369853735, 0.01249611470848322, 0.011198311112821102, 0.01152431033551693, 0.011138533242046833, 0.010746486485004425, 0.010887190699577332, 0.013733753003180027, 0.01948912814259529, 0.01895403116941452, 0.013142450712621212, 0.014879674650728703, 0.017627200111746788, 0.011390620842576027, 0.010809614323079586, 0.011485252529382706, 0.010843331925570965, 0.011127074249088764, 0.018032193183898926, 0.01182593870908022, 0.011053390800952911, 0.011619082652032375, 0.01181764155626297, 0.010970743373036385, 0.011139350943267345, 0.010807404294610023, 0.011597716249525547, 0.012403433211147785, 0.011228284798562527, 0.010773329064249992, 0.012411314994096756, 0.010591761209070683, 0.010316758416593075, 0.011578159406781197, 0.011355741880834103, 0.011301716789603233, 0.010820765979588032, 0.012139776721596718, 0.010959239676594734, 0.010551934130489826, 0.011636531911790371, 0.011540412902832031, 0.011641341261565685, 0.01225109864026308, 0.01145012304186821, 0.010518932715058327, 0.011384482495486736, 0.010510391555726528, 0.010756101459264755, 0.011001242324709892, 0.011450340040028095, 0.010618547908961773, 0.011458142660558224, 0.01291881874203682, 0.011893239803612232, 0.00981287844479084, 0.010518118739128113], "CustomMetrics_Huge_rectangles": [0.012029677629470825, 0.00270814704708755, 0.002784116892144084, 0.002692145761102438, 0.002520285313948989, 0.0023258919827640057, 0.0022878998424857855, 0.0022219757083803415, 0.00218402873724699, 0.002256951294839382, 0.0019634668715298176, 0.001818036544136703, 0.0022103155497461557, 0.0035271369852125645, 0.0018409622134640813, 0.0022575322072952986, 0.002390459179878235, 0.002581670880317688, 0.002007261849939823, 0.0023076727520674467, 0.0018414829391986132, 0.001755658769980073, 0.0017862084787338972, 0.00371046201325953, 0.007929504849016666, 0.008981478400528431, 0.0035899460781365633, 0.004024829715490341, 0.006713195238262415, 0.0021595056168735027, 0.0015813071513548493, 0.0018065273761749268, 0.0015920196892693639, 0.002032618271186948, 0.0074562071822583675, 0.002081111539155245, 0.0015970260137692094, 0.002076120814308524, 0.002447431441396475, 0.0015780231915414333, 0.0016623480478301644, 0.0015055787516757846, 0.0017921747639775276, 0.0024247486144304276, 0.0021535679697990417, 0.0016442720079794526, 0.002657719189301133, 0.0014925298746675253, 0.001336798188276589, 0.00248715584166348, 0.0020000890363007784, 0.0018306402489542961, 0.0016364665934816003, 0.002764864591881633, 0.0018390637123957276, 0.0014149792259559035, 0.003031241474673152, 0.001996917650103569, 0.0019431738182902336, 0.0025818885769695044, 0.002119330922141671, 0.0015198533656075597, 0.0018194308504462242, 0.0015032939845696092, 0.001867877785116434, 0.0017420349176973104, 0.0022251352202147245, 0.001849551685154438, 0.0020901027601212263, 0.0033358787186443806, 0.0024146658834069967, 0.0012897421838715672, 0.0015131417894735932]}