{"CustomMetrics_Small_rectangles": [0.04811523109674454, 0.025750255212187767, 0.0188238974660635, 0.019100559875369072, 0.019423995167016983, 0.018218260258436203, 0.015622466802597046, 0.018403753638267517, 0.02140488475561142, 0.014336435124278069, 0.014835755340754986, 0.011514558456838131, 0.01206750888377428, 0.012952879071235657, 0.013568004593253136, 0.012453682720661163, 0.015567736700177193, 0.01265658624470234, 0.013621008954942226, 0.01618291065096855, 0.011933589354157448, 0.012822919525206089, 0.0117088183760643, 0.011435245163738728, 0.010889832861721516, 0.013407781720161438, 0.010897606611251831, 0.010225515812635422, 0.011080862022936344, 0.009800214320421219, 0.010476033203303814, 0.016996538266539574, 0.009774596430361271, 0.009844431653618813, 0.010836703702807426, 0.009984693489968777, 0.010477429255843163, 0.019221661612391472, 0.010073445737361908, 0.011206322349607944, 0.010023035109043121, 0.017098788172006607, 0.010095714591443539, 0.009601345285773277, 0.010123342275619507, 0.010638496838510036, 0.009499914012849331, 0.009505783207714558, 0.00951290037482977, 0.009038154035806656, 0.010029610246419907, 0.009291689842939377, 0.009967215359210968, 0.009823956526815891, 0.010282252915203571, 0.010259034112095833, 0.010161382146179676, 0.01003648154437542, 0.009626051411032677, 0.009373670443892479, 0.009427916258573532, 0.010505200363695621, 0.009097459726035595, 0.009375614114105701, 0.009336482733488083, 0.009625191800296307, 0.01004230696707964, 0.009218398481607437, 0.009192264638841152, 0.009364355355501175, 0.009169287979602814, 0.008379587903618813, 0.009741412475705147, 0.009910018183290958, 0.010368616320192814, 0.009555445984005928, 0.009810114279389381, 0.01010297704488039, 0.01072107907384634, 0.010455048643052578, 0.010246015153825283, 0.010409755632281303, 0.00992912519723177, 0.010176729410886765, 0.01220384519547224, 0.010675806552171707, 0.011480429209768772, 0.010815553367137909, 0.01116975024342537, 0.009918385185301304, 0.010269570164382458, 0.01164751686155796, 0.010324902832508087, 0.010122024454176426, 0.010191492736339569, 0.011391664855182171, 0.010018804110586643, 0.01288147084414959, 0.010144419968128204, 0.009800107218325138, 0.011786636896431446, 0.010556329041719437, 0.009834513068199158, 0.010695160366594791, 0.010831347666680813, 0.010072852484881878, 0.01063679251819849, 0.01045088842511177, 0.010503118857741356, 0.009582498110830784], "CustomMetrics_Mid_rectangles": [0.045471251010894775, 0.021939300000667572, 0.016632314771413803, 0.015369932167232037, 0.0164078027009964, 0.01568877138197422, 0.013764682225883007, 0.01576036401093006, 0.01893863081932068, 0.013842329382896423, 0.013844075612723827, 0.011635864153504372, 0.011496883817017078, 0.012582558207213879, 0.01234204787760973, 0.011783328838646412, 0.013431272469460964, 0.01185927540063858, 0.011994292959570885, 0.01444933284074068, 0.01162337139248848, 0.012804015539586544, 0.011045048013329506, 0.010740061290562153, 0.010481341741979122, 0.012067843228578568, 0.010506176389753819, 0.010337247513234615, 0.011538372375071049, 0.009946820326149464, 0.01083028968423605, 0.017492318525910378, 0.010196306742727757, 0.01021393109112978, 0.011032437905669212, 0.01018389780074358, 0.011063379235565662, 0.01927405782043934, 0.010674300603568554, 0.011591294780373573, 0.010384123772382736, 0.016007833182811737, 0.010300025343894958, 0.009642988443374634, 0.010074080899357796, 0.01048028189688921, 0.009817041456699371, 0.009833737276494503, 0.010024435818195343, 0.009218808263540268, 0.009948577731847763, 0.00943742599338293, 0.009871036745607853, 0.009766894392669201, 0.010086623020470142, 0.01019364409148693, 0.010188385844230652, 0.010013403370976448, 0.009339813143014908, 0.009570786729454994, 0.009351879358291626, 0.010321522131562233, 0.009007222950458527, 0.009448973461985588, 0.0092588746920228, 0.009249960072338581, 0.009961665607988834, 0.009349452331662178, 0.00888293981552124, 0.009287836961448193, 0.00914089661091566, 0.008274415507912636, 0.009496336802840233, 0.009856530465185642, 0.010114389471709728, 0.00963186752051115, 0.009662925265729427, 0.009857661090791225, 0.010607639327645302, 0.010360881686210632, 0.010009858757257462, 0.01043472345918417, 0.009800216183066368, 0.010107376612722874, 0.011302173137664795, 0.010458432137966156, 0.011327234096825123, 0.010576493106782436, 0.010723165236413479, 0.009790312498807907, 0.00993751548230648, 0.010769830085337162, 0.010000748559832573, 0.009922333993017673, 0.009794361889362335, 0.010897894389927387, 0.009725568816065788, 0.011536335572600365, 0.009463706985116005, 0.010164052248001099, 0.011329129338264465, 0.009762704372406006, 0.00966879166662693, 0.010840135626494884, 0.010638328269124031, 0.010058901272714138, 0.010586440563201904, 0.010321543551981449, 0.01013332698494196, 0.009700759314000607], "CustomMetrics_Huge_rectangles": [0.01644172891974449, 0.0067010014317929745, 0.003341446630656719, 0.0025885491631925106, 0.0033591296523809433, 0.0033116184640675783, 0.0021578881423920393, 0.0033681783825159073, 0.005016119685024023, 0.0023767391685396433, 0.0026082873810082674, 0.0017752168932929635, 0.0015520747983828187, 0.0020223096944391727, 0.0017906323773786426, 0.001984277507290244, 0.002888127462938428, 0.0015050048241391778, 0.0019151404267176986, 0.0033475258387625217, 0.0013257557293400168, 0.0031170493457466364, 0.0016834558919072151, 0.0013866620138287544, 0.001165900263004005, 0.0021990735549479723, 0.0013187536969780922, 0.0009977688314393163, 0.0014207916101440787, 0.0010125103872269392, 0.0015256969491019845, 0.0049314857460558414, 0.0008610904333181679, 0.0008344979723915458, 0.0012456828262656927, 0.0008408261346630752, 0.0014792479341849685, 0.006003378424793482, 0.0010506772669032216, 0.0016395627753809094, 0.0009854240342974663, 0.004257126245647669, 0.0010791013482958078, 0.0009000139543786645, 0.00114083057269454, 0.0017051694449037313, 0.0009241235675290227, 0.0010247703175991774, 0.0009682024829089642, 0.000880110717844218, 0.00127254833932966, 0.0009898681892082095, 0.0009477093699388206, 0.0010133631294593215, 0.0013861587503924966, 0.0010680676205083728, 0.0010079737985506654, 0.00097662431653589, 0.0008631761302240193, 0.0009578075259923935, 0.0008612198871560395, 0.001035552122630179, 0.0008650844683870673, 0.0009813919896259904, 0.0009364153374917805, 0.0014406266855075955, 0.0011412939056754112, 0.0009469279902987182, 0.0008702607592567801, 0.0008721648482605815, 0.0008602472953498363, 0.0008319545886479318, 0.0012757970253005624, 0.0009461460867896676, 0.0011318122269585729, 0.0008436574717052281, 0.0008569295168854296, 0.0009381236741319299, 0.0011970860650762916, 0.0009382663411088288, 0.0009672633023001254, 0.0008515786030329764, 0.0008420411613769829, 0.0009423898300155997, 0.0018503483152016997, 0.0008224234916269779, 0.0010779965668916702, 0.001001546042971313, 0.0009700917871668935, 0.000809143646620214, 0.0007737780688330531, 0.0009064111509360373, 0.0012296934146434069, 0.0008520840783603489, 0.0008837225032038987, 0.0007189823081716895, 0.0008945995359681547, 0.0012791692279279232, 0.0006768465391360223, 0.0009659522911533713, 0.0010793121764436364, 0.0014771162532269955, 0.0010695960372686386, 0.0014589820057153702, 0.0015099408337846398, 0.0011196405394002795, 0.001072788960300386, 0.0013818361330777407, 0.000986200524494052, 0.0009006707696244121]}