{"CustomMetrics_Small_rectangles": [0.038432810455560684, 0.027530701830983162, 0.02166994847357273, 0.016618803143501282, 0.01653837040066719, 0.01413221936672926, 0.020026402547955513, 0.011485540308058262, 0.010421164333820343, 0.014447412453591824, 0.009794335812330246, 0.011496860533952713, 0.010488925501704216, 0.012312117032706738, 0.021616777405142784, 0.010821535252034664, 0.008133525028824806, 0.009232896380126476, 0.009336357936263084, 0.008002151735126972, 0.009187744930386543, 0.007861390709877014, 0.008264907635748386, 0.013127675279974937, 0.01222864631563425, 0.009415953420102596, 0.009033371694386005, 0.006745112128555775, 0.006628591101616621, 0.015279313549399376, 0.007313227280974388, 0.006791645660996437, 0.008504611440002918, 0.008405368775129318, 0.008252873085439205, 0.01323479600250721, 0.008783135563135147, 0.012152907438576221, 0.009654227644205093, 0.005547244567424059, 0.006396695505827665, 0.007633051835000515, 0.008872316218912601, 0.00770536158233881, 0.007874994538724422, 0.00935819186270237, 0.011713488027453423, 0.0059527247212827206, 0.008703046478331089, 0.0548798032104969, 0.01463450025767088, 0.006547666620463133, 0.008218105882406235, 0.007586269173771143, 0.007377169094979763, 0.006253608036786318, 0.008852117694914341, 0.010259127244353294, 0.01007009856402874, 0.009550473652780056, 0.006399585399776697], "CustomMetrics_Mid_rectangles": [0.020367519930005074, 0.018818868324160576, 0.017491651698946953, 0.010955505073070526, 0.01037533674389124, 0.010421114973723888, 0.016803782433271408, 0.008989186957478523, 0.009480548091232777, 0.012332101352512836, 0.008808542974293232, 0.009989388287067413, 0.008580869063735008, 0.00963024515658617, 0.018988100811839104, 0.01010581012815237, 0.007026803679764271, 0.00905700121074915, 0.008590060286223888, 0.006621171720325947, 0.008392603136599064, 0.006402306258678436, 0.006933215074241161, 0.009725168347358704, 0.010166275314986706, 0.007239070720970631, 0.008093927055597305, 0.005229017231613398, 0.0061673750169575214, 0.017668750137090683, 0.006671638693660498, 0.005929740611463785, 0.006544636562466621, 0.00649015000090003, 0.006828770041465759, 0.010105465538799763, 0.007134345825761557, 0.009507901035249233, 0.008397325873374939, 0.005426032468676567, 0.0054143150337040424, 0.006037823855876923, 0.007490051910281181, 0.006584808696061373, 0.006339377257972956, 0.008046780712902546, 0.009223178029060364, 0.00502841267734766, 0.007238232064992189, 0.039134278893470764, 0.011022071354091167, 0.005478698294609785, 0.007145106326788664, 0.006056625861674547, 0.005531981587409973, 0.005026154685765505, 0.006873758509755135, 0.007519131526350975, 0.007580607198178768, 0.0076654814183712006, 0.00559210404753685], "CustomMetrics_Huge_rectangles": [0.007586626801639795, 0.00440466171130538, 0.006635592319071293, 0.002365567721426487, 0.001924624782986939, 0.0015825229929760098, 0.003589121624827385, 0.0016623042756691575, 0.0023281583562493324, 0.002931959228590131, 0.0020972411148250103, 0.0015506636118516326, 0.003956090193241835, 0.002263776259496808, 0.0070451186038553715, 0.0026467619463801384, 0.0020998704712837934, 0.0032100987154990435, 0.002684194827452302, 0.002611856209114194, 0.00226958142593503, 0.0025643096305429935, 0.0020016159396618605, 0.002340000355616212, 0.004793503787368536, 0.0021731138695031404, 0.001779251149855554, 0.0014120618579909205, 0.0015148111851885915, 0.01005080621689558, 0.0019784073811024427, 0.001120904111303389, 0.0017069956520572305, 0.0015471354126930237, 0.0013838630402460694, 0.0024779888335615396, 0.0017710308311507106, 0.0034037164878100157, 0.0019156414782628417, 0.0013150953454896808, 0.00120409089140594, 0.002566841896623373, 0.0027089365758001804, 0.0022361355368047953, 0.0018436707323417068, 0.002194968517869711, 0.0028159741777926683, 0.0014767650282010436, 0.0031485999934375286, 0.021992040798068047, 0.005109221674501896, 0.0010282071307301521, 0.002112583490088582, 0.0014712613774463534, 0.0011327152606099844, 0.001634414424188435, 0.0027386897709220648, 0.0017237357096746564, 0.001260629273019731, 0.0013126768171787262, 0.0014560343697667122]}