{"CustomMetrics_Small_rectangles": [0.00801462959498167, 0.007091807667165995, 0.005963972769677639, 0.0052227540872991085, 0.004696812480688095, 0.004410808905959129, 0.003536306554451585, 0.0035044141113758087, 0.0035393747966736555, 0.003250138834118843, 0.0033392589539289474, 0.0032766142394393682, 0.003481439780443907, 0.0035134218633174896, 0.0034542472567409277, 0.0034232432954013348, 0.00288071995601058, 0.0023227452766150236, 0.001873896922916174, 0.0022610146552324295, 0.002617541467770934, 0.002833773847669363, 0.0021430824417620897, 0.002351604402065277, 0.0023479026276618242, 0.0026304316706955433, 0.0025270157493650913, 0.0024787860456854105, 0.0025453204289078712, 0.0024546582717448473, 0.002130284672603011, 0.0027320496737957, 0.0031027018558233976, 0.0022279357071965933, 0.0021338877268135548, 0.002264207461848855, 0.0017149681225419044, 0.0019247672753408551, 0.0009465014445595443, 0.001890129060484469, 0.0019165223930031061, 0.0031241290271282196, 0.001362039940431714, 0.0015982219483703375, 0.0014550936175510287, 0.0018134418642148376, 0.0013726225588470697, 0.0012544640339910984, 0.001141698332503438, 0.0009734621271491051, 0.0012567909434437752, 0.0012217005714774132, 0.0014270234387367964, 0.0015640142373740673, 0.0013944851234555244, 0.0009016880067065358, 0.0011873503681272268, 0.0010272110812366009, 0.0011887860018759966, 0.0012500036973506212, 0.0012807461898773909, 0.0010888840770348907, 0.0015080650337040424, 0.0013586999848484993, 0.0008647435461170971, 0.0010789192747324705, 0.0015806496376171708, 0.00122158566955477, 0.0012924252077937126, 0.0008057869272306561, 0.0010121121304109693, 0.0008856219938024879, 0.0012161850463598967, 0.0005517421523109078, 0.0008959900005720556, 0.0006858309498056769, 0.0008075677324086428, 0.0009150421828962862, 0.0005218199803493917, 0.0013661652337759733, 0.0011435378110036254, 0.0009218310588039458, 0.0008376851910725236, 0.0010613641934469342, 0.0007701306021772325, 0.0009869070490822196, 0.0005927861202508211, 0.0005330009735189378, 0.0017886984860524535, 0.0007286133477464318, 0.000745830126106739, 0.0009062494500540197, 0.0008312147692777216, 0.0010198458330705762, 0.0009445688338018954, 0.0010831326944753528, 0.001362954848445952], "CustomMetrics_Mid_rectangles": [0.0070852236822247505, 0.006134255789220333, 0.00465368339791894, 0.004151840694248676, 0.0042262449860572815, 0.0036469155456870794, 0.0025905061047524214, 0.002669406123459339, 0.0026345502119511366, 0.002684870269149542, 0.001987665891647339, 0.0019806192722171545, 0.0016744791064411402, 0.001596478745341301, 0.0015280561055988073, 0.0015845256857573986, 0.0012762101832777262, 0.0010318327695131302, 0.0009636757895350456, 0.0011637145653367043, 0.0010457418393343687, 0.0011488095624372363, 0.0009246151312254369, 0.0009844215819612145, 0.0009693877073004842, 0.000878421647939831, 0.0009908594656735659, 0.000837011612020433, 0.0008444946724921465, 0.0009125140495598316, 0.0008762411307543516, 0.0013624243438243866, 0.0012262952513992786, 0.0009838644182309508, 0.0009695641347207129, 0.0009784381836652756, 0.0008237851434387267, 0.000866176385898143, 0.0004976853379048407, 0.0009112557745538652, 0.0008312070276588202, 0.0019180553499609232, 0.0007249009795486927, 0.0007683516596443951, 0.0008436464704573154, 0.0010661260457709432, 0.0006276787025853992, 0.0008450755849480629, 0.0005021663382649422, 0.00044847760000266135, 0.0006156640010885894, 0.0008329565753228962, 0.0007865232764743268, 0.0011168424971401691, 0.0008119078702293336, 0.0005303674261085689, 0.0008860517991706729, 0.0005039100651629269, 0.0007238307152874768, 0.0005797195481136441, 0.0006438327254727483, 0.0006324838032014668, 0.0011215812992304564, 0.000756370835006237, 0.0004944418324157596, 0.0007969977450557053, 0.0008797074551694095, 0.0008272374398075044, 0.0008030018070712686, 0.00039952326915226877, 0.0006108159432187676, 0.0004614288918673992, 0.0007874424336478114, 0.00039522419683635235, 0.0007032452849671245, 0.0004690476052928716, 0.0003552553534973413, 0.00044915202306583524, 0.00027925739414058626, 0.0010742323938757181, 0.000482234318042174, 0.0005556654068641365, 0.0005278109456412494, 0.000584784138482064, 0.0005809416179545224, 0.00046738600940443575, 0.00039267411921173334, 0.00040280038956552744, 0.0010181362740695477, 0.0004121982492506504, 0.0005314080626703799, 0.0003549405373632908, 0.00034645909909158945, 0.0005607689963653684, 0.0006562015623785555, 0.0005068865139037371, 0.0006277981447055936], "CustomMetrics_Huge_rectangles": [0.0010483794612810016, 0.0006770717445760965, 0.0007288041524589062, 0.000684678612742573, 0.0005580632132478058, 0.0008903373964130878, 0.00039186180219985545, 0.00035901612136512995, 0.0003517733421176672, 0.0005957152461633086, 0.0004213101346977055, 0.0005548875778913498, 0.00042428585584275424, 0.0004028409020975232, 0.00037922634510323405, 0.0004300447180867195, 0.00031941328779794276, 0.0002961141581181437, 0.0002648699446581304, 0.0002699313627090305, 0.0002555585524532944, 0.00021717292838729918, 0.0004075421311426908, 0.0002802078961394727, 0.00043115534936077893, 0.0003353607899043709, 0.0003078230074606836, 0.00039074718370102346, 0.0002559423737693578, 0.000348670786479488, 0.00027542145107872784, 0.0003447864146437496, 0.00023453675385098904, 0.00020427268464118242, 0.00020328191749285907, 0.00038838302134536207, 0.00022384399198926985, 0.00016166019486263394, 0.00021957309218123555, 0.00015825536684133112, 0.00018607385572977364, 0.0003559072792995721, 0.00013908851542510092, 0.00011447450378909707, 0.00016917432367336005, 0.00010538851347519085, 0.00013428830425255, 0.0002382157981628552, 0.00011857217759825289, 0.00020037683134432882, 0.00025618396466597915, 0.00024992102407850325, 0.00024267622211482376, 0.0002214199776062742, 0.00032032784656621516, 0.00027771980967372656, 0.00025342745357193053, 0.00022087404795456678, 0.00017612800002098083, 0.0002509805781301111, 0.00015753903426229954, 0.0002668033994268626, 0.0003635580069385469, 0.00017069060413632542, 0.0001975489140022546, 0.00020113366190344095, 0.0002409179724054411, 0.0002651330141816288, 0.0003344164288137108, 0.0001657469547353685, 0.00019814385450445116, 0.00027562089962884784, 0.00033794521004892886, 0.00026731943944469094, 0.00026445192634128034, 0.00024703776580281556, 0.00011189811630174518, 0.00016724616580177099, 0.00022940727649256587, 0.0004517221823334694, 0.00019895483274012804, 0.00010793688124977052, 0.00018593805725686252, 0.0003080671594943851, 0.00017078538076020777, 0.0002081583224935457, 0.00024673633743077517, 0.00023396503820549697, 0.00026805410743691027, 0.0003114542632829398, 0.0002382603706791997, 0.00019171679741702974, 0.00023547961609438062, 0.00020454454352147877, 0.00021134653070475906, 0.00016033847350627184, 0.00019047663954552263]}