{"CustomMetrics_Small_rectangles": [0.012859787791967392, 0.012251709587872028, 0.014105861075222492, 0.014110376127064228, 0.013966738246381283, 0.01368761621415615, 0.01389562338590622, 0.012658084742724895, 0.013618557713925838, 0.012587681412696838, 0.013075122609734535, 0.012019178830087185, 0.011833200231194496, 0.012308409437537193, 0.012450343929231167, 0.012953338213264942, 0.010928231291472912, 0.011206468567252159, 0.011286322958767414, 0.01147699635475874, 0.011584160849452019, 0.01174982637166977, 0.01190345548093319, 0.010772173292934895, 0.012291940860450268, 0.012068870477378368, 0.012502044439315796, 0.012031703256070614, 0.012385371141135693, 0.014198445715010166, 0.01144834142178297, 0.012795100919902325, 0.011892769485712051, 0.014453668147325516, 0.010468760505318642, 0.012257900089025497, 0.013009650632739067, 0.011043541133403778, 0.010952670127153397, 0.011386356316506863, 0.009358023293316364, 0.011794885620474815, 0.01145356334745884, 0.01238893810659647, 0.011478058062493801, 0.010529081337153912, 0.01137230172753334, 0.012877975590527058, 0.010265344753861427, 0.009977596811950207, 0.00849475059658289, 0.010809519328176975, 0.008877985179424286, 0.007970021106302738, 0.009579786099493504, 0.008834823034703732, 0.008324182592332363, 0.008049464784562588, 0.009965997189283371, 0.00885417778044939, 0.008180086500942707, 0.007699458859860897, 0.008381686173379421, 0.008706876076757908, 0.009226877242326736, 0.007237317506223917, 0.006561421789228916, 0.007609434891492128, 0.008034572005271912, 0.00622293958440423, 0.008152144961059093, 0.007053831592202187, 0.009122123010456562, 0.009583787992596626, 0.009007762186229229, 0.00879677850753069, 0.008426684886217117, 0.009561220183968544, 0.008794944733381271, 0.009159136563539505, 0.010324000380933285], "CustomMetrics_Mid_rectangles": [0.011414510197937489, 0.010859706439077854, 0.01196956355124712, 0.01209450513124466, 0.011978991329669952, 0.011465015821158886, 0.012124239467084408, 0.011022796854376793, 0.011708150617778301, 0.01075686514377594, 0.011266854591667652, 0.010465795174241066, 0.0101277781650424, 0.010349826887249947, 0.010867400094866753, 0.01116439513862133, 0.009565183892846107, 0.009522746317088604, 0.009575163014233112, 0.009480026550590992, 0.010279390960931778, 0.010411226190626621, 0.010250701569020748, 0.00954698957502842, 0.010383454151451588, 0.010881937108933926, 0.010118776001036167, 0.010443762876093388, 0.010184668935835361, 0.011159067042171955, 0.009199483320116997, 0.010096577927470207, 0.009049984626471996, 0.010547688230872154, 0.00890942569822073, 0.010453976690769196, 0.010731571353971958, 0.00961106177419424, 0.009799365885555744, 0.009387792088091373, 0.008215838111937046, 0.010178900323808193, 0.009854870848357677, 0.01058106403797865, 0.009521345607936382, 0.008465698920190334, 0.0094678970053792, 0.010626050643622875, 0.008477400057017803, 0.007816052995622158, 0.007918194867670536, 0.00901640485972166, 0.0077487691305577755, 0.007174626924097538, 0.008168736472725868, 0.007401394657790661, 0.007224077824503183, 0.007001591846346855, 0.007907329127192497, 0.007663820870220661, 0.0070411814376711845, 0.006743579171597958, 0.007108122576028109, 0.007653877604752779, 0.007939419709146023, 0.007494673132896423, 0.006568479351699352, 0.0076131802052259445, 0.007435207720845938, 0.00597425177693367, 0.007536731660366058, 0.006824142765253782, 0.008228682912886143, 0.008237789385020733, 0.007978685200214386, 0.007627660408616066, 0.007339868228882551, 0.0082941222935915, 0.00776620814576745, 0.007446384988725185, 0.008385558612644672], "CustomMetrics_Huge_rectangles": [0.0022061187773942947, 0.0016918123001232743, 0.0018775664502754807, 0.0015281059313565493, 0.0016971545992419124, 0.0016006623627617955, 0.0021085769403725863, 0.001538243144750595, 0.0016794984694570303, 0.001414421945810318, 0.0016906347591429949, 0.001373576931655407, 0.0013042911887168884, 0.0013442166382446885, 0.0013888833345845342, 0.0016099635977298021, 0.0012713288888335228, 0.0012211872963234782, 0.0012969302479177713, 0.0012805686565116048, 0.0011497806990519166, 0.0011880772653967142, 0.0016254838556051254, 0.0010980925289914012, 0.0013502096990123391, 0.0012970635434612632, 0.0014849661383777857, 0.0014720261096954346, 0.0016267264727503061, 0.0018594121793285012, 0.0012941849417984486, 0.0015926649793982506, 0.0013120375806465745, 0.0019122142111882567, 0.0012578024761751294, 0.0015084127662703395, 0.0016215338837355375, 0.001074008527211845, 0.0010515026515349746, 0.0011873770272359252, 0.0009535979479551315, 0.001301978132687509, 0.0010995148913934827, 0.001085459953173995, 0.0010484869126230478, 0.0009578608442097902, 0.0012531009269878268, 0.0011653800029307604, 0.0007721558795310557, 0.0009908184874802828, 0.0008237477741204202, 0.0009202974615618587, 0.0007909337291494012, 0.0007013556896708906, 0.0008721729973331094, 0.0009516652207821608, 0.0008201241143979132, 0.0007197184022516012, 0.0010865302756428719, 0.0008150376379489899, 0.0007402063347399235, 0.0005882096593268216, 0.001067468081600964, 0.000985875609330833, 0.001157455611974001, 0.0007053227163851261, 0.0006617712788283825, 0.0008161691948771477, 0.0007088168640621006, 0.0006440214929170907, 0.0009190531563945115, 0.0006338773528113961, 0.0011264275526627898, 0.0010321671143174171, 0.0009819240076467395, 0.0007953830645419657, 0.0007760300068184733, 0.0009502083994448185, 0.0007448983378708363, 0.0009589100955054164, 0.0010858570458367467]}