{"CustomMetrics_Small_rectangles": [0.010715843178331852, 0.011726686730980873, 0.007835457101464272, 0.008380617015063763, 0.011722061783075333, 0.012019489891827106, 0.012245121411979198, 0.010877575725317001, 0.01175893098115921, 0.012911971658468246, 0.01030978374183178, 0.00825564470142126, 0.0094735287129879, 0.008887681178748608, 0.007707449607551098, 0.009599645622074604, 0.005896361544728279, 0.0072462307289242744, 0.0055654034949839115, 0.011907918378710747, 0.007421729154884815, 0.00596112385392189, 0.006099722348153591, 0.004152050707489252, 0.005498779471963644, 0.004474632441997528, 0.004993808455765247, 0.004579751752316952, 0.005202862434089184, 0.005570946726948023, 0.0050116246566176414, 0.004233560059219599, 0.004237018059939146, 0.004245896358042955, 0.004243781790137291, 0.004914123564958572, 0.004268913064152002, 0.004535364452749491, 0.004011133685708046, 0.004961153492331505, 0.004750597756356001, 0.0035942287649959326, 0.005714620463550091, 0.004392390605062246, 0.0041413321159780025, 0.004144012462347746, 0.0036234715953469276, 0.0038685654290020466, 0.0037317259702831507, 0.0032523891422897577, 0.003674289444461465, 0.004501331597566605, 0.003671877784654498, 0.0047482335940003395, 0.003323211334645748, 0.004573185928165913, 0.003622928401455283, 0.0031767208129167557, 0.0037073688581585884, 0.003867235267534852, 0.00332670658826828, 0.0032012343872338533, 0.004974368494004011, 0.0031752942595630884, 0.0031522070057690144, 0.003404170274734497, 0.00300645106472075, 0.0030100750736892223, 0.0028956285677850246, 0.0029307743534445763, 0.002782227471470833, 0.002815419575199485, 0.0027914918027818203, 0.002648116322234273, 0.0025378125719726086, 0.002297065919265151, 0.002710561500862241, 0.00271822651848197, 0.002441306598484516, 0.003921493887901306, 0.0025932842399924994, 0.002486887853592634, 0.0025318351108580828, 0.002625927561894059, 0.0030613017734140158, 0.002895266516134143, 0.0027001912239938974, 0.002248011063784361, 0.00269194133579731, 0.0025478180032223463, 0.002981587080284953, 0.0023367307148873806, 0.002759095747023821, 0.002801078138872981], "CustomMetrics_Mid_rectangles": [0.0070740096271038055, 0.009476406499743462, 0.007313685491681099, 0.006769677624106407, 0.006688832305371761, 0.0065580932423472404, 0.006771059241145849, 0.006124731153249741, 0.007283788174390793, 0.006739824078977108, 0.00514024356380105, 0.004671577364206314, 0.004466531332582235, 0.004360181745141745, 0.0037964736111462116, 0.005355665925890207, 0.0034431135281920433, 0.0036741492804139853, 0.0032973012421280146, 0.011104668490588665, 0.004313892684876919, 0.0033027592580765486, 0.003334031905978918, 0.0029316407162696123, 0.002951971720904112, 0.0026354349683970213, 0.0030308810528367758, 0.002650568261742592, 0.003694613464176655, 0.0034256959334015846, 0.0028902057092636824, 0.002791861305013299, 0.0025512382853776217, 0.002645814558491111, 0.002381704980507493, 0.003118702443316579, 0.0025053133722394705, 0.002613499527797103, 0.0022428797092288733, 0.0024780307430773973, 0.002383823273703456, 0.001888720435090363, 0.0029509752057492733, 0.002689326647669077, 0.002366694388911128, 0.0022100124042481184, 0.002040319377556443, 0.0023176148533821106, 0.0021090947557240725, 0.0019643506966531277, 0.0018637763569131494, 0.0024332718458026648, 0.0021046793553978205, 0.0036185721401125193, 0.002007546601817012, 0.0027168067172169685, 0.001945292460732162, 0.0018618250032886863, 0.002208384219557047, 0.0024002105928957462, 0.001918652793392539, 0.0018027150072157383, 0.002821804489940405, 0.0019302197033539414, 0.0017085764557123184, 0.0019564966205507517, 0.0018267369596287608, 0.001552255591377616, 0.0017169093480333686, 0.0015725039411336184, 0.0015541438478976488, 0.0019145120168104768, 0.001850428176112473, 0.0016531890723854303, 0.0015238684136420488, 0.0014302708441391587, 0.0015022134175524116, 0.0016672380734235048, 0.0014730782713741064, 0.0025644400157034397, 0.001563157420605421, 0.001551247201859951, 0.0015538129955530167, 0.0015610833652317524, 0.0020003411918878555, 0.0019174963235855103, 0.0015985399950295687, 0.0013908421387895942, 0.0017968270694836974, 0.0016238532261922956, 0.0018502601888030767, 0.001737880171276629, 0.001700832974165678, 0.0019121309742331505], "CustomMetrics_Huge_rectangles": [0.004062258172780275, 0.00277341459877789, 0.003419881919398904, 0.002452133223414421, 0.0017772583523765206, 0.0013404091587290168, 0.001062156748957932, 0.0008500728872604668, 0.0025209207087755203, 0.002208876423537731, 0.001672681188210845, 0.0009308020235039294, 0.0028328809421509504, 0.0013816477730870247, 0.0004136906354688108, 0.0024604937061667442, 0.0005593400564976037, 0.0004598140949383378, 0.00029274122789502144, 0.011462591588497162, 0.0003181119682267308, 0.00041076113120652735, 0.00044923325185664, 0.0005717364838346839, 0.0005952837527729571, 0.0003489958180580288, 0.0008612501551397145, 0.0004653647483792156, 0.0006428021588362753, 0.0010961174266412854, 0.00037273377529345453, 0.0002955067902803421, 0.0003843464655801654, 0.0008670796523801982, 0.0001811363617889583, 0.0006536793662235141, 0.001087981858290732, 0.00028196099447086453, 0.0002499811816960573, 0.0001969611766980961, 0.00029760264442302287, 0.0001702516747172922, 0.0010103490203619003, 0.00028517786995507777, 0.00023888054420240223, 0.00021960698359180242, 0.00014895264757797122, 0.000316889287205413, 0.00022378141875378788, 0.00022187801369000226, 0.00017033702170010656, 0.0002873172052204609, 0.0003408147895243019, 0.001146630384027958, 0.00023447582498192787, 0.00037974523729644716, 0.00015654270828235894, 0.0002251869154861197, 0.00011895556235685945, 0.0005634010303765535, 0.0002487177262082696, 0.00020248016517143697, 0.0003508719673845917, 0.000264414818957448, 0.00020485954883042723, 0.00039440341060981154, 0.0002493068459443748, 0.00019751593936234713, 0.00016060478810686618, 0.0003562907222658396, 0.0002715331211220473, 0.00038222467992454767, 0.0002990427892655134, 0.0001344476913800463, 0.0001849042164394632, 0.00020143610890954733, 0.0002745725796557963, 0.0001685492170508951, 0.00017649900109972805, 0.0013274705270305276, 0.00021011510398238897, 0.0002934854419436306, 0.0002359954232815653, 0.00020163743465673178, 0.0002312784199602902, 0.00029908944270573556, 0.00015197755419649184, 0.00023387237160932273, 0.00016679377586115152, 0.00022902616183273494, 0.00023737507581245154, 0.00044216960668563843, 0.00021135907445568591, 0.00020331917039584368]}