{"CustomMetrics_Small_rectangles": [0.01569424755871296, 0.01033022627234459, 0.009578442201018333, 0.009265360422432423, 0.009029443375766277, 0.008457726798951626, 0.008412610739469528, 0.008525336161255836, 0.007162071298807859, 0.0061071282252669334, 0.006022372283041477, 0.0059391506947577, 0.006591041572391987, 0.00498515460640192, 0.0053016808815300465, 0.004625821951776743, 0.005326964892446995, 0.00462303077802062, 0.003818131284788251, 0.003539767349138856, 0.0037364778108894825, 0.0035136861260980368, 0.003116929205134511, 0.002746620448306203, 0.0027954396791756153, 0.002663359744474292, 0.0029358849860727787, 0.0021769239101558924, 0.0025145711842924356, 0.002171110361814499, 0.002141506876796484, 0.0018882774747908115, 0.0021284057293087244, 0.0022974831517785788, 0.0020073149353265762, 0.0020238501019775867, 0.0020053728949278593, 0.0020172768272459507, 0.0019952403381466866, 0.0019769612699747086, 0.0019734716042876244, 0.002547754906117916, 0.0016889190301299095, 0.0021163993515074253, 0.0019266767194494605, 0.0017337328754365444, 0.0013972979504615068, 0.0016092864098027349, 0.0015720296651124954, 0.0015153394779190421, 0.0014288488309830427, 0.0016105476533994079, 0.0017477312358096242, 0.0014370292192324996, 0.0013962375232949853, 0.0013467916287481785, 0.0015260848449543118, 0.0012220873031765223, 0.001068789279088378, 0.0012571256374940276, 0.0014605086762458086, 0.0014619312714785337, 0.001387020223774016, 0.0016308572376146913, 0.0014322763308882713, 0.001612732419744134, 0.0014040193054825068, 0.001209980109706521, 0.0019031312549486756, 0.001539643737487495, 0.0011889757588505745, 0.001279527205042541, 0.001473119598813355, 0.0012532476102933288, 0.0015543041517958045, 0.001488958136178553, 0.0013606103602796793, 0.0012955068377777934, 0.0010401852196082473, 0.0016171225579455495, 0.0011295886943116784, 0.001460891799069941, 0.0012376359663903713, 0.0012236820766702294, 0.0016297795809805393, 0.001222484977915883, 0.0012995925499126315, 0.0012693842872977257, 0.0022444671485573053, 0.0013202985282987356, 0.001149723189882934, 0.001212594797834754, 0.0008770283311605453, 0.001468571717850864, 0.0013342699967324734, 0.0013098444323986769, 0.0024326536804437637, 0.002253913786262274, 0.0018491694936528802], "CustomMetrics_Mid_rectangles": [0.014607327990233898, 0.010507806204259396, 0.009454435668885708, 0.00900017935782671, 0.008709445595741272, 0.0078657241538167, 0.0077107069082558155, 0.007112538907676935, 0.006186508107930422, 0.005175339989364147, 0.005060933530330658, 0.0049399202689528465, 0.005192480981349945, 0.004166153725236654, 0.004386277869343758, 0.003908433485776186, 0.004372407682240009, 0.003725029295310378, 0.002991681220009923, 0.0027610380202531815, 0.0028343121521174908, 0.0027207904495298862, 0.002263963222503662, 0.00191012816503644, 0.0020666117779910564, 0.0019466624362394214, 0.002000400796532631, 0.0015073050744831562, 0.001971225952729583, 0.0015192626742646098, 0.0015750054735690355, 0.0013408531667664647, 0.00147223228123039, 0.0015091332606971264, 0.001362816197797656, 0.0014485332649201155, 0.0013452753191813827, 0.0014679913874715567, 0.0013611908070743084, 0.0014423225075006485, 0.0014681811444461346, 0.001839698408730328, 0.0012041776208207011, 0.0015902797458693385, 0.00125835370272398, 0.0012119298335164785, 0.0008869894663803279, 0.0010868480894714594, 0.000999542186036706, 0.0009881750447675586, 0.00097977789118886, 0.0010456698946654797, 0.0010391424875706434, 0.0009921046439558268, 0.0009574446594342589, 0.0008182619931176305, 0.0010393273551017046, 0.0008272618288174272, 0.001018008915707469, 0.0009324339916929603, 0.0009626353275962174, 0.0008478421368636191, 0.0009284577681683004, 0.0010791340610012412, 0.0008536945679225028, 0.001150266150943935, 0.0009603064390830696, 0.0007969214348122478, 0.0013862693449482322, 0.0010292301885783672, 0.0007937425980344415, 0.0008234903798438609, 0.0008189744548872113, 0.0007706887554377317, 0.0011855463963001966, 0.0009876391850411892, 0.0008488929597660899, 0.0007351832464337349, 0.000636907119769603, 0.0011328713735565543, 0.0006291753379628062, 0.0010327245108783245, 0.00098384206648916, 0.0008369082352146506, 0.0009749013697728515, 0.0007458527106791735, 0.0008717655437067151, 0.0008523315191268921, 0.0015240857610478997, 0.0008382350788451731, 0.0007431039121001959, 0.0007835297146812081, 0.0005916572408750653, 0.0010670312913134694, 0.0007956456393003464, 0.0008487079758197069, 0.001354494597762823, 0.0018101359019055963, 0.000977985211648047], "CustomMetrics_Huge_rectangles": [0.003635794622823596, 0.001315623172558844, 0.0009257699130102992, 0.0008599816937930882, 0.0007810387178324163, 0.0008812546730041504, 0.0008326779934577644, 0.0008507732418365777, 0.0008438911754637957, 0.0005287210224196315, 0.0005605900078080595, 0.0008660965831950307, 0.000657142954878509, 0.0005045259022153914, 0.000572834222111851, 0.0006318551022559404, 0.0008133361698128283, 0.0004903969820588827, 0.00043166184332221746, 0.00044749892549589276, 0.0006134119466878474, 0.0005952718202024698, 0.0006316721555776894, 0.0005012831534259021, 0.0005492455675266683, 0.000650722358841449, 0.0005188617506064475, 0.00045738261542283, 0.0005733731668442488, 0.0005350637366063893, 0.0005331638385541737, 0.0003893020621035248, 0.00043778170947916806, 0.0005585016333498061, 0.0008326422539539635, 0.00040317318052984774, 0.00042785939876921475, 0.0003980498295277357, 0.0005980943096801639, 0.0005686685326509178, 0.00042768436833284795, 0.0006648416165262461, 0.0004918540944345295, 0.00044148266897536814, 0.0004669048357754946, 0.0003909691295120865, 0.000536966894287616, 0.0005344306700862944, 0.00047019918565638363, 0.0008003014954738319, 0.0004914882592856884, 0.000783235882408917, 0.0005998932756483555, 0.0005160041037015617, 0.0005735009908676147, 0.00045837750076316297, 0.0005514943622983992, 0.0005906312144361436, 0.0004132104804739356, 0.0003908432845491916, 0.0004931737785227597, 0.000523325230460614, 0.0005277658929117024, 0.0004612285702023655, 0.0005045735160820186, 0.0004627862072084099, 0.0005187037168070674, 0.0004782091418746859, 0.0006525297067128122, 0.0007352367974817753, 0.0005397279164753854, 0.0005810271832160652, 0.0007319197175092995, 0.0005192150711081922, 0.0004533946921583265, 0.0005831654416397214, 0.0005748281837441027, 0.0006197782349772751, 0.0005676207947544754, 0.000517136009875685, 0.0004328993090894073, 0.0004837457090616226, 0.00043065493809990585, 0.0004901645588688552, 0.0005480704130604863, 0.0006032880046404898, 0.00038538340595550835, 0.00043095232103951275, 0.0007245306042023003, 0.0004552207828965038, 0.0003907752688974142, 0.0004857625754084438, 0.0003825571038760245, 0.0004266471660230309, 0.0005981085705570877, 0.0002796627231873572, 0.0005416150088422, 0.0004852615238633007, 0.000657514960039407]}