{"CustomMetrics_Small_rectangles": [0.013353492133319378, 0.01182058546692133, 0.011237974278628826, 0.010830204002559185, 0.010320919565856457, 0.011552010662853718, 0.011290463618934155, 0.011788837611675262, 0.011379347182810307, 0.011273820884525776, 0.012862897478044033, 0.011135697364807129, 0.011658214963972569, 0.0116563206538558, 0.011314773932099342, 0.012106134556233883, 0.011061820201575756, 0.01026182435452938, 0.011095884256064892, 0.010578460991382599, 0.010432226583361626, 0.009976567700505257, 0.009626510553061962, 0.009575974196195602, 0.009941242635250092, 0.009045067243278027, 0.009949267841875553, 0.008810310624539852, 0.008888835087418556, 0.008976610377430916, 0.009782061912119389, 0.010033422149717808, 0.008250712417066097, 0.01010239589959383, 0.009740011766552925, 0.009306597523391247, 0.009909898042678833, 0.009029565379023552, 0.009163876995444298, 0.008703630417585373, 0.008931332267820835, 0.012543519958853722, 0.010859256610274315, 0.009246984496712685, 0.009772615507245064, 0.010080278851091862, 0.010884632356464863, 0.009342268109321594, 0.009472901932895184, 0.009264588356018066, 0.008912627585232258, 0.009142061695456505, 0.0087917884811759, 0.008774037472903728, 0.008933634497225285, 0.009806846268475056, 0.008991410955786705, 0.008256057277321815, 0.00866368692368269, 0.008164597675204277, 0.007935219444334507, 0.010548710823059082, 0.008969208225607872, 0.01331271044909954, 0.013477839529514313, 0.013531706295907497, 0.0135280080139637, 0.01356982346624136, 0.013470728881657124, 0.013736134395003319, 0.013648548163473606, 0.013579011894762516, 0.013493893668055534, 0.01360668521374464, 0.013622432947158813, 0.013556188903748989, 0.013613397255539894], "CustomMetrics_Mid_rectangles": [0.012403946369886398, 0.011102860793471336, 0.010622173547744751, 0.010257840156555176, 0.009998480789363384, 0.010612460784614086, 0.010423981584608555, 0.01091061532497406, 0.010466564446687698, 0.010480412282049656, 0.011236010119318962, 0.010336306877434254, 0.010611062869429588, 0.01078040711581707, 0.010159915313124657, 0.010726126842200756, 0.01034274697303772, 0.009407113306224346, 0.010080195963382721, 0.00991925597190857, 0.009774108417332172, 0.009174469858407974, 0.009279291145503521, 0.009021821431815624, 0.00968258362263441, 0.009161102585494518, 0.009280147962272167, 0.008733769878745079, 0.00831226259469986, 0.008496694266796112, 0.009115803986787796, 0.00957471877336502, 0.008057431317865849, 0.009275371208786964, 0.009129767306149006, 0.008639638312160969, 0.008970526047050953, 0.008695444092154503, 0.008450201712548733, 0.008309401571750641, 0.00824935082346201, 0.010677238926291466, 0.010044087655842304, 0.008919165469706059, 0.009319668635725975, 0.009180357679724693, 0.00973325315862894, 0.00886012613773346, 0.008772464469075203, 0.008596942760050297, 0.008180766366422176, 0.008600426837801933, 0.008630529046058655, 0.008177943527698517, 0.008318152278661728, 0.00879804790019989, 0.008534558117389679, 0.0080227917060256, 0.008347231894731522, 0.0078071970492601395, 0.007672739680856466, 0.009464070200920105, 0.00827105063945055, 0.013542174361646175, 0.013613334856927395, 0.01364075392484665, 0.013638823293149471, 0.013661055825650692, 0.013609841465950012, 0.013756451196968555, 0.013704967685043812, 0.013666048645973206, 0.01362133864313364, 0.013681306503713131, 0.013690128922462463, 0.013653713278472424, 0.013685055077075958], "CustomMetrics_Huge_rectangles": [0.0020659409929066896, 0.0016071904683485627, 0.0015248294221237302, 0.0013322096783667803, 0.0013675206573680043, 0.0016059738118201494, 0.0017515650251880288, 0.001753482036292553, 0.0013053857255727053, 0.0016052077990025282, 0.0019479471957311034, 0.0014818377094343305, 0.001741739921271801, 0.0017068180022761226, 0.0013913383008912206, 0.0015306153800338507, 0.0014336081221699715, 0.0012456647818908095, 0.001514744246378541, 0.001406898139975965, 0.0013398490846157074, 0.0011735283769667149, 0.001174895791336894, 0.0010341131128370762, 0.0014250475214794278, 0.0012303690891712904, 0.0011941774282604456, 0.0009448717464692891, 0.0007993595791049302, 0.0008493837085552514, 0.0010939211351796985, 0.0012602359056472778, 0.0008357965270988643, 0.0012394565856084228, 0.0011245161294937134, 0.0009112891275435686, 0.0011490203905850649, 0.0008947191527113318, 0.0010242235148325562, 0.000793153012637049, 0.0007856275187805295, 0.0016764216125011444, 0.0015099872834980488, 0.0010179426753893495, 0.0009496362763457, 0.0010167601285502315, 0.001318647526204586, 0.0009276072960346937, 0.000783284951467067, 0.0009175236336886883, 0.0008829053840599954, 0.0008390835137106478, 0.0007828863454051316, 0.0006657945923507214, 0.0007083411910571158, 0.0012222040677443147, 0.0007070368155837059, 0.0006176580209285021, 0.0006339552928693593, 0.0006390456110239029, 0.0006561660557053983, 0.0009573161951266229, 0.0007191819022409618, 0.0029795721638947725, 0.0029494515620172024, 0.0029483630787581205, 0.002948334440588951, 0.0029494597110897303, 0.0029498524963855743, 0.0029684233013540506, 0.002955852774903178, 0.0029499318916350603, 0.00294877658598125, 0.002951808739453554, 0.002953166142106056, 0.002948903711512685, 0.002952362410724163]}