{"CustomMetrics_Small_rectangles": [0.029571320861577988, 0.009099425747990608, 0.009043418802320957, 0.010493867099285126, 0.009330414235591888, 0.008542885072529316, 0.007478723302483559, 0.006720439530909061, 0.006606058217585087, 0.007116480730473995, 0.005093907937407494, 0.005281987600028515, 0.007712526712566614, 0.005367951467633247, 0.005736952181905508, 0.005844001658260822, 0.005221885163336992, 0.005328699480742216, 0.004625463858246803, 0.007232689298689365, 0.004152070265263319, 0.005791677627712488, 0.005249298643320799, 0.004824732895940542, 0.0038699370343238115, 0.004031990189105272, 0.0043198112398386, 0.0032178503461182117, 0.003910989034920931, 0.006769318599253893, 0.004436161834746599, 0.003949168603867292, 0.004720251075923443, 0.005079416558146477, 0.003984187263995409, 0.005094898398965597, 0.0034470593091100454, 0.004112012218683958, 0.003703600959852338, 0.005461100954562426, 0.00397942028939724, 0.003861962351948023, 0.0035068453289568424, 0.0037673949263989925, 0.003709220327436924, 0.003681737696751952, 0.0033804206177592278, 0.0037312565837055445, 0.0029296588618308306, 0.0038968122098594904, 0.0035069419536739588, 0.0035410199780017138, 0.0034988343250006437, 0.0038793026469647884, 0.0031285590957850218, 0.0033824641723185778, 0.0030450208578258753, 0.003001767210662365, 0.0034737898968160152, 0.0036639904137700796, 0.003224711399525404, 0.002523263683542609, 0.0029819784685969353, 0.0033046952448785305, 0.0036470366176217794, 0.0026667749043554068, 0.002896502148360014, 0.003298490773886442, 0.0026126427110284567, 0.00252836337313056, 0.002491283928975463, 0.0021250294521450996, 0.00328177772462368, 0.0021939866710454226, 0.0024020427372306585, 0.002855042926967144, 0.0026895268820226192, 0.002425038255751133, 0.0023463217075914145, 0.0023484420962631702, 0.0027204395737499, 0.002614561002701521, 0.00260672764852643, 0.002471276093274355, 0.0026736340951174498, 0.0025142051745206118, 0.002450227038934827, 0.0025383448228240013, 0.0024350909516215324, 0.002820843132212758, 0.00216339947655797, 0.0023468879517167807, 0.0024422211572527885, 0.002456234535202384, 0.0020164577290415764, 0.002790353260934353, 0.0019804087933152914, 0.002139529911801219], "CustomMetrics_Mid_rectangles": [0.024659477174282074, 0.009049075655639172, 0.008282271213829517, 0.009285212494432926, 0.008363038301467896, 0.00785775762051344, 0.006705099251121283, 0.006383441388607025, 0.0056165424175560474, 0.005254445597529411, 0.004350398667156696, 0.003985010087490082, 0.0065518151968717575, 0.003623457159847021, 0.0039887032471597195, 0.003878141986206174, 0.0033287652768194675, 0.003424168797209859, 0.0032060949597507715, 0.004657361190766096, 0.003287119558081031, 0.004180074203759432, 0.0035555269569158554, 0.0032640518620610237, 0.0027271548751741648, 0.002832266967743635, 0.0029477407224476337, 0.0023831697180867195, 0.002994316630065441, 0.004177791532129049, 0.0035841837525367737, 0.0030416776426136494, 0.0035682651214301586, 0.0036393566988408566, 0.00331109412945807, 0.004167985171079636, 0.002558937994763255, 0.0030265450477600098, 0.003093419596552849, 0.003939144313335419, 0.0026437125634402037, 0.003024037228897214, 0.002841613721102476, 0.0029430559370666742, 0.00280492240563035, 0.0030021474231034517, 0.002747603226453066, 0.002782331546768546, 0.002314866753295064, 0.0026444976683706045, 0.0029411104042083025, 0.0028221854008734226, 0.0024582594633102417, 0.003094287356361747, 0.002463290933519602, 0.002517338376492262, 0.0025184624828398228, 0.0024571113754063845, 0.0027622198686003685, 0.0027669386472553015, 0.0025728531181812286, 0.0021310015581548214, 0.0022874651476740837, 0.0025485220830887556, 0.002769564976915717, 0.0022102517541497946, 0.0022245310246944427, 0.0028482964262366295, 0.0021843353752046824, 0.0022199267987161875, 0.001820416422560811, 0.0017371141584590077, 0.0023195280227810144, 0.0018971393583342433, 0.0021900201682001352, 0.0026406061369925737, 0.0023028263822197914, 0.0018647743854671717, 0.0019430210813879967, 0.0018018486443907022, 0.001892052823677659, 0.0021369298920035362, 0.001994648715481162, 0.0017797581385821104, 0.002263727830722928, 0.0017012228490784764, 0.0017611407674849033, 0.002034521894529462, 0.001782900420948863, 0.002220001071691513, 0.001703973626717925, 0.0015580106992274523, 0.0018270284635946155, 0.0018658426124602556, 0.0015582083724439144, 0.001995389349758625, 0.001688072457909584, 0.0014638222055509686], "CustomMetrics_Huge_rectangles": [0.006769407540559769, 0.0012735272757709026, 0.001333956839516759, 0.0020779110491275787, 0.001646525925025344, 0.0016082178335636854, 0.0013597881188616157, 0.0011373860761523247, 0.001108808210119605, 0.0011979558039456606, 0.0011025599669665098, 0.001798017299734056, 0.003711150726303458, 0.0010785643244162202, 0.0014032041653990746, 0.0015600273618474603, 0.0010513656307011843, 0.0009964760392904282, 0.0010320248547941446, 0.002013544552028179, 0.0009994804859161377, 0.0008452038746327162, 0.0009537643054500222, 0.0008178477874025702, 0.0007746964110992849, 0.0006357811507768929, 0.0008216448477469385, 0.0008358554332517087, 0.0008767377585172653, 0.0008943472057580948, 0.0005910943145863712, 0.0006417035474441946, 0.0005212095566093922, 0.000827727431897074, 0.0005500141414813697, 0.0005082784336991608, 0.0008277319720946252, 0.0010132231982424855, 0.0005272079142741859, 0.000537367130164057, 0.001041573123075068, 0.0005050206673331559, 0.0004567992000374943, 0.0006241736700758338, 0.0005202849861234426, 0.0005806896951980889, 0.0006141095072962344, 0.00034007395152002573, 0.0006715734489262104, 0.0012938379077240825, 0.0004571602330543101, 0.000496873224619776, 0.0005183976027183235, 0.0005494902725331485, 0.0004415296425577253, 0.0005882718251086771, 0.00033445589360781014, 0.000543933070730418, 0.0005059915711171925, 0.0006557178567163646, 0.0006508799851872027, 0.00034794717794284225, 0.0004723482416011393, 0.0003405636234674603, 0.00041510866140015423, 0.000478180474601686, 0.00042123254388570786, 0.0003608955012168735, 0.0004612600605469197, 0.00026826831162907183, 0.000587352376896888, 0.0004348251095507294, 0.0008265241049230099, 0.000398200994823128, 0.0002665288047865033, 0.0003593447618186474, 0.00038233271334320307, 0.00034882695763371885, 0.00036628360976465046, 0.00048421515384688973, 0.00040260073728859425, 0.0004310907970648259, 0.0003955054853577167, 0.0004473740409594029, 0.0002799974172376096, 0.00045394868357107043, 0.0004591938923113048, 0.00045714908628724515, 0.0003985478251706809, 0.0005058774841018021, 0.0004267976910341531, 0.00034385602339170873, 0.00030583105399273336, 0.00022783890017308295, 0.0005743594956584275, 0.00045015368959866464, 0.00021306790586095303, 0.000330069538904354]}