{"CustomMetrics_Small_rectangles": [0.07634448260068893, 0.041355229914188385, 0.020391365513205528, 0.01659228466451168, 0.01799798384308815, 0.01255688164383173, 0.011859862133860588, 0.012288318015635014, 0.012565427459776402, 0.010914187878370285, 0.032110728323459625, 0.1398622691631317, 0.011777008883655071, 0.011059435084462166, 0.011370200663805008, 0.01129321288317442, 0.010714845731854439, 0.010610884055495262, 0.011010680347681046, 0.010542470030486584, 0.009759527631103992, 0.009515835903584957, 0.010288415476679802, 0.010134843178093433, 0.00993000902235508, 0.009604182094335556, 0.010506297461688519, 0.009805058129131794, 0.009972239844501019, 0.00986394565552473, 0.010344846174120903, 0.010643305256962776, 0.01017827820032835, 0.010719012469053268, 0.010485789738595486, 0.010169344954192638, 0.009647996164858341, 0.011422180570662022, 0.009879304096102715, 0.00990669522434473, 0.009922083467245102, 0.009766723029315472, 0.010145456530153751, 0.009963899850845337, 0.009864338673651218, 0.010098597034811974, 0.009684460237622261, 0.00953277014195919, 0.009286968968808651, 0.009191966615617275, 0.01046417374163866, 0.009074438363313675, 0.009425176307559013, 0.00990719348192215, 0.009772379882633686, 0.009502424858510494, 0.011053385213017464, 0.01002268772572279, 0.009215234778821468, 0.009760747663676739, 0.009947649203240871, 0.008562801405787468, 0.01005539856851101, 0.009834583848714828, 0.011162013746798038, 0.009342273697257042, 0.010348889976739883, 0.012355433776974678, 0.010327042080461979, 0.00965695921331644, 0.009480706416070461, 0.008641161024570465, 0.010025201365351677, 0.010163662023842335, 0.009635663591325283, 0.00909504760056734, 0.008591299876570702, 0.010613320395350456, 0.009755508042871952, 0.009707693941891193, 0.0095400745049119, 0.009578948840498924], "CustomMetrics_Mid_rectangles": [0.057828597724437714, 0.032880060374736786, 0.019891273230314255, 0.013375717215240002, 0.014364412985742092, 0.010820585303008556, 0.010269973427057266, 0.010572119615972042, 0.010726790875196457, 0.010076507925987244, 0.02528204768896103, 0.11641119420528412, 0.011218559928238392, 0.010059752501547337, 0.010559622198343277, 0.010601792484521866, 0.010297189466655254, 0.010039019398391247, 0.010509914718568325, 0.010207663290202618, 0.009769164025783539, 0.009667949751019478, 0.01012583076953888, 0.00989579688757658, 0.0095434058457613, 0.00932779349386692, 0.009830723516643047, 0.009226571768522263, 0.009740347974002361, 0.009565029293298721, 0.009769026190042496, 0.010094137862324715, 0.009807020425796509, 0.01055582519620657, 0.010524973273277283, 0.009884334169328213, 0.009448333643376827, 0.010917398147284985, 0.009721021167933941, 0.009800256229937077, 0.009445130825042725, 0.00956436712294817, 0.010029972530901432, 0.00962109211832285, 0.009619300253689289, 0.00988982617855072, 0.009509033523499966, 0.00928596593439579, 0.009224827401340008, 0.008852881379425526, 0.010276706889271736, 0.008971823379397392, 0.009320881217718124, 0.009632494300603867, 0.009269553236663342, 0.009580482728779316, 0.01097845658659935, 0.00956729706376791, 0.009147570468485355, 0.009993001818656921, 0.010046831332147121, 0.008717990480363369, 0.009678119793534279, 0.009555738419294357, 0.010434530675411224, 0.008815396577119827, 0.010113980621099472, 0.012495290488004684, 0.010103153996169567, 0.00929273571819067, 0.009040841832756996, 0.008589014410972595, 0.00983527209609747, 0.010051771067082882, 0.008926400914788246, 0.008820406161248684, 0.008524213917553425, 0.01002804096788168, 0.009565039537847042, 0.009137374348938465, 0.008915185928344727, 0.009497324004769325], "CustomMetrics_Huge_rectangles": [0.022974811494350433, 0.01035731565207243, 0.012129931710660458, 0.0030206935480237007, 0.0038944105617702007, 0.002146994462236762, 0.001887992024421692, 0.00192589545622468, 0.0020591618958860636, 0.0020042909309267998, 0.011558915488421917, 0.06958261132240295, 0.0015121944015845656, 0.001387799042277038, 0.0013300426071509719, 0.0011361755896359682, 0.0009727978031150997, 0.0010846731020137668, 0.0011965747689828277, 0.0010571093298494816, 0.0009610082488507032, 0.0008999731508083642, 0.0010912814177572727, 0.0010485716629773378, 0.000921853759791702, 0.0009356509544886649, 0.0010826796060428023, 0.0010021342895925045, 0.0010619079694151878, 0.0009696981869637966, 0.0010951579315587878, 0.0011966702295467257, 0.0009824457811191678, 0.001259984914213419, 0.0010659709805622697, 0.001127868890762329, 0.0009519503801129758, 0.0013895122101530433, 0.0011092941276729107, 0.0012647138210013509, 0.0010147724533453584, 0.0011010576272383332, 0.0011510695330798626, 0.0008994925883598626, 0.0012067373609170318, 0.0010135191259905696, 0.0011523206485435367, 0.0009719255031086504, 0.0009192745783366263, 0.0008989875204861164, 0.0016406603390350938, 0.0008327174000442028, 0.0009472749661654234, 0.0009129174868576229, 0.0011611859081313014, 0.0008862818358466029, 0.0016966209514066577, 0.0009659689385443926, 0.0008926625014282763, 0.0012279152870178223, 0.0012468164786696434, 0.0009378866525366902, 0.0010249000042676926, 0.0010630342876538634, 0.0016483747167512774, 0.0011930058244615793, 0.001291589462198317, 0.0019594880286604166, 0.0012346034636721015, 0.00107623974326998, 0.000993954367004335, 0.000927927263546735, 0.0012877244735136628, 0.0011628838256001472, 0.0011020227102562785, 0.0008115149685181677, 0.0008857852080836892, 0.0012813936918973923, 0.0010479077463969588, 0.0008882147958502173, 0.000961812911555171, 0.0012588902609422803]}