{"CustomMetrics_Small_rectangles": [0.16180777549743652, 0.06385333836078644, 0.09687699377536774, 0.12286300957202911, 0.0607774518430233, 0.03295440226793289, 0.021885666996240616, 0.021879879757761955, 0.016814060509204865, 0.016652299091219902, 0.01505991630256176, 0.013011096976697445, 0.013745643198490143, 0.011337448842823505, 0.011656753718852997, 0.011384935118258, 0.010426281951367855, 0.010133817791938782, 0.011018850840628147, 0.01067186240106821, 0.009292734786868095, 0.010452620685100555, 0.009350879117846489, 0.009608466178178787, 0.009574185125529766, 0.008897170424461365, 0.008762744255363941, 0.008844057098031044, 0.008479011245071888, 0.008813205175101757, 0.008758548647165298, 0.008088736794888973, 0.00814649648964405, 0.008989141322672367, 0.008649584837257862, 0.008157564327120781, 0.00801339466124773, 0.009075075387954712, 0.009261375293135643, 0.008321180008351803, 0.008016057312488556, 0.007480967324227095, 0.007793792989104986, 0.008770174346864223, 0.007833863608539104, 0.007438472006469965, 0.007811585441231728, 0.008592074736952782, 0.008824610151350498, 0.009002615697681904, 0.007940801791846752, 0.00825619138777256, 0.008631202392280102, 0.008629685267806053, 0.008374026045203209, 0.008113532327115536, 0.008220206014811993, 0.008177367970347404, 0.007432419806718826, 0.00801974255591631, 0.007679300382733345, 0.008400360122323036, 0.008786968886852264, 0.008273485116660595, 0.007924005389213562, 0.007944752462208271, 0.007911267690360546, 0.008411194197833538, 0.008129632100462914, 0.008461104705929756, 0.00847869087010622, 0.009277667850255966, 0.00850751530379057, 0.008475273847579956, 0.007996450178325176, 0.007618538103997707, 0.007931144908070564, 0.008848191238939762, 0.00952570978552103, 0.009477760642766953, 0.008788359351456165, 0.00865889247506857, 0.008995546028017998, 0.009960317052900791, 0.009510507807135582, 0.009500989690423012, 0.00925940740853548, 0.01013654563575983, 0.009127177298069, 0.008776014670729637, 0.009146824479103088, 0.009474169462919235, 0.009804637171328068, 0.01052899844944477, 0.010524362325668335, 0.009608720429241657, 0.009327785111963749, 0.010168205946683884, 0.010425848886370659, 0.009843073785305023, 0.008923296816647053, 0.008856616914272308, 0.008407913148403168, 0.008641107007861137, 0.00939235556870699, 0.011819458566606045, 0.011750143952667713, 0.010036024264991283, 0.008729017339646816, 0.00869833491742611, 0.009656388312578201], "CustomMetrics_Mid_rectangles": [0.08527489751577377, 0.04637536033987999, 0.0818406194448471, 0.08339270204305649, 0.03430221229791641, 0.022222131490707397, 0.017072468996047974, 0.012806126847863197, 0.01361442543566227, 0.012367519550025463, 0.0112723084166646, 0.009724517352879047, 0.010955912061035633, 0.009354622103273869, 0.009616730734705925, 0.009412631392478943, 0.009241921827197075, 0.008719532750546932, 0.008987764827907085, 0.008691457100212574, 0.008525426499545574, 0.008880851790308952, 0.007590562105178833, 0.007932915352284908, 0.008066265843808651, 0.007787901442497969, 0.007508202455937862, 0.007152432110160589, 0.007160800509154797, 0.0072302683256566525, 0.006887338124215603, 0.006657368503510952, 0.006760525517165661, 0.007252059876918793, 0.0065397825092077255, 0.006865554489195347, 0.0066000428050756454, 0.007294129114598036, 0.007266501896083355, 0.006469340063631535, 0.006269318982958794, 0.006095278542488813, 0.006064314860850573, 0.0066303350031375885, 0.006241003982722759, 0.00596444820985198, 0.006031353026628494, 0.006806752644479275, 0.006658276543021202, 0.006342050153762102, 0.006125430576503277, 0.006054420955479145, 0.006226650904864073, 0.006585344672203064, 0.006233379244804382, 0.0058982702903449535, 0.005914181470870972, 0.0062285615131258965, 0.005888029932975769, 0.006091131828725338, 0.005798126105219126, 0.00598547700792551, 0.006314399186521769, 0.006081756670027971, 0.005885796621441841, 0.005762649234384298, 0.005892388988286257, 0.00606567831709981, 0.0062077827751636505, 0.005788363981992006, 0.0059275575913488865, 0.006798342801630497, 0.005948184058070183, 0.005860722623765469, 0.005877967458218336, 0.005812360439449549, 0.006230740342289209, 0.00620194710791111, 0.006657070945948362, 0.006420703139156103, 0.0060845185071229935, 0.005689611192792654, 0.006129650864750147, 0.0063138362020254135, 0.006232373882085085, 0.006144116632640362, 0.006431763060390949, 0.006617592182010412, 0.0061138346791267395, 0.005854147020727396, 0.0061866892501711845, 0.006057852879166603, 0.0060358475893735886, 0.006436345167458057, 0.006357851438224316, 0.006317628547549248, 0.006388489622622728, 0.007056402508169413, 0.0067950086668133736, 0.006420719902962446, 0.006214478984475136, 0.006233310792595148, 0.00648154690861702, 0.006934096571058035, 0.006700549274682999, 0.007241195533424616, 0.007434763014316559, 0.00640546390786767, 0.006787297315895557, 0.006253567989915609, 0.006429081782698631], "CustomMetrics_Huge_rectangles": [0.07327274978160858, 0.06340610235929489, 0.06262204796075821, 0.029769206419587135, 0.042248696088790894, 0.008248856291174889, 0.010954256169497967, 0.006907264702022076, 0.005773803684860468, 0.007553898263722658, 0.005057996604591608, 0.005350705236196518, 0.005811302922666073, 0.005418887361884117, 0.005157116800546646, 0.006105953361839056, 0.004590745549649, 0.005492213182151318, 0.005452292505651712, 0.005911423824727535, 0.004709248431026936, 0.004147467203438282, 0.006338693201541901, 0.00520366569980979, 0.004459242802113295, 0.004108126275241375, 0.00426096748560667, 0.0048254565335810184, 0.003991676960140467, 0.004135127179324627, 0.004820560570806265, 0.004112692549824715, 0.00379100046120584, 0.004539898131042719, 0.005064982455223799, 0.0038553911726921797, 0.0035854848101735115, 0.003560258774086833, 0.0034917714074254036, 0.003631818341091275, 0.0040307678282260895, 0.0035802177153527737, 0.004043316002935171, 0.0039493627846241, 0.003596625057980418, 0.003604184603318572, 0.0033492676448076963, 0.00307960226200521, 0.0035806603264063597, 0.003992859274148941, 0.0036430268082767725, 0.0035293628461658955, 0.003586855484172702, 0.0031793906819075346, 0.003105573821812868, 0.00348444445990026, 0.003761687083169818, 0.0032689818181097507, 0.0031660429667681456, 0.003191437106579542, 0.0031101005151867867, 0.0034467808436602354, 0.003540318226441741, 0.0030618286691606045, 0.0032403513323515654, 0.0033756850752979517, 0.003552176058292389, 0.00331503851339221, 0.003249754197895527, 0.004187001846730709, 0.003609798150137067, 0.0030168548692017794, 0.002905088709667325, 0.003338417736813426, 0.002955866511911154, 0.0030089206993579865, 0.0026357590686529875, 0.0028984644450247288, 0.0026902356185019016, 0.0028717515524476767, 0.0032729965168982744, 0.00341789866797626, 0.004058985970914364, 0.003198440885171294, 0.0031215380877256393, 0.00267228065058589, 0.0027571215759962797, 0.002682708902284503, 0.003085200907662511, 0.0024658727925270796, 0.0026827165856957436, 0.003051369683817029, 0.003772817086428404, 0.003979500383138657, 0.0036648758687078953, 0.0030177736189216375, 0.0023629460483789444, 0.0022771633230149746, 0.0025096400640904903, 0.0028399964794516563, 0.0022734941449016333, 0.0025176219642162323, 0.00213751127012074, 0.0026355513837188482, 0.0021644223015755415, 0.0035355291329324245, 0.0037981742061674595, 0.0029041413217782974, 0.00207913969643414, 0.001959731336683035, 0.0024852845817804337]}