{"CustomMetrics_Small_rectangles": [0.03989791497588158, 0.034609973430633545, 0.0313742496073246, 0.02689412608742714, 0.02589217759668827, 0.0237139705568552, 0.02764531411230564, 0.019729895517230034, 0.02499394863843918, 0.014602157287299633, 0.015398011542856693, 0.01358765922486782, 0.013112615793943405, 0.01416662335395813, 0.01185471098870039, 0.010599551722407341, 0.01158534549176693, 0.009563969448208809, 0.011272524483501911, 0.009615710005164146, 0.009569888934493065, 0.0103519968688488, 0.00990267377346754, 0.010313193313777447, 0.009215704165399075, 0.009828852489590645, 0.009826927445828915, 0.009061900898814201, 0.00981898047029972, 0.009972416795790195, 0.00987093336880207, 0.009194095619022846, 0.009549561887979507, 0.012002906762063503, 0.009721518494188786, 0.010494416579604149, 0.009765696711838245, 0.008787158876657486, 0.008612771518528461, 0.009281218983232975, 0.009853390045464039, 0.00971038918942213, 0.00885695032775402, 0.009053993038833141, 0.008521844632923603, 0.009368772618472576, 0.008937298320233822, 0.010084941983222961, 0.00908360444009304, 0.008253115229308605, 0.008465220220386982, 0.008798792026937008, 0.008686513639986515, 0.008288674056529999, 0.008689064532518387, 0.008106458000838757, 0.00811679195612669, 0.008143920451402664, 0.010896962136030197, 0.00942799262702465, 0.007774068508297205, 0.008091160096228123, 0.008127694018185139, 0.008587906137108803, 0.007514398079365492, 0.007388593163341284, 0.008533474989235401, 0.008032465353608131, 0.007569252513349056, 0.008272797800600529, 0.007922234013676643, 0.008063123561441898, 0.007761450484395027, 0.00782208051532507, 0.00842614658176899, 0.008520449511706829, 0.007788239512592554, 0.007639152929186821, 0.007442475762218237, 0.008203997276723385, 0.00853871088474989, 0.00812307745218277, 0.007399177178740501, 0.009039117023348808, 0.009846387431025505, 0.008290773257613182, 0.0077132233418524265, 0.007466812152415514, 0.0072751883417367935], "CustomMetrics_Mid_rectangles": [0.031112056225538254, 0.037905123084783554, 0.03658026456832886, 0.031338196247816086, 0.030000530183315277, 0.028591837733983994, 0.030207106843590736, 0.022332649677991867, 0.027878031134605408, 0.0170916598290205, 0.018428955227136612, 0.016876351088285446, 0.014058006927371025, 0.01575281471014023, 0.012645362876355648, 0.011304851621389389, 0.01290919166058302, 0.01062664482742548, 0.012581192888319492, 0.010775117203593254, 0.010605720803141594, 0.010852498933672905, 0.010092655196785927, 0.010260220617055893, 0.009285918436944485, 0.011097336187958717, 0.010007571429014206, 0.009618929587304592, 0.009461442939937115, 0.010486423969268799, 0.00953732430934906, 0.009096337482333183, 0.009598059579730034, 0.011799434199929237, 0.009533493779599667, 0.009563888423144817, 0.009496721439063549, 0.008936244994401932, 0.008805939927697182, 0.008778001181781292, 0.00897474866360426, 0.010520284064114094, 0.008505708537995815, 0.009508616290986538, 0.008783922530710697, 0.00858211237937212, 0.008759346790611744, 0.009057254530489445, 0.009429285302758217, 0.008003885857760906, 0.008462686091661453, 0.008818913251161575, 0.009039677679538727, 0.007822376675903797, 0.008655580691993237, 0.007896602153778076, 0.008082428947091103, 0.0077986940741539, 0.0105611402541399, 0.008419446647167206, 0.007723904214799404, 0.008091537281870842, 0.008313874714076519, 0.008039003238081932, 0.007824795320630074, 0.0075950948521494865, 0.008149447850883007, 0.008572452701628208, 0.007873584516346455, 0.008302866481244564, 0.008023591712117195, 0.007975918240845203, 0.008903821930289268, 0.007623712997883558, 0.008900215849280357, 0.007883433252573013, 0.0076723904348909855, 0.007758507039397955, 0.008030004799365997, 0.007859792560338974, 0.007986540906131268, 0.007569817826151848, 0.008352402597665787, 0.008402066305279732, 0.008693540468811989, 0.008308522403240204, 0.008259544149041176, 0.007375722285360098, 0.007391256745904684], "CustomMetrics_Huge_rectangles": [0.017821507528424263, 0.007725310046225786, 0.00583886681124568, 0.0038164607249200344, 0.003353355685248971, 0.0030293657910078764, 0.0028624138794839382, 0.0023691460955888033, 0.0024344746489077806, 0.002544347895309329, 0.0017717663431540132, 0.002430377760902047, 0.002008110750466585, 0.001887624035589397, 0.0019380097510293126, 0.0023065651766955853, 0.0016701609129086137, 0.0014939712127670646, 0.0014357655309140682, 0.0011764881201088428, 0.0016182700637727976, 0.001708467723801732, 0.0017069334862753749, 0.002334282035008073, 0.0015605182852596045, 0.0010641434928402305, 0.0015653303125873208, 0.0011507055023685098, 0.0017191471997648478, 0.0012278094654902816, 0.0016838002484291792, 0.0015326690627261996, 0.001135107479058206, 0.0022530637215822935, 0.0014437008649110794, 0.0020273011177778244, 0.0013560341903939843, 0.0009316887590102851, 0.0010789152001962066, 0.0011511557968333364, 0.0019890295807272196, 0.0008644762565381825, 0.0011151616927236319, 0.0008915875223465264, 0.0008321281638927758, 0.0013906530803069472, 0.0010264047887176275, 0.0017843418754637241, 0.0009807874448597431, 0.0009952069958671927, 0.0008437085780315101, 0.0010065167443826795, 0.0008275365689769387, 0.000996279763057828, 0.0010385166388005018, 0.0016408540541306138, 0.0008872061152942479, 0.000903941283468157, 0.002272816840559244, 0.001459055463783443, 0.001241230871528387, 0.0011149283964186907, 0.0008012510370463133, 0.0017505299765616655, 0.0008341790526174009, 0.0008794693858362734, 0.0013165143318474293, 0.0008357574115507305, 0.000853727397043258, 0.0010736514814198017, 0.0008723791688680649, 0.001142405904829502, 0.001189535134471953, 0.0010401756735518575, 0.001467692432925105, 0.001359908957965672, 0.0011083433637395501, 0.0008895816863514483, 0.00138880277518183, 0.0011232830584049225, 0.0015580117469653487, 0.0013058099430054426, 0.0012176004238426685, 0.0014503216370940208, 0.0022175800986588, 0.0010297046974301338, 0.0007229365292005241, 0.0010580752277746797, 0.0009512553224340081]}