{"CustomMetrics_Small_rectangles": [0.011685734614729881, 0.010665499605238438, 0.011318022385239601, 0.013768821954727173, 0.012396404519677162, 0.011132859624922276, 0.011196994222700596, 0.011302810162305832, 0.012408980168402195, 0.011448281817138195, 0.010530639439821243, 0.011240079067647457, 0.010593725368380547, 0.010735648684203625, 0.01138403732329607, 0.010328740812838078, 0.010233686305582523, 0.010875515639781952, 0.010938010178506374, 0.01063889916986227, 0.011052125133574009, 0.011090920306742191, 0.010827596299350262, 0.010398459620773792, 0.010224144905805588, 0.007849217392504215, 0.010819285176694393, 0.00930838007479906, 0.009581231512129307, 0.011241713538765907, 0.008293290622532368, 0.009403322823345661, 0.0080037210136652, 0.008252222090959549, 0.008261198177933693, 0.01028843130916357, 0.009444030933082104, 0.011054687201976776, 0.010362441651523113, 0.008497493341565132, 0.009941193275153637, 0.009714421816170216, 0.010111402720212936, 0.008507444523274899, 0.013458391651511192, 0.008375275880098343, 0.010661914944648743, 0.01089874655008316, 0.009368844330310822, 0.012029994279146194, 0.009668984450399876, 0.010304535739123821, 0.008687431924045086, 0.007453629281371832, 0.010657324455678463, 0.009560737758874893, 0.009547848254442215, 0.006745828781276941, 0.00851996336132288, 0.008083407767117023, 0.009458123706281185, 0.008542987518012524, 0.007767306640744209, 0.009710940532386303, 0.007263580337166786, 0.010787884704768658, 0.007984680123627186, 0.007601001765578985, 0.00892570335417986, 0.008468413725495338, 0.006157426629215479, 0.007858304306864738, 0.006638644728809595, 0.00835438072681427, 0.009255790151655674, 0.007222414948046207, 0.006499012466520071, 0.006761838216334581, 0.006289216224104166, 0.005402677692472935, 0.008344603702425957, 0.008652891963720322, 0.006797309499233961, 0.007178105413913727, 0.008142326958477497, 0.006263427902013063, 0.007264460436999798, 0.007030441891402006, 0.007535144686698914, 0.0054880245588719845, 0.006258607842028141, 0.008015327155590057, 0.0066161793656647205, 0.008102082647383213, 0.006488263141363859, 0.005425204522907734, 0.005630154628306627, 0.00622736569494009, 0.007104499731212854], "CustomMetrics_Mid_rectangles": [0.011484346352517605, 0.010728077031672001, 0.011003085412085056, 0.012653964571654797, 0.011980004608631134, 0.010925115086138248, 0.010796300135552883, 0.010717452503740788, 0.011563361622393131, 0.010692311450839043, 0.009914877824485302, 0.01042887195944786, 0.009934273548424244, 0.00980839878320694, 0.010521224699914455, 0.009097409434616566, 0.009295457974076271, 0.009491309523582458, 0.009890052489936352, 0.00899871438741684, 0.009131702594459057, 0.008536862209439278, 0.008202769793570042, 0.007453321944922209, 0.006923481822013855, 0.0068940711207687855, 0.006401499733328819, 0.0077164797112345695, 0.006416089832782745, 0.008336101658642292, 0.007274235133081675, 0.006333095952868462, 0.006261019967496395, 0.0061750467866659164, 0.0067252665758132935, 0.006638407241553068, 0.006052537355571985, 0.00611878652125597, 0.005474515724927187, 0.006064482033252716, 0.006183149293065071, 0.006141113582998514, 0.007465146481990814, 0.007569581735879183, 0.008758443407714367, 0.005764256231486797, 0.006225427147001028, 0.006521262228488922, 0.006290694233030081, 0.007141971029341221, 0.006425750907510519, 0.00658814050257206, 0.005814652889966965, 0.005720814224332571, 0.008242204785346985, 0.006352286320179701, 0.00648926105350256, 0.005278010852634907, 0.0060194628313183784, 0.005773726850748062, 0.007647693157196045, 0.005911511834710836, 0.005976803135126829, 0.006919329520314932, 0.005340218544006348, 0.007821072824299335, 0.005853882525116205, 0.005719873122870922, 0.006193820852786303, 0.007563482038676739, 0.0056365374475717545, 0.006180068477988243, 0.005083686672151089, 0.006132105365395546, 0.00751676969230175, 0.005999268032610416, 0.005222152452915907, 0.005686044227331877, 0.005504661239683628, 0.004761786200106144, 0.006257395260035992, 0.006220758426934481, 0.005520538426935673, 0.0058527118526399136, 0.00724911829456687, 0.005645215045660734, 0.006836401764303446, 0.0062779756262898445, 0.0057092164643108845, 0.004959262907505035, 0.005432869773358107, 0.006612754426896572, 0.005796467885375023, 0.006426573731005192, 0.005491282790899277, 0.004485689103603363, 0.004972466267645359, 0.005244562868028879, 0.006491240579634905], "CustomMetrics_Huge_rectangles": [0.0030173715204000473, 0.0018098617438226938, 0.0021151520777493715, 0.0027235408779233694, 0.0021152044646441936, 0.001686113071627915, 0.0018253953894600272, 0.0015052483649924397, 0.001885686651803553, 0.00141983013600111, 0.001285405014641583, 0.0013477606698870659, 0.0013374125119298697, 0.0012068691430613399, 0.0013623327249661088, 0.0009777412051334977, 0.0010184916900470853, 0.0010532346786931157, 0.001206092187203467, 0.0010217673843726516, 0.0009818713879212737, 0.0007903852965682745, 0.0009299693047069013, 0.0009568783571012318, 0.0008679513703100383, 0.0008742054342292249, 0.0006557279266417027, 0.0009086132049560547, 0.0006177779287099838, 0.0011265268549323082, 0.0008837372879497707, 0.000824379560071975, 0.0007042286451905966, 0.0007031192071735859, 0.0009051866363734007, 0.0006021213484928012, 0.0006609252886846662, 0.000741256691981107, 0.0004789208760485053, 0.000734025496058166, 0.0006962587940506637, 0.0005184244946576655, 0.0008940503466874361, 0.000909545284230262, 0.000977430958300829, 0.0006750088068656623, 0.0005380577058531344, 0.0005168422358110547, 0.0006036300328560174, 0.0006826091557741165, 0.000790425983723253, 0.0007550930604338646, 0.0006659345817752182, 0.0007340064039453864, 0.002778460271656513, 0.0007899155025370419, 0.0007029918488115072, 0.0005930828046984971, 0.0006479219300672412, 0.0005746718379668891, 0.001025759382173419, 0.0005726332892663777, 0.0006755946087650955, 0.0009560378384776413, 0.0005905900034122169, 0.0007538400823250413, 0.0005348373088054359, 0.0006571396952494979, 0.0006973855779506266, 0.0009931927779689431, 0.00060939573450014, 0.0007135900668799877, 0.00055668008280918, 0.0006383289000950754, 0.0006660770159214735, 0.0006296708015725017, 0.0005756758037023246, 0.0005219880258664489, 0.0004898773622699082, 0.000569793104659766, 0.0007621079566888511, 0.00043160319910384715, 0.0006675479235127568, 0.0005765380337834358, 0.0010916674509644508, 0.000529127602931112, 0.0005485545261763036, 0.0007227307069115341, 0.0004998510703444481, 0.00043069111416116357, 0.00042561464942991734, 0.0006240626098588109, 0.00043647713027894497, 0.0004767922218888998, 0.0004824965726584196, 0.0005286936648190022, 0.00039116607513278723, 0.00031483935890719295, 0.0007870407425798476]}