{"CustomMetrics_Small_rectangles": [0.18045377731323242, 0.15153516829013824, 0.06945551186800003, 0.05348244681954384, 0.0426204577088356, 0.03935623914003372, 0.027737807482481003, 0.02265557274222374, 0.03557676449418068, 0.02958938665688038, 0.025702139362692833, 0.025160206481814384, 0.02377629280090332, 0.02610926330089569, 0.021441128104925156, 0.023898668587207794, 0.02425413206219673, 0.02403806522488594, 0.022261852398514748, 0.02030973695218563, 0.024639904499053955, 0.023029407486319542, 0.022204997017979622, 0.021383604034781456, 0.02099759876728058, 0.02384115755558014, 0.02268046699464321, 0.0200177151709795, 0.018985284492373466, 0.019124815240502357, 0.018276864662766457, 0.019518155604600906, 0.015597250312566757, 0.015355560928583145, 0.014948900789022446, 0.014476987533271313, 0.013770721852779388, 0.014445103704929352, 0.01532080490142107, 0.017243770882487297, 0.014586417004466057, 0.013718138448894024, 0.015126352198421955, 0.015667026862502098, 0.01657927967607975, 0.014529068022966385, 0.012338337488472462, 0.012575000524520874, 0.014051134698092937, 0.015756096690893173, 0.01727333292365074, 0.013441517949104309, 0.01465276163071394, 0.013722739182412624, 0.014719403348863125, 0.015655221417546272, 0.01276556495577097, 0.012627853080630302, 0.01252914872020483, 0.014760875143110752, 0.015831591561436653, 0.014117271639406681, 0.01259785145521164, 0.013690315186977386, 0.012965788133442402, 0.011877298355102539, 0.014253820292651653, 0.015801072120666504, 0.01721753180027008, 0.012545264326035976, 0.015819840133190155, 0.011702168732881546, 0.010530658066272736, 0.01319372933357954, 0.017278021201491356, 0.015273008495569229, 0.012577175162732601, 0.011964685283601284, 0.013848974369466305], "CustomMetrics_Mid_rectangles": [0.19093665480613708, 0.11995614320039749, 0.07055584341287613, 0.03513304889202118, 0.039670079946517944, 0.023613106459379196, 0.017559457570314407, 0.013733000494539738, 0.01794205605983734, 0.01394374668598175, 0.013273618184030056, 0.011765091679990292, 0.01146191917359829, 0.012001625262200832, 0.010228229686617851, 0.01097975205630064, 0.011530809104442596, 0.0114583196118474, 0.010874192230403423, 0.009803198277950287, 0.011821486987173557, 0.011352680623531342, 0.010518101043999195, 0.010268592275679111, 0.01008495595306158, 0.011751133017241955, 0.011019731871783733, 0.009743114933371544, 0.009699635207653046, 0.009797435253858566, 0.009294708259403706, 0.009924457408487797, 0.007934598252177238, 0.00818017777055502, 0.007904909551143646, 0.007794567849487066, 0.007631733547896147, 0.00798350665718317, 0.008105694316327572, 0.009029362350702286, 0.008035427890717983, 0.007826192304491997, 0.008247654885053635, 0.008560008369386196, 0.009426220320165157, 0.008671834133565426, 0.008569052442908287, 0.007983343675732613, 0.008103255182504654, 0.009055480360984802, 0.009647768922150135, 0.00792511086910963, 0.009193755686283112, 0.00832713395357132, 0.00870183203369379, 0.009108664467930794, 0.007705806754529476, 0.0077869826927781105, 0.007699673995375633, 0.008854749612510204, 0.009549504145979881, 0.008691892959177494, 0.008104254491627216, 0.00846867635846138, 0.007698576431721449, 0.007275245618075132, 0.00872949231415987, 0.009534231387078762, 0.010508408769965172, 0.00870796013623476, 0.00953176710754633, 0.0074029648676514626, 0.007083171047270298, 0.008190748281776905, 0.010733903385698795, 0.009731762111186981, 0.008922510780394077, 0.008347547613084316, 0.008663606829941273], "CustomMetrics_Huge_rectangles": [0.2659323513507843, 0.11402280628681183, 0.07358711212873459, 0.040660977363586426, 0.020966313779354095, 0.0241861455142498, 0.009904123842716217, 0.007737073581665754, 0.01087762787938118, 0.007944636046886444, 0.006028437986969948, 0.006637485232204199, 0.005574661307036877, 0.006157789379358292, 0.00518518453463912, 0.005363835487514734, 0.005390590988099575, 0.005703596398234367, 0.0047354260459542274, 0.005158369429409504, 0.0059239789843559265, 0.0055984677746891975, 0.004846853204071522, 0.005015580914914608, 0.004868539050221443, 0.005537704564630985, 0.004790750332176685, 0.003969238605350256, 0.004055800382047892, 0.0041635604575276375, 0.0046785552985966206, 0.004801610019057989, 0.003569438587874174, 0.002981688128784299, 0.0032531139440834522, 0.0032638965640217066, 0.0029959550593048334, 0.002972787246108055, 0.003049451159313321, 0.0029988812748342752, 0.002794041531160474, 0.002695663832128048, 0.003489657072350383, 0.0036836822982877493, 0.005698323715478182, 0.005020687356591225, 0.0030410513281822205, 0.002636856632307172, 0.002698587253689766, 0.0033996941056102514, 0.004319778177887201, 0.003535267896950245, 0.004972218070179224, 0.003615493420511484, 0.002711004111915827, 0.0038630017079412937, 0.002865379909053445, 0.0029652586672455072, 0.0022834085393697023, 0.0028452193364501, 0.00376079510897398, 0.0029696966521441936, 0.0024477483239024878, 0.00285079563036561, 0.002298346720635891, 0.002085811924189329, 0.002484604250639677, 0.0038938068319112062, 0.003916878718882799, 0.0024278811179101467, 0.004402950406074524, 0.0032923405524343252, 0.0020571465138345957, 0.0025489714462310076, 0.0038874505553394556, 0.0033020570408552885, 0.0025783353485167027, 0.0021257619373500347, 0.0035231823567301035]}