{"CustomMetrics_Small_rectangles": [0.09233621507883072, 0.03677158057689667, 0.033234309405088425, 0.02256249077618122, 0.024323880672454834, 0.01698622852563858, 0.01984831877052784, 0.01743558794260025, 0.01326226070523262, 0.009617774747312069, 0.012974388897418976, 0.014895565807819366, 0.008841215632855892, 0.00730750011280179, 0.007964636199176311, 0.007643611636012793, 0.008844668045639992, 0.01287318579852581, 0.007827153429389, 0.005877707153558731, 0.008199157193303108, 0.007152079604566097, 0.005365693476051092, 0.010147897526621819, 0.007846519351005554, 0.004432252142578363, 0.006799723021686077, 0.005822479259222746, 0.009941362775862217, 0.00662774546071887, 0.006273671984672546, 0.006143845152109861, 0.007974469102919102, 0.007050854619592428, 0.00750888092443347, 0.00902974046766758, 0.006952876225113869, 0.005602254997938871, 0.004676701966673136, 0.00553416321054101, 0.005913123022764921, 0.0063947830349206924, 0.005846257787197828, 0.004841827787458897, 0.009917340241372585, 0.007793676573783159, 0.00514224311336875, 0.00516853854060173, 0.006022187415510416, 0.006229205522686243, 0.006335340440273285, 0.0060280789621174335, 0.007972419261932373, 0.005813026335090399, 0.00756446085870266, 0.005043068900704384, 0.008233074098825455, 0.0057217120192945, 0.004815060645341873, 0.007392736151814461, 0.009912370704114437, 0.0050232610665261745, 0.006498992443084717, 0.004616384860128164, 0.005111634265631437, 0.0047116647474467754, 0.009852126240730286, 0.006769828964024782], "CustomMetrics_Mid_rectangles": [0.061569683253765106, 0.027295051142573357, 0.025203734636306763, 0.024999521672725677, 0.019019581377506256, 0.015505142509937286, 0.011126610450446606, 0.011267183348536491, 0.017227094620466232, 0.00932844914495945, 0.008261441253125668, 0.008714154362678528, 0.01019253209233284, 0.009234171360731125, 0.006395640317350626, 0.008162974379956722, 0.008243540301918983, 0.014184585772454739, 0.005932559724897146, 0.006681306753307581, 0.005543341860175133, 0.0055745746940374374, 0.005582467187196016, 0.010718589648604393, 0.00803154893219471, 0.005424363538622856, 0.006047598551958799, 0.005442341789603233, 0.010364320129156113, 0.006098905112594366, 0.005708781071007252, 0.00553492596372962, 0.005429969169199467, 0.004886357579380274, 0.005800533574074507, 0.007707240991294384, 0.004929820541292429, 0.004388488829135895, 0.004115390591323376, 0.005588278640061617, 0.005325993523001671, 0.0051388610154390335, 0.005282982252538204, 0.005135275423526764, 0.007749234326183796, 0.0053304145112633705, 0.005282627884298563, 0.004244842566549778, 0.005299569573253393, 0.004372705239802599, 0.006298118270933628, 0.005316898692399263, 0.010081842541694641, 0.004315228667110205, 0.007545935921370983, 0.004554810002446175, 0.007656688801944256, 0.004187097307294607, 0.004671747330576181, 0.006731776986271143, 0.006915378384292126, 0.004216841887682676, 0.005619847681373358, 0.003985723480582237, 0.003933020401746035, 0.0036114261019974947, 0.007471914868801832, 0.005793405696749687], "CustomMetrics_Huge_rectangles": [0.03398660942912102, 0.0052240146324038506, 0.005503487773239613, 0.00591176887974143, 0.002273677382618189, 0.002061746548861265, 0.0034193447791039944, 0.0035450796131044626, 0.005217242985963821, 0.0013051512651145458, 0.0026174928061664104, 0.004308780189603567, 0.0028789336793124676, 0.002632673131301999, 0.0017488142475485802, 0.0022479852195829153, 0.0021819828543812037, 0.005322110373526812, 0.00200002733618021, 0.0015127148944884539, 0.0023062017280608416, 0.002114086877554655, 0.001245083985850215, 0.0037151880096644163, 0.0019988338463008404, 0.001438806764781475, 0.0018330806633457541, 0.001210592919960618, 0.005138541106134653, 0.0013336708070710301, 0.0013321352889761329, 0.0014984869631007314, 0.0022681166883558035, 0.0017716357251629233, 0.0021699932403862476, 0.002614755881950259, 0.002101949183270335, 0.0011730073019862175, 0.0008698265883140266, 0.0016827420331537724, 0.0015024374006316066, 0.0015912894159555435, 0.001758450292982161, 0.001441746368072927, 0.0038496651686728, 0.00310381012968719, 0.0014464770210906863, 0.001137229148298502, 0.0015378993703052402, 0.001588320010341704, 0.0021327168215066195, 0.0016142367385327816, 0.004697192460298538, 0.0012661396758630872, 0.003909479361027479, 0.0011705452343448997, 0.0037470415700227022, 0.001274492940865457, 0.0012341568944975734, 0.0023882451932877302, 0.004395148251205683, 0.0010629865573719144, 0.0015040957368910313, 0.0008943323045969009, 0.001107400981709361, 0.0007126504788175225, 0.003853920614346862, 0.002308652503415942]}