{"CustomMetrics_Small_rectangles": [0.029111919924616814, 0.026345012709498405, 0.01943471096456051, 0.015300888568162918, 0.014531104825437069, 0.013096808455884457, 0.011034462600946426, 0.012832222506403923, 0.015567181631922722, 0.010213818401098251, 0.011253689415752888, 0.010298028588294983, 0.008355177007615566, 0.012803480960428715, 0.00782661885023117, 0.007706786505877972, 0.008239317685365677, 0.007535248529165983, 0.007162825670093298, 0.008112783543765545, 0.0064977132715284824, 0.006218638736754656, 0.0075828577391803265, 0.005987649783492088, 0.005142401438206434, 0.006084842141717672, 0.0054668341763317585, 0.005746222101151943, 0.006288246717303991, 0.006068683695048094, 0.008309689350426197, 0.005211369134485722, 0.006567870732396841, 0.004893035627901554, 0.005395895801484585, 0.0049721053801476955, 0.0053549534641206264, 0.005989753641188145, 0.005118853412568569, 0.004716640338301659, 0.006555145140737295, 0.004673447925597429, 0.005261612590402365, 0.005096373148262501, 0.00623996090143919, 0.005775209050625563, 0.0074119288474321365, 0.004191882908344269, 0.004514009691774845, 0.004896519239991903, 0.004545724485069513, 0.004246045369654894, 0.0042082746513187885, 0.005037853494286537, 0.004712511319667101, 0.0044515314511954784, 0.0036275889724493027, 0.004410212393850088, 0.003495486220344901, 0.0037476737052202225, 0.004544039722532034, 0.0037048952654004097, 0.004351956304162741, 0.0040712798945605755, 0.005574716720730066, 0.0038653286173939705, 0.0038779359310865402, 0.0032840101048350334, 0.004048563074320555, 0.004208247642964125, 0.004440483637154102, 0.003127241740003228, 0.006149873603135347, 0.0034359828568995, 0.00321098486892879, 0.0038436849135905504, 0.0037438038270920515, 0.003791782772168517, 0.003739267820492387, 0.006737870629876852], "CustomMetrics_Mid_rectangles": [0.02094368450343609, 0.01772243157029152, 0.013483162969350815, 0.011644646525382996, 0.010202647186815739, 0.0098939323797822, 0.008773205801844597, 0.009522096253931522, 0.011024251580238342, 0.007295514456927776, 0.007767603266984224, 0.007130637299269438, 0.006279094610363245, 0.00942132156342268, 0.006069463677704334, 0.006186536513268948, 0.00598011864349246, 0.005536090582609177, 0.004987053573131561, 0.005611419212073088, 0.004441771190613508, 0.004185396246612072, 0.005276832729578018, 0.003988955169916153, 0.003804919309914112, 0.003840806894004345, 0.00392505805939436, 0.0037047744262963533, 0.004517801105976105, 0.004515556618571281, 0.005350754130631685, 0.0036351275630295277, 0.004175294190645218, 0.003303623991087079, 0.0034482544288039207, 0.0037905299104750156, 0.0037967648822814226, 0.003671901300549507, 0.0034053523559123278, 0.0037230541929602623, 0.004470464773476124, 0.003100659931078553, 0.0037589638959616423, 0.0032335096038877964, 0.003719157073646784, 0.003627832978963852, 0.0049104588106274605, 0.0031726479064673185, 0.0030549862422049046, 0.0034651958849281073, 0.0028659955132752657, 0.002740259515121579, 0.003373669693246484, 0.002988011110574007, 0.0028089501429349184, 0.0027372189797461033, 0.002439720556139946, 0.002896132180467248, 0.0024402840062975883, 0.0024611882399767637, 0.003009624080732465, 0.0024806095752865076, 0.0029556292574852705, 0.0026590460911393166, 0.0033608656376600266, 0.0025077159516513348, 0.0024918154813349247, 0.0021990693639963865, 0.002550025237724185, 0.0027565271593630314, 0.0030517231207340956, 0.0021740193478763103, 0.0038265844341367483, 0.002701937220990658, 0.0022635164204984903, 0.0026535457000136375, 0.0026361069176346064, 0.002683125203475356, 0.0026586384046822786, 0.00436378363519907], "CustomMetrics_Huge_rectangles": [0.010140368714928627, 0.006696183234453201, 0.004374150652438402, 0.003966053016483784, 0.0031528957188129425, 0.0027676960453391075, 0.002690553665161133, 0.0027474320959299803, 0.0031393710523843765, 0.0020174593664705753, 0.0020239190198481083, 0.001833160873502493, 0.001671088975854218, 0.0032547491136938334, 0.0014265916543081403, 0.0013448972022160888, 0.001092769904062152, 0.0010421602055430412, 0.0014756451128050685, 0.0014675818383693695, 0.0006270390003919601, 0.0010748415952548385, 0.0007694259402342141, 0.0006322704721242189, 0.0005906151491217315, 0.0007529983413405716, 0.0004893496516160667, 0.0007091076113283634, 0.0016033647116273642, 0.0009687081910669804, 0.003018123097717762, 0.0005542832077480853, 0.0009628991247154772, 0.0005746209644712508, 0.001080305315554142, 0.0011021997779607773, 0.000561670633032918, 0.001194727374240756, 0.0007250223425216973, 0.001278993091545999, 0.0006967384251765907, 0.0007570054731331766, 0.0006482568569481373, 0.0006045398768037558, 0.0008594723185524344, 0.0008793592569418252, 0.0015041513834148645, 0.0008461855468340218, 0.0003970583202317357, 0.0006986103835515678, 0.0008994217496365309, 0.0006544015486724675, 0.0012454257812350988, 0.0008397024939768016, 0.0006359641556628048, 0.00045295461313799024, 0.0009239710052497685, 0.001085556228645146, 0.0006222809315659106, 0.0005827217828482389, 0.0009232854354195297, 0.00042329292045906186, 0.0004951652372255921, 0.0005430087330751121, 0.0011201738379895687, 0.000432201282819733, 0.0006968523375689983, 0.0004227691679261625, 0.0007193374331109226, 0.000863014895003289, 0.00048433130723424256, 0.0005959817790426314, 0.0012232110602781177, 0.0006724680424667895, 0.0006223778473213315, 0.0009231941658072174, 0.0008317267638631165, 0.0004413579881656915, 0.0005845532286912203, 0.0027892831712961197]}