{"CustomMetrics_Small_rectangles": [0.010698736645281315, 0.00830274447798729, 0.005753111559897661, 0.005952736828476191, 0.0046591563150286674, 0.0046425811015069485, 0.004330388270318508, 0.0039220149628818035, 0.004042372573167086, 0.003361661918461323, 0.002967546693980694, 0.003420535707846284, 0.0028690462931990623, 0.005196399055421352, 0.0033454936929047108, 0.0025845887139439583, 0.0030326752457767725, 0.0026714622508734465, 0.0020223085302859545, 0.0021878574043512344, 0.0037466001231223345, 0.0020248410291969776, 0.00242516677826643, 0.001600364688783884, 0.001820931676775217, 0.0020188072230666876, 0.001457726233638823, 0.002165052108466625, 0.001277781673707068, 0.0025645652785897255, 0.0016929617850109935, 0.001785167260095477, 0.0014891739701852202, 0.0014446513960137963, 0.001565196318551898, 0.0021284830290824175, 0.001497450633905828, 0.0017201773589476943, 0.0012949227821081877, 0.0016818069852888584, 0.0013476668391376734, 0.0012285512639209628, 0.0014719126047566533, 0.0013245433801785111, 0.001195862889289856, 0.001346134813502431, 0.001072218525223434, 0.0011882137041538954, 0.0017680209130048752, 0.0014847182901576161, 0.001601753756403923, 0.0008785732788965106, 0.0014915986685082316, 0.0016149013536050916, 0.0010774815455079079, 0.0011645922204479575, 0.001030067796818912, 0.001591100008226931, 0.0015212177531793714, 0.001623506541363895, 0.0017952340422198176, 0.0010823974153026938, 0.0012413570657372475, 0.0011905054561793804, 0.0012143813073635101, 0.0008854144252836704, 0.000981030403636396, 0.0014777783071622252, 0.0011162353912368417, 0.0008954702643677592, 0.0012360377004370093, 0.0012485174229368567, 0.0009987939847633243, 0.0015680438373237848, 0.0008945546578615904], "CustomMetrics_Mid_rectangles": [0.009906753897666931, 0.007236558478325605, 0.0048211077228188515, 0.004492081701755524, 0.0031518335454165936, 0.002910779556259513, 0.0026879229117184877, 0.0023022242821753025, 0.00230471626855433, 0.0020415587350726128, 0.0017853542231023312, 0.00193454057443887, 0.0017193052917718887, 0.0028021319303661585, 0.0017902071122080088, 0.0012840101262554526, 0.0024015747476369143, 0.0013683941215276718, 0.0008993458468466997, 0.0009563090861774981, 0.0017899307422339916, 0.0008391848532482982, 0.0011981191346421838, 0.0007949055870994925, 0.0008267963421531022, 0.0009766052244231105, 0.0006937227444723248, 0.0012182616628706455, 0.0006546220392920077, 0.001578223193064332, 0.0007775337435305119, 0.0008088447502814233, 0.0007974245818331838, 0.0007144297705963254, 0.0012061108136549592, 0.001162647153250873, 0.0009377073729410768, 0.0007771811215206981, 0.0005848216242156923, 0.0007114133914001286, 0.0006366005982272327, 0.0006004406022839248, 0.0009340755641460419, 0.0007526715635322034, 0.0006774048088118434, 0.0007357022259384394, 0.0006284444825723767, 0.0006003595190122724, 0.0009554952848702669, 0.0012560293544083834, 0.0008526117308065295, 0.0005854473565705121, 0.0007508108392357826, 0.0005940843839198351, 0.0004460776981431991, 0.0004681927093770355, 0.0005408553988672793, 0.0008095498778857291, 0.0007209873292595148, 0.0011246873764321208, 0.0010145001579076052, 0.0005812518647871912, 0.000755581830162555, 0.0006752601475454867, 0.0007167479488998652, 0.0004771247913595289, 0.0005371538572944701, 0.0007193717174232006, 0.0006659072823822498, 0.0004792170657310635, 0.0006130831316113472, 0.0006574467988684773, 0.0005427856813184917, 0.000832374847959727, 0.0005043672281317413], "CustomMetrics_Huge_rectangles": [0.0023650156799703836, 0.0012515438720583916, 0.0007113217725418508, 0.0008009370067156851, 0.0008427313296124339, 0.0007116501219570637, 0.0005568425985984504, 0.00035229086643084884, 0.0003700136730913073, 0.0005473418277688324, 0.0003234071482438594, 0.0003488311485853046, 0.00036348550929687917, 0.0003234957403037697, 0.0002767227706499398, 0.00029286634526215494, 0.00037205879925750196, 0.00024112837854772806, 0.00034496630541980267, 0.0001377480657538399, 0.00020872385357506573, 0.00018072604143526405, 0.00014796362665947527, 0.00017303420463576913, 0.0001936855260282755, 0.0003128908865619451, 0.00011079545220127329, 0.00014888930309098214, 0.0001264657621504739, 0.00022171645832713693, 0.00015274934412445873, 0.00014566758181899786, 0.00017103560094255954, 0.00010704756277846172, 0.0002070119371637702, 0.00019937501929234713, 0.00013063587539363652, 0.00010910554556176066, 0.00012985691137146205, 0.00012686836998909712, 7.767856732243672e-05, 0.00012808560859411955, 0.00017427015700377524, 0.00022571702720597386, 8.289948164019734e-05, 0.00018437160179018974, 0.0001913570740725845, 0.00015115125279407948, 0.00010475546878296882, 0.0001887525140773505, 9.42204351304099e-05, 0.00011981250281678513, 0.0001112876707338728, 0.00015056083793751895, 0.00013885117368772626, 0.00013307361223269254, 8.799952775007114e-05, 0.00020265030616428703, 0.00013228203170001507, 0.00015878232079558074, 0.00021122864563949406, 0.00022624056146014482, 0.0002208652877015993, 0.00013367790961638093, 8.531023195246235e-05, 0.00014956922677811235, 0.000178858419531025, 0.00021116732386872172, 0.00021637986355926841, 0.00014249817468225956, 0.00013471009151544422, 0.0001456428290111944, 0.00016707163013052195, 0.0001421829656464979, 0.00012677608174271882]}