{"CustomMetrics_Small_rectangles": [2.593892812728882, 0.7356431484222412, 0.1935095638036728, 0.032230038195848465, 0.0970483049750328, 0.04626603424549103, 0.018249060958623886, 0.038497962057590485, 0.016124242916703224, 0.03841439262032509, 0.015362444333732128, 0.016703976318240166, 0.015212995000183582, 0.016403112560510635, 0.013422835618257523, 0.012946994043886662, 0.014723803848028183, 0.013699835166335106, 0.012228327803313732, 0.012406437657773495, 0.012645533308386803, 0.012704499997198582, 0.012084774672985077, 0.011586091481149197, 0.013340616598725319, 0.011445091105997562, 0.011601177044212818, 0.012585097923874855, 0.011389009654521942, 0.011778122745454311, 0.011347712017595768, 0.01150070782750845, 0.011124820448458195, 0.011396502144634724, 0.013205768540501595, 0.011911362409591675, 0.012535849586129189, 0.011836117133498192, 0.012174539268016815, 0.011868010275065899, 0.011668735183775425, 0.011272858828306198, 0.011334004811942577, 0.019877713173627853, 0.01161198504269123, 0.012607347220182419, 0.01153745036572218, 0.01192103885114193, 0.01210611779242754, 0.014057562686502934, 0.011537383310496807, 0.011890468187630177, 0.012655060738325119, 0.011509514413774014, 0.013396029360592365, 0.012776265852153301, 0.015115998685359955, 0.01320712547749281, 0.014068739488720894, 0.011198189109563828, 0.014009187929332256, 0.011952727101743221, 0.014752322807908058, 0.01201341301202774, 0.013566936366260052, 0.011810023337602615, 0.011973785236477852, 0.011910536326467991, 0.029296813532710075, 0.01225095521658659, 0.012416122481226921, 0.011819678358733654, 0.012771607376635075, 0.011338360607624054, 0.014067213051021099, 0.011818090453743935, 0.011591739021241665, 0.014577055349946022, 0.012801950797438622, 0.01135772094130516, 0.015403304249048233, 0.011182551272213459, 0.01321369782090187, 0.011593805626034737, 0.011328618042171001, 0.013064120896160603, 0.011246426030993462], "CustomMetrics_Mid_rectangles": [2.2025716304779053, 0.6264340281486511, 0.1679091602563858, 0.03108419105410576, 0.08651372790336609, 0.04308748617768288, 0.018632221966981888, 0.036139994859695435, 0.016672667115926743, 0.036133475601673126, 0.015881897881627083, 0.017207324504852295, 0.015792805701494217, 0.016797201707959175, 0.013884561136364937, 0.013643051497638226, 0.015149978920817375, 0.014177265577018261, 0.012737322598695755, 0.012951645068824291, 0.013030050322413445, 0.01320088841021061, 0.012385044246912003, 0.011758111417293549, 0.013653445057570934, 0.011593826115131378, 0.011746828444302082, 0.012986943125724792, 0.011415163055062294, 0.011877651326358318, 0.011304722167551517, 0.011776965111494064, 0.011234560050070286, 0.011577816680073738, 0.013227123767137527, 0.01178183313459158, 0.012511388398706913, 0.011953379958868027, 0.01216227188706398, 0.01169787347316742, 0.011418878100812435, 0.011250253766775131, 0.011340554803609848, 0.019628673791885376, 0.011482557281851768, 0.012135342694818974, 0.011392842046916485, 0.011827303096652031, 0.011596789583563805, 0.012950001284480095, 0.011348948813974857, 0.011570891365408897, 0.011907603591680527, 0.01140895951539278, 0.01249106228351593, 0.012787187471985817, 0.013597993180155754, 0.013160506263375282, 0.013119734823703766, 0.011461632326245308, 0.01283190306276083, 0.011659064330160618, 0.013466019183397293, 0.011537503451108932, 0.01251046173274517, 0.011405627243220806, 0.011513878591358662, 0.01197539921849966, 0.02529696747660637, 0.012817533686757088, 0.012822958640754223, 0.011404814198613167, 0.011783805675804615, 0.0112496018409729, 0.012891586869955063, 0.011231034062802792, 0.01126360148191452, 0.013409115374088287, 0.011850953102111816, 0.011140097863972187, 0.013899454846978188, 0.011541915126144886, 0.012232163920998573, 0.011216397397220135, 0.011100773699581623, 0.012298443354666233, 0.011230938136577606], "CustomMetrics_Huge_rectangles": [1.4907605648040771, 0.3500202000141144, 0.0811956524848938, 0.008285130374133587, 0.03680090233683586, 0.013799023814499378, 0.0038623367436230183, 0.012102160602807999, 0.0029073054902255535, 0.012773728929460049, 0.0029414414893835783, 0.0033987085334956646, 0.0029323215130716562, 0.003457501996308565, 0.002505731536075473, 0.002210458740592003, 0.003047577105462551, 0.0026422275695949793, 0.002076314529404044, 0.0021266008261591196, 0.0023350974079221487, 0.0022822029422968626, 0.002110216999426484, 0.0018952051177620888, 0.0026639746502041817, 0.0018639309564605355, 0.001896251575089991, 0.0023843059316277504, 0.0017961489502340555, 0.0019669276662170887, 0.0017239012522622943, 0.0018046644981950521, 0.0015711267478764057, 0.001722664455883205, 0.0028848617803305387, 0.002087935106828809, 0.0024464495945721865, 0.002039855346083641, 0.002210412872955203, 0.0020941137336194515, 0.0017355205491185188, 0.0016010650433599949, 0.0016432359116151929, 0.007154115941375494, 0.0016653041820973158, 0.0020588883198797703, 0.0015868041664361954, 0.00196364289149642, 0.0017810194985941052, 0.0026661597657948732, 0.0015250100987032056, 0.001726502669043839, 0.002029255498200655, 0.0015469080535694957, 0.002246896969154477, 0.002487853867933154, 0.0030747444834560156, 0.002912395866587758, 0.0025470005348324776, 0.0014947825111448765, 0.0024784281849861145, 0.001788786961697042, 0.002872128039598465, 0.001726537593640387, 0.002286661649122834, 0.001578416326083243, 0.001659268164075911, 0.0019579725340008736, 0.01036209799349308, 0.002617645775899291, 0.00241834856569767, 0.0019161050440743566, 0.0022846278734505177, 0.0016068416880443692, 0.002667281311005354, 0.0017175026005133986, 0.0015450359787791967, 0.0027943167369812727, 0.002099759876728058, 0.0017819078639149666, 0.00330669479444623, 0.0018695222679525614, 0.002235960913822055, 0.0015489119105041027, 0.0014531627530232072, 0.0021303959656506777, 0.0015289116417989135]}