{"CustomMetrics_Small_rectangles": [0.45182013511657715, 0.11636967957019806, 0.11083261668682098, 0.049776941537857056, 0.04672245681285858, 0.06830668449401855, 0.04896506667137146, 0.03973689302802086, 0.03868364542722702, 0.03996913135051727, 0.04325314238667488, 0.03771411255002022, 0.03371921926736832, 0.02935185842216015, 0.03732960671186447, 0.03425225615501404, 0.029669491574168205, 0.029476486146450043, 0.03034103661775589, 0.029087115079164505, 0.029700148850679398, 0.02961629442870617, 0.026865947991609573, 0.028466450050473213, 0.02689264714717865, 0.028515048325061798, 0.030910441651940346, 0.029897481203079224, 0.028579218313097954, 0.026270519942045212, 0.02904098853468895, 0.027250291779637337, 0.02534571848809719, 0.025241302326321602, 0.023479541763663292, 0.02495097741484642, 0.025864340364933014, 0.025909744203090668, 0.02060585469007492, 0.02228250540792942, 0.024929504841566086, 0.024509767070412636, 0.024737311527132988, 0.023057984188199043, 0.024403171613812447, 0.023568911477923393, 0.02418516017496586, 0.025145020335912704, 0.02080799825489521, 0.02107294462621212, 0.021044619381427765, 0.022453248500823975, 0.023196740075945854, 0.022108763456344604, 0.019653774797916412, 0.019134150817990303, 0.019741898402571678, 0.02321782521903515, 0.021442823112010956, 0.02108643390238285, 0.022118685767054558, 0.022104397416114807, 0.019513782113790512, 0.021542713046073914, 0.018234392628073692, 0.019701963290572166, 0.021980665624141693, 0.020122969523072243, 0.01903008483350277, 0.019717508926987648, 0.020079106092453003, 0.019811328500509262, 0.018963444977998734, 0.02137957699596882, 0.019162070006132126, 0.02089829184114933, 0.01950724981725216, 0.018350059166550636, 0.019048457965254784, 0.01752198301255703, 0.019720379263162613, 0.01711280830204487, 0.017497796565294266, 0.018043167889118195, 0.017314089462161064, 0.018577879294753075, 0.017941996455192566, 0.018350210040807724, 0.01833396591246128, 0.018085133284330368, 0.018574664369225502, 0.016301549971103668, 0.01703166589140892, 0.0172076765447855, 0.01799553632736206, 0.017540453001856804, 0.016161838546395302, 0.017427463084459305, 0.018215475603938103, 0.017152639105916023, 0.017333434894680977, 0.016522936522960663, 0.017119288444519043, 0.01791744865477085, 0.017150385305285454], "CustomMetrics_Mid_rectangles": [0.38876235485076904, 0.11474141478538513, 0.08945833891630173, 0.05511626601219177, 0.050424475222826004, 0.06714531779289246, 0.04931169003248215, 0.04153931513428688, 0.04026469960808754, 0.03890594467520714, 0.041168149560689926, 0.036451686173677444, 0.03442557528614998, 0.030062519013881683, 0.03381563723087311, 0.030379248782992363, 0.02818611077964306, 0.026612726971507072, 0.027738891541957855, 0.025884099304676056, 0.02659444324672222, 0.026701096445322037, 0.024381715804338455, 0.026200680062174797, 0.02413070574402809, 0.025345657020807266, 0.026959842070937157, 0.026390060782432556, 0.024847567081451416, 0.023808356374502182, 0.02626488171517849, 0.02388700656592846, 0.02253674529492855, 0.023002099245786667, 0.021343044936656952, 0.023154020309448242, 0.023121770471334457, 0.024377381429076195, 0.019442204385995865, 0.021198581904172897, 0.022527839988470078, 0.022884484380483627, 0.02262527123093605, 0.021694805473089218, 0.02319711446762085, 0.021659398451447487, 0.023260802030563354, 0.022542757913470268, 0.020796604454517365, 0.020654046908020973, 0.020932111889123917, 0.020862124860286713, 0.022397976368665695, 0.02201426774263382, 0.020224906504154205, 0.019056234508752823, 0.01917320117354393, 0.022003911435604095, 0.02109854482114315, 0.021413085982203484, 0.022022666409611702, 0.021822204813361168, 0.019576959311962128, 0.020859085023403168, 0.018681136891245842, 0.02017267979681492, 0.02130962908267975, 0.020405856892466545, 0.019286630675196648, 0.020202364772558212, 0.020635217428207397, 0.019862879067659378, 0.019157132133841515, 0.019995497539639473, 0.019521893933415413, 0.020707009360194206, 0.020096853375434875, 0.018662650138139725, 0.018241604790091515, 0.017443358898162842, 0.020141758024692535, 0.017281003296375275, 0.017554890364408493, 0.017669858410954475, 0.016820639371871948, 0.018291205167770386, 0.01847134344279766, 0.018183428794145584, 0.017778916284441948, 0.017372019588947296, 0.017372094094753265, 0.016950460150837898, 0.01696723699569702, 0.017821863293647766, 0.018135812133550644, 0.017442217096686363, 0.01637820526957512, 0.01682841219007969, 0.018207166343927383, 0.016780611127614975, 0.018575454130768776, 0.01815797947347164, 0.017743665724992752, 0.017894135788083076, 0.016357341781258583], "CustomMetrics_Huge_rectangles": [0.380984365940094, 0.06450651586055756, 0.05186942592263222, 0.011365986429154873, 0.012735018506646156, 0.013818887062370777, 0.009741947054862976, 0.0105360746383667, 0.011520500294864178, 0.010357694700360298, 0.009988201782107353, 0.009828334674239159, 0.011749348603188992, 0.007999543100595474, 0.007892937399446964, 0.007644809316843748, 0.007390039507299662, 0.005989409517496824, 0.007457140367478132, 0.0063597229309380054, 0.007226758170872927, 0.007493459153920412, 0.005893554538488388, 0.00826252717524767, 0.006323760375380516, 0.00717505207285285, 0.008472545072436333, 0.007501465734094381, 0.007186878472566605, 0.006574018858373165, 0.008373595774173737, 0.006585732102394104, 0.0064055160619318485, 0.006865423172712326, 0.005529789719730616, 0.007274875417351723, 0.0063296533189713955, 0.008321763947606087, 0.004811552353203297, 0.006101131904870272, 0.006848339922726154, 0.007460340857505798, 0.006865643430501223, 0.006428292952477932, 0.00774749182164669, 0.006253828294575214, 0.00869766529649496, 0.007017398253083229, 0.006019415333867073, 0.005805482622236013, 0.006764865946024656, 0.006256949622184038, 0.006986313033849001, 0.007066085934638977, 0.005702975206077099, 0.004957597237080336, 0.004829637240618467, 0.007045477628707886, 0.006130698602646589, 0.006138872355222702, 0.007475126534700394, 0.006845227908343077, 0.005240908358246088, 0.006012304220348597, 0.0049096629954874516, 0.00596279464662075, 0.006704738829284906, 0.006500431336462498, 0.005813824478536844, 0.0064331116154789925, 0.006468160077929497, 0.006082818377763033, 0.005735594779253006, 0.006233885884284973, 0.0061245993711054325, 0.006803326774388552, 0.006372250150889158, 0.005625401623547077, 0.005649592727422714, 0.004871251527220011, 0.006565863266587257, 0.004969235509634018, 0.004809689708054066, 0.005414954852312803, 0.005057972855865955, 0.006070720963180065, 0.005928641185164452, 0.006064649671316147, 0.005545062944293022, 0.005648060701787472, 0.005413366016000509, 0.005425164010375738, 0.00550741795450449, 0.006309524178504944, 0.0062083653174340725, 0.005997496657073498, 0.005234185606241226, 0.005712157115340233, 0.006195528898388147, 0.005206173751503229, 0.006639479659497738, 0.006252434104681015, 0.006178272422403097, 0.006815224885940552, 0.00552613940089941]}