{"CustomMetrics_Small_rectangles": [0.012347313575446606, 0.013789639808237553, 0.012770066037774086, 0.011333474889397621, 0.011747990734875202, 0.011608194559812546, 0.01399973314255476, 0.011818545870482922, 0.013251231983304024, 0.011128237470984459, 0.011432654224336147, 0.012262134812772274, 0.011484196409583092, 0.012212444096803665, 0.01185707189142704, 0.012688563205301762, 0.011089070700109005, 0.011544880457222462, 0.01210014522075653, 0.01091313548386097, 0.011806703172624111, 0.010693831369280815, 0.010697786696255207, 0.011108938604593277, 0.011557304300367832, 0.010455865412950516, 0.011139748618006706, 0.010518544353544712, 0.010501081123948097, 0.009538405574858189, 0.010379654355347157, 0.010558328591287136, 0.009740027599036694, 0.009403308853507042, 0.009347607381641865, 0.009501377120614052, 0.009211236611008644, 0.008872445672750473, 0.009907362051308155, 0.009766371920704842, 0.008266951888799667, 0.010055177845060825, 0.009596860967576504, 0.009588053449988365, 0.010309875942766666, 0.009288372471928596, 0.008988942950963974, 0.00828472152352333, 0.008463246747851372, 0.007844110950827599, 0.007960659451782703, 0.008570060133934021, 0.008776049129664898, 0.007429221644997597, 0.008336808532476425, 0.010367367416620255, 0.008231941610574722, 0.008411104790866375, 0.008849931880831718, 0.008799320086836815, 0.008917607367038727, 0.007215222343802452, 0.008436211384832859, 0.008656487800180912, 0.008500669151544571, 0.00814629066735506, 0.008139021694660187, 0.009533306583762169, 0.00885220617055893, 0.00878650601953268, 0.008458860218524933, 0.008468852378427982, 0.007821503095328808, 0.009340169839560986, 0.008716543205082417, 0.008641938678920269, 0.008622984401881695, 0.008560562506318092, 0.009515086188912392, 0.008526032790541649, 0.008935755118727684, 0.008740933611989021, 0.00981312058866024, 0.009505231864750385, 0.00889821257442236, 0.008704157546162605, 0.008688578382134438, 0.008734618313610554, 0.009965392760932446, 0.009987417608499527, 0.010565423406660557, 0.009899630211293697, 0.009025931358337402], "CustomMetrics_Mid_rectangles": [0.011369477957487106, 0.012421122752130032, 0.011762654408812523, 0.010837910696864128, 0.01076077576726675, 0.010227891616523266, 0.012311461381614208, 0.01053640153259039, 0.011411476880311966, 0.009812507778406143, 0.01020904816687107, 0.010414017364382744, 0.009767064824700356, 0.010089805349707603, 0.009829787537455559, 0.010157624259591103, 0.009151453152298927, 0.009059278294444084, 0.009563098661601543, 0.008824998512864113, 0.009092073887586594, 0.008978500962257385, 0.009104253724217415, 0.00928252562880516, 0.009620657190680504, 0.008982226252555847, 0.009199336171150208, 0.00896778516471386, 0.008509996347129345, 0.008144288323819637, 0.008776846341788769, 0.008345630951225758, 0.0086918780580163, 0.007916606031358242, 0.00787244364619255, 0.008115365169942379, 0.00790613517165184, 0.0077394526451826096, 0.008058606646955013, 0.008019810542464256, 0.007280557882040739, 0.008214236237108707, 0.008157270960509777, 0.008572645485401154, 0.009146755561232567, 0.007917579263448715, 0.007692910730838776, 0.007542726118117571, 0.007456252351403236, 0.0067811161279678345, 0.006940177641808987, 0.007609089370816946, 0.007216167636215687, 0.006723420694470406, 0.007275229785591364, 0.009377775713801384, 0.008006449788808823, 0.00785093568265438, 0.008157249540090561, 0.008492836728692055, 0.00799780897796154, 0.006947662215679884, 0.007836448960006237, 0.008048738352954388, 0.008177024312317371, 0.008095706813037395, 0.0076166489161551, 0.009075198322534561, 0.007982252165675163, 0.007429805118590593, 0.00784230325371027, 0.007903732359409332, 0.007525923196226358, 0.009304288774728775, 0.008070145733654499, 0.00792759656906128, 0.008121538907289505, 0.007928578183054924, 0.008142801932990551, 0.007641992997378111, 0.007936310023069382, 0.00799541175365448, 0.0089223338291049, 0.008564801886677742, 0.008123178035020828, 0.007687642704695463, 0.007855532690882683, 0.007794535718858242, 0.008595006540417671, 0.008439858444035053, 0.009626994840800762, 0.008793861605226994, 0.008516615256667137], "CustomMetrics_Huge_rectangles": [0.0016481219790875912, 0.0017088771564885974, 0.0014846440171822906, 0.0012437183177098632, 0.001288166269659996, 0.0012124798959121108, 0.001547838095575571, 0.0011035734787583351, 0.0015511505771428347, 0.0010633842321112752, 0.0010476014576852322, 0.0013421885669231415, 0.0010796146234497428, 0.0012049187207594514, 0.001018097740598023, 0.0011951193446293473, 0.0009412455838173628, 0.0009941104799509048, 0.0011062518460676074, 0.0007994001498445868, 0.0013461540220305324, 0.0008618708816356957, 0.0007905032834969461, 0.0008612557430751622, 0.0010399981401860714, 0.0009743273258209229, 0.0009083724580705166, 0.0007138099172152579, 0.0007359478622674942, 0.0007778166909702122, 0.0008994361269287765, 0.0008365997928194702, 0.0007363726035691798, 0.0006110544200055301, 0.0007043816731311381, 0.0007122717215679586, 0.0008741120109334588, 0.0007663037395104766, 0.0007507918635383248, 0.0009407332399860024, 0.0006815020460635424, 0.0008205447229556739, 0.0007993032922968268, 0.0007165686693042517, 0.0008190633961930871, 0.0007489577401429415, 0.0008947409223765135, 0.0007292304653674364, 0.0009269523434340954, 0.0008841003873385489, 0.0006986316293478012, 0.0008389629074372351, 0.0006980752223171294, 0.0005509989568963647, 0.0007423099013976753, 0.0012814814690500498, 0.0006511343526653945, 0.0007536291959695518, 0.0005870551685802639, 0.000753980886656791, 0.000872288306709379, 0.0007394534186460078, 0.0008093893411569297, 0.0006515538552775979, 0.0007392322877421975, 0.0007283955928869545, 0.0005822406965307891, 0.0007429900579154491, 0.0007602829136885703, 0.00085115508409217, 0.0006241932860575616, 0.0007608074229210615, 0.0006619252380914986, 0.0008757174946367741, 0.0008603258174844086, 0.000661218713503331, 0.0008116111857816577, 0.00057322031352669, 0.0009408722398802638, 0.0006768812309019268, 0.0009343019337393343, 0.0005603802273981273, 0.0007546144770458341, 0.0007742424495518208, 0.0007797204307280481, 0.0006716384086757898, 0.000659602286759764, 0.0007801132160238922, 0.0011438610963523388, 0.0008152605150826275, 0.0010368264047428966, 0.0007811894756741822, 0.0006600846536457539]}