{"CustomMetrics_Small_rectangles": [0.029877828434109688, 0.01169715914875269, 0.013037184253334999, 0.011962377466261387, 0.011347701773047447, 0.010638687759637833, 0.012104718014597893, 0.010724803432822227, 0.00970207154750824, 0.009931815788149834, 0.010465230792760849, 0.00900426134467125, 0.008864679373800755, 0.008959752507507801, 0.008218605071306229, 0.008359621278941631, 0.009625636972486973, 0.010709200985729694, 0.008984966203570366, 0.006130116526037455, 0.00511252973228693, 0.005640454590320587, 0.010705703869462013, 0.00832908134907484, 0.00590115413069725, 0.005260935984551907, 0.0063844239339232445, 0.003953136503696442, 0.010137168690562248, 0.00766777666285634, 0.006186145823448896, 0.0043611410073935986, 0.004975328221917152, 0.005431547295302153, 0.00572936050593853, 0.0034284712746739388, 0.004922962281852961, 0.005582259502261877, 0.0036444957368075848, 0.004208005033433437, 0.003432314144447446, 0.005262640304863453, 0.005242951679974794, 0.0031005102209746838, 0.0029952526092529297, 0.002948419190943241, 0.0030617571901530027, 0.003275413764640689, 0.0035577553790062666, 0.003498625475913286, 0.00337980012409389, 0.0029017729684710503, 0.004520941525697708, 0.00459529971703887, 0.002936478704214096, 0.003596898401156068, 0.0032290334347635508, 0.0037168364506214857, 0.0030629110988229513, 0.0038155289366841316, 0.0031368653289973736, 0.004289445001631975, 0.003950139507651329, 0.0032395627349615097, 0.00403776578605175, 0.00421686889603734, 0.0039921049028635025, 0.0032477458007633686, 0.003923996817320585, 0.004276467952877283, 0.0035830221604555845, 0.005029228515923023, 0.003531369147822261, 0.0030310170259326696, 0.0030214569997042418, 0.00276679708622396, 0.0031841997988522053, 0.0028109645936638117, 0.002869333839043975, 0.002993272617459297, 0.002960854908451438, 0.0028959012124687433, 0.0026970012113451958, 0.002764215227216482, 0.0052750674076378345, 0.004344209097325802, 0.0025151974987238646, 0.0028058236930519342, 0.0022424745839089155, 0.002790943719446659, 0.0026657048147171736, 0.003579518524929881, 0.0032241304870694876, 0.005355504807084799, 0.0045581297017633915, 0.0035131778568029404, 0.0027803380507975817, 0.0026579268742352724], "CustomMetrics_Mid_rectangles": [0.027190223336219788, 0.011024837382137775, 0.012432251125574112, 0.011343838647007942, 0.010793833993375301, 0.01033755112439394, 0.0114865368232131, 0.010370626114308834, 0.009236733429133892, 0.009503558278083801, 0.009359783492982388, 0.008608371950685978, 0.008397734723985195, 0.008428738452494144, 0.007928654551506042, 0.00798588152974844, 0.008621076121926308, 0.010473488830029964, 0.007365459110587835, 0.006345384754240513, 0.005483429413288832, 0.004979643505066633, 0.006271837744861841, 0.005880169570446014, 0.004889322444796562, 0.005040836054831743, 0.004316625185310841, 0.0037692002952098846, 0.008169806562364101, 0.005452020559459925, 0.0046302564442157745, 0.0036848250310868025, 0.005620128940790892, 0.004032157361507416, 0.004170344676822424, 0.0034455624409019947, 0.003478855127468705, 0.0038584533613175154, 0.003310756292194128, 0.0032859607599675655, 0.0027456767857074738, 0.004065842367708683, 0.003405460389330983, 0.002570715732872486, 0.0027739452198147774, 0.00241238996386528, 0.0026961653493344784, 0.0025081017520278692, 0.0025883822236210108, 0.002428691368550062, 0.0023403484374284744, 0.002369459718465805, 0.0035128456074744463, 0.0028426761273294687, 0.0022343569435179234, 0.002244658302515745, 0.002027209848165512, 0.00246008881367743, 0.001858675153926015, 0.002243590774014592, 0.001878841663710773, 0.002443609293550253, 0.0025601820088922977, 0.001766215660609305, 0.0025483921635895967, 0.00244344980455935, 0.00260973465628922, 0.001866435632109642, 0.0021634409204125404, 0.0024620965123176575, 0.0019836705178022385, 0.002806271892040968, 0.002471236977726221, 0.002082475693896413, 0.0015849227784201503, 0.001598002971149981, 0.002076367847621441, 0.0018825428560376167, 0.0017331738490611315, 0.0017578939441591501, 0.002121714409440756, 0.0017828868003562093, 0.0018241733778268099, 0.0017691337270662189, 0.004051223397254944, 0.0032152673229575157, 0.0015536845894530416, 0.0015169112011790276, 0.0017445109551772475, 0.0014734212309122086, 0.00174725241959095, 0.0020329393446445465, 0.0018111646641045809, 0.005401312373578548, 0.003332378575578332, 0.00219511310569942, 0.0019023987697437406, 0.0017228614306077361], "CustomMetrics_Huge_rectangles": [0.012875528074800968, 0.002152755856513977, 0.002823061775416136, 0.0021017249673604965, 0.00177654973231256, 0.0016677987296134233, 0.0025383667089045048, 0.0018798178061842918, 0.0017318770987913013, 0.0018531054956838489, 0.0025546271353960037, 0.0017332626739516854, 0.002449000719934702, 0.002229144563898444, 0.001738909399136901, 0.0018111992394551635, 0.0018246793188154697, 0.00171414646320045, 0.0023429824505001307, 0.0022676344960927963, 0.0021406530868262053, 0.002238091779872775, 0.002436063950881362, 0.0029721383471041918, 0.002746154321357608, 0.0031180104706436396, 0.0025194899644702673, 0.003801514394581318, 0.0020878028590232134, 0.0018473612144589424, 0.0020375829190015793, 0.0026227664202451706, 0.00225054076872766, 0.0042333295568823814, 0.0025667569134384394, 0.002905296627432108, 0.002537862164899707, 0.002451098756864667, 0.003364697564393282, 0.002444671932607889, 0.003684296505525708, 0.002617886057123542, 0.002478562295436859, 0.0031477236188948154, 0.0034325351007282734, 0.0031087221577763557, 0.003959074150770903, 0.0029360682237893343, 0.002279942389577627, 0.0022560101933777332, 0.002288566902279854, 0.0028590692672878504, 0.00232860934920609, 0.002452471060678363, 0.0025601673405617476, 0.003025345504283905, 0.00406716950237751, 0.0022356417030096054, 0.0031963714864104986, 0.002663332736119628, 0.0034239990636706352, 0.0028126484248787165, 0.0029699390288442373, 0.004402918741106987, 0.003185537876561284, 0.0033195994328707457, 0.002947417087852955, 0.003638412104919553, 0.002777281915768981, 0.0031042250338941813, 0.0027200181502848864, 0.0025006462819874287, 0.0020211876835674047, 0.002329704351723194, 0.002829338423907757, 0.002852500881999731, 0.002023587003350258, 0.0020867022685706615, 0.0023737538140267134, 0.0019921427592635155, 0.0021413841750472784, 0.0025386058259755373, 0.0026023839600384235, 0.004070000257343054, 0.001500399666838348, 0.001698491396382451, 0.002663470571860671, 0.0031897977460175753, 0.0023647192865610123, 0.003201428335160017, 0.002457410329952836, 0.002155220601707697, 0.0022536334581673145, 0.0026944933924824, 0.0014760888880118728, 0.001502852886915207, 0.0018682811642065644, 0.0018021489959210157]}