{"CustomMetrics_Small_rectangles": [0.1628502607345581, 0.0386604443192482, 0.017092064023017883, 0.01634579710662365, 0.020623451098799706, 0.016901912167668343, 0.02274724841117859, 0.03320978581905365, 0.01623542606830597, 0.014722069725394249, 0.011772627010941505, 0.011716891080141068, 0.016457712277770042, 0.010596869513392448, 0.01250228751450777, 0.011135968379676342, 0.013072837144136429, 0.01108107902109623, 0.015818757936358452, 0.01496132928878069, 0.010325878858566284, 0.010932841338217258, 0.0125234704464674, 0.015192880295217037, 0.010377589613199234, 0.013164160773158073, 0.010305606760084629, 0.014413685537874699, 0.012171792797744274, 0.01199267152696848, 0.010794191621243954, 0.009157604537904263, 0.011644612066447735, 0.009690915234386921, 0.009691156446933746, 0.021492479369044304, 0.025838641449809074, 0.009068452753126621, 0.009636630304157734, 0.012371773831546307, 0.012354551814496517, 0.009671489708125591, 0.01215770747512579, 0.009937066584825516, 0.028829123824834824, 0.007498734164983034, 0.011454993858933449, 0.00916907750070095, 0.008202276192605495, 0.007620204705744982, 0.011199695989489555, 0.012871244922280312], "CustomMetrics_Mid_rectangles": [0.1398044228553772, 0.02680610492825508, 0.01259307749569416, 0.011475084349513054, 0.013486615382134914, 0.011548726819455624, 0.017368923872709274, 0.02282066084444523, 0.011189418844878674, 0.010633429512381554, 0.008391153067350388, 0.009365205653011799, 0.01298751775175333, 0.00841415673494339, 0.009010973386466503, 0.009568577632308006, 0.009866391308605671, 0.0090409554541111, 0.011364142410457134, 0.013278181664645672, 0.008402985520660877, 0.009344852529466152, 0.009553494863212109, 0.013690230436623096, 0.009099611081182957, 0.01019772607833147, 0.008734260685741901, 0.011658268049359322, 0.009588933549821377, 0.009389393031597137, 0.008656792342662811, 0.007654707413166761, 0.00896634440869093, 0.008237720467150211, 0.008336936123669147, 0.019697625190019608, 0.021004941314458847, 0.007650388870388269, 0.0095534548163414, 0.012166065163910389, 0.009594811126589775, 0.008336992003023624, 0.009196166880428791, 0.007865801453590393, 0.022104155272245407, 0.008053858764469624, 0.010190202854573727, 0.007362194359302521, 0.007399477064609528, 0.0068533895537257195, 0.010216210968792439, 0.010448976419866085], "CustomMetrics_Huge_rectangles": [0.06917428225278854, 0.01116724032908678, 0.004078036639839411, 0.0034661584068089724, 0.004118198528885841, 0.003420299617573619, 0.006377981044352055, 0.009524506516754627, 0.002339316299185157, 0.002101760357618332, 0.0022881098557263613, 0.002122938632965088, 0.003551913658156991, 0.001510581118054688, 0.002199876122176647, 0.002071284456178546, 0.001847864710725844, 0.0019397904397919774, 0.002990361303091049, 0.003223983570933342, 0.001417674357071519, 0.0018114226404577494, 0.002777354558929801, 0.0033143116161227226, 0.0013625255087390542, 0.004589517135173082, 0.0017111181514337659, 0.0025137451011687517, 0.001792861265130341, 0.0018216216703876853, 0.001416188315488398, 0.0010011013364419341, 0.001686840900219977, 0.0014166804030537605, 0.0012437521945685148, 0.006661080289632082, 0.009824021719396114, 0.001019560149870813, 0.0017674502450972795, 0.002124777063727379, 0.003020718228071928, 0.0009829063201323152, 0.001833546906709671, 0.0013011699775233865, 0.009889367036521435, 0.0018451205687597394, 0.0023613804951310158, 0.001403986825607717, 0.0008437950164079666, 0.001540248398669064, 0.001353803905658424, 0.0025199882220476866]}