{"CustomMetrics_Small_rectangles": [0.013975335285067558, 0.012524274177849293, 0.011927270330488682, 0.011611745692789555, 0.012470078654587269, 0.011356494389474392, 0.010919748805463314, 0.011205585673451424, 0.01185512263327837, 0.011364525184035301, 0.011422887444496155, 0.011456767097115517, 0.01125806849449873, 0.01391559187322855, 0.01124931313097477, 0.01139307301491499, 0.011944551020860672, 0.012004092335700989, 0.01237538456916809, 0.01153692975640297, 0.011690963059663773, 0.012617525644600391, 0.011832358315587044, 0.012157639488577843, 0.013261121697723866, 0.011804049834609032, 0.011780920438468456, 0.011719904839992523, 0.011528469622135162, 0.011892956681549549, 0.01206471398472786, 0.013815229758620262, 0.012017722241580486, 0.01175281684845686, 0.012665103189647198, 0.011908947490155697, 0.011646187864243984, 0.014053829945623875, 0.011800597421824932, 0.01165460143238306, 0.011536876671016216, 0.01178684551268816, 0.01162042934447527, 0.011877038516104221, 0.011359868571162224, 0.010476137511432171, 0.010380642488598824, 0.012210565619170666, 0.011632818728685379, 0.011205542832612991, 0.012268530204892159, 0.011216120794415474, 0.012643733061850071, 0.011705988086760044, 0.012117899022996426, 0.01099733542650938, 0.012027536518871784, 0.011607474647462368, 0.011032363399863243, 0.011080869473516941, 0.01200543437153101, 0.012066463008522987, 0.010591580532491207, 0.01211459469050169, 0.01175309531390667, 0.013085191138088703, 0.01204341184347868, 0.012587319128215313, 0.012594043277204037, 0.012544452212750912, 0.012474640272557735, 0.010824107564985752, 0.011286056600511074, 0.01410108245909214, 0.01162040140479803, 0.011058003641664982, 0.010711339302361012, 0.01157432608306408, 0.011024345643818378, 0.011684976518154144, 0.011907570995390415], "CustomMetrics_Mid_rectangles": [0.013004163280129433, 0.01161395013332367, 0.010886428877711296, 0.010672797448933125, 0.011243000626564026, 0.01053138729184866, 0.01027983333915472, 0.010745012201368809, 0.010850916616618633, 0.010878317058086395, 0.010614750906825066, 0.010714965872466564, 0.010579155758023262, 0.012221262790262699, 0.010934547521173954, 0.010515483096241951, 0.01071282010525465, 0.01075187511742115, 0.01090201735496521, 0.010276499204337597, 0.010393444448709488, 0.010825606063008308, 0.010312671773135662, 0.010529865510761738, 0.011081085540354252, 0.010193845257163048, 0.01023564487695694, 0.01015519443899393, 0.010097437538206577, 0.010436316020786762, 0.010379347950220108, 0.011501302011311054, 0.010109728202223778, 0.0099951708689332, 0.010593713261187077, 0.010157461278140545, 0.009859933517873287, 0.011417440138757229, 0.009977906942367554, 0.009740283712744713, 0.009881118312478065, 0.009941806085407734, 0.00979534164071083, 0.0099690156057477, 0.009718842804431915, 0.00938819907605648, 0.009135851636528969, 0.01009391900151968, 0.009885428473353386, 0.00952593982219696, 0.01022054348140955, 0.009661086834967136, 0.01031181775033474, 0.009866631589829922, 0.010168325155973434, 0.00944006908684969, 0.009930779226124287, 0.009863941930234432, 0.009556313045322895, 0.00952075980603695, 0.01006264891475439, 0.010047935880720615, 0.009143233299255371, 0.010175052098929882, 0.010032860562205315, 0.01092213299125433, 0.010203424841165543, 0.010453435592353344, 0.01040137279778719, 0.010432996787130833, 0.010511288419365883, 0.009292962029576302, 0.009454586543142796, 0.011511042714118958, 0.009764166548848152, 0.0091415299102664, 0.008979925885796547, 0.009745309129357338, 0.009352651424705982, 0.009610447101294994, 0.009627902880311012], "CustomMetrics_Huge_rectangles": [0.0030265820678323507, 0.001886989688500762, 0.0015251185977831483, 0.0015330709284171462, 0.001845982507802546, 0.0014432212337851524, 0.0013483786024153233, 0.0017532958881929517, 0.0015025298343971372, 0.0017786943353712559, 0.0013896289747208357, 0.0014023551484569907, 0.001266330829821527, 0.0021467749029397964, 0.001594200381077826, 0.0013766168849542737, 0.0013452217681333423, 0.0014382009394466877, 0.00160323700401932, 0.0012333011254668236, 0.0013482888462021947, 0.0015498109860345721, 0.0013226522132754326, 0.0014334022998809814, 0.0017537943786010146, 0.001404513488523662, 0.0013593386393040419, 0.0012773913331329823, 0.0011893666815012693, 0.0013390082167461514, 0.0014601005241274834, 0.0018972248071804643, 0.001177522586658597, 0.0012434317031875253, 0.001564989797770977, 0.0013111357111483812, 0.0013802323956042528, 0.0021051932126283646, 0.001159349107183516, 0.0013085303362458944, 0.0011530733900144696, 0.0012397528626024723, 0.0011123649310320616, 0.0012200184864923358, 0.0013748883502557874, 0.0012188346590846777, 0.0009086253703571856, 0.0011968130711466074, 0.0012354309437796474, 0.0010032299906015396, 0.0012677788035944104, 0.0011690069222822785, 0.0012911837548017502, 0.0012137162266299129, 0.0013367835199460387, 0.001165725290775299, 0.0013318153796717525, 0.0012383743887767196, 0.0010626896983012557, 0.0011364719830453396, 0.0012871924554929137, 0.0011616781121119857, 0.0009194135200232267, 0.0011811567237600684, 0.0012323902919888496, 0.0012702486710622907, 0.001042739488184452, 0.0013419421156868339, 0.0013852010015398264, 0.0012049933429807425, 0.0011941754491999745, 0.0008872263133525848, 0.0008532631327398121, 0.0014849451836198568, 0.0010487032122910023, 0.0009084314224310219, 0.0009568521054461598, 0.0011876090429723263, 0.001146690221503377, 0.001281829783692956, 0.0010306230979040265]}