{"CustomMetrics_Small_rectangles": [0.028924543410539627, 0.021896066144108772, 0.019714025780558586, 0.01505131646990776, 0.010426306165754795, 0.014157748781144619, 0.01165069080889225, 0.012744070030748844, 0.014814398251473904, 0.006759497337043285, 0.009568062610924244, 0.005045549478381872, 0.00871342234313488, 0.008578571490943432, 0.006100392900407314, 0.005838066805154085, 0.004745167214423418, 0.008717597462236881, 0.004614845849573612, 0.0067788101732730865, 0.004156139679253101, 0.004555985797196627, 0.006529793608933687, 0.003937946632504463, 0.00515093794092536, 0.004467963241040707, 0.004964116495102644, 0.004323635715991259, 0.0039999717846512794, 0.003972734324634075, 0.004151994828134775, 0.003511695424094796, 0.0036502457223832607, 0.003891297150403261, 0.004699248354882002, 0.003283548867329955, 0.003940913360565901, 0.004701124969869852, 0.004018744919449091, 0.003262086771428585, 0.0036986013874411583, 0.0033867894671857357, 0.004175866022706032, 0.0038963037077337503, 0.0037778711412101984, 0.0033142028842121363, 0.003420937107875943, 0.004056439269334078, 0.0035556245129555464, 0.003519088728353381, 0.003450720338150859, 0.0037157549522817135, 0.004177171736955643, 0.0032555577345192432, 0.003577383467927575, 0.0027925334870815277, 0.002873997436836362, 0.002938746940344572, 0.0027762928511947393, 0.002878095954656601, 0.0027576438151299953, 0.0028162950184196234, 0.0031736784148961306, 0.002785265911370516, 0.002786484779790044, 0.0027270845603197813, 0.0028385180048644543, 0.0025190452579408884, 0.002528324956074357, 0.00263220421038568, 0.0030222665518522263, 0.0027328121941536665, 0.0022672510240226984, 0.002535351552069187, 0.0024910992942750454, 0.002015660982578993, 0.0020827583502978086, 0.0019949290435761213, 0.0025233705528080463, 0.0019712704233825207, 0.0031202626414597034, 0.002126597100868821, 0.002499528229236603, 0.002741122618317604, 0.002328223781660199, 0.0022255522198975086, 0.0025713948998600245, 0.0027005509473383427, 0.0021150228567421436, 0.0020505075808614492, 0.0018705176189541817, 0.002293118042871356, 0.0024806144647300243, 0.0022768890485167503, 0.0027004447765648365, 0.0018887895857915282, 0.002237245673313737, 0.0016617197543382645, 0.0017772880382835865, 0.0013893466675654054, 0.0016804697224870324, 0.002329947194084525, 0.002097768010571599, 0.002201627241447568, 0.002149836625903845], "CustomMetrics_Mid_rectangles": [0.01879015751183033, 0.013709038496017456, 0.012142086401581764, 0.009172509424388409, 0.006647489964962006, 0.008555775508284569, 0.0071409922093153, 0.007250620052218437, 0.008365011774003506, 0.004461213946342468, 0.006248437333852053, 0.003870747284963727, 0.005718338768929243, 0.005334698129445314, 0.003886398859322071, 0.003587545594200492, 0.00317068537697196, 0.005617913324385881, 0.0029833216685801744, 0.0042478833347558975, 0.00272511993534863, 0.002950635040178895, 0.004124883562326431, 0.002633810741826892, 0.003248945577070117, 0.0027042522560805082, 0.0031651549506932497, 0.0026733465492725372, 0.0026637320406734943, 0.002411719411611557, 0.002615354023873806, 0.0023316573351621628, 0.002206714591011405, 0.0023909672163426876, 0.002828427357599139, 0.0020880841184407473, 0.002237793756648898, 0.002894938224926591, 0.0025319193955510855, 0.002050305251032114, 0.0022110124118626118, 0.0020935952197760344, 0.0024505367036908865, 0.002414336195215583, 0.0022510653361678123, 0.0020060937386006117, 0.002122575417160988, 0.002232097089290619, 0.002175339963287115, 0.0019400814780965447, 0.002097811084240675, 0.002082616090774536, 0.002286192961037159, 0.0017759233014658093, 0.0018306628335267305, 0.0014656269922852516, 0.001443884102627635, 0.0013968001585453749, 0.00134271162096411, 0.0013023533392697573, 0.0012932457029819489, 0.0012377811362966895, 0.0014369040727615356, 0.0013758352724835277, 0.0013261630665510893, 0.0012260210933163762, 0.0015113120898604393, 0.0010123929241672158, 0.001057627610862255, 0.0010844384087249637, 0.0013555623590946198, 0.0013455665903165936, 0.0008904493879526854, 0.0010804870398715138, 0.0010101809166371822, 0.0007831360562704504, 0.0009185642702504992, 0.0008205205667763948, 0.0010395401623100042, 0.0007840227335691452, 0.0014556145761162043, 0.0008594008395448327, 0.0011585289612412453, 0.0011688191443681717, 0.0008982123690657318, 0.000881739251781255, 0.0010706729954108596, 0.0012268329737707973, 0.000819722656160593, 0.0008455919451080263, 0.0007305413600988686, 0.0010002104099839926, 0.0011470122262835503, 0.0009416319080628455, 0.0011220099404454231, 0.0008123193983919919, 0.0010737247066572309, 0.0006713078473694623, 0.0007225364679470658, 0.0006190197891555727, 0.0008706034859642386, 0.0008092192001640797, 0.0008203971665352583, 0.0009073709370568395, 0.0010139497462660074], "CustomMetrics_Huge_rectangles": [0.005910551641136408, 0.00465661846101284, 0.0031092853751033545, 0.0024115978740155697, 0.0019573308527469635, 0.0019441315671429038, 0.001789376954548061, 0.001761527033522725, 0.0023264738265424967, 0.0016074107261374593, 0.001675729057751596, 0.0010994240874424577, 0.0023259215522557497, 0.0011233926052227616, 0.001048769918270409, 0.0009599811164662242, 0.000790321733802557, 0.0016464614309370518, 0.0007126076961867511, 0.0011525251902639866, 0.0006407701876014471, 0.000764600932598114, 0.0019732431974262, 0.0009171981364488602, 0.0009534233249723911, 0.0005545872263610363, 0.0007971191080287099, 0.0007091747247613966, 0.0005880322423763573, 0.0004345924244262278, 0.00034969160333275795, 0.0006688418798148632, 0.00038090618909336627, 0.00047198301763273776, 0.0007625488797202706, 0.0003797565004788339, 0.0004261752183083445, 0.0004265422176104039, 0.00044122745748609304, 0.000269357260549441, 0.0003646936092991382, 0.0002423212572466582, 0.00038116765790618956, 0.0003920741437468678, 0.0002650858659762889, 0.00023155742383096367, 0.0002879850217141211, 0.0003552897251211107, 0.00031571160070598125, 0.00040501871262677014, 0.000744787510484457, 0.0004859638283960521, 0.00040948542300611734, 0.00022395847190637141, 0.0002860732201952487, 0.00018793880008161068, 0.00022792840900365263, 0.00019307005277369171, 0.0001676703686825931, 0.0001605671423021704, 0.00024645242956466973, 0.0001304237375734374, 0.00018638027540873736, 0.0002668566594365984, 0.00024383887648582458, 0.0001914619206218049, 0.00022504228400066495, 0.00016797924763523042, 0.00013330481306184083, 0.00017907089204527438, 0.0001879306510090828, 0.00034551130374893546, 0.00017399346688762307, 0.00023018859792500734, 0.00016636979125905782, 0.00014542393910232931, 0.00018667540280148387, 0.00014439666119869798, 0.00022347213234752417, 0.00016673847858328372, 0.00023886843700893223, 0.00021409035252872854, 0.0003159089246764779, 0.0002449634484946728, 0.00015138044545892626, 0.00019492623687256128, 0.00020617149129975587, 0.0002337098412681371, 0.0001959574146894738, 0.0002599078288767487, 0.00015991069085430354, 0.00026262711617164314, 0.0002045532310148701, 0.00034781688009388745, 0.0002676851872820407, 0.00016679440159350634, 0.0001918499037856236, 0.00022224006534088403, 0.00022337793780025095, 0.00019754498498514295, 0.0002326981775695458, 0.00021792945335619152, 0.00022013559646438807, 0.00020067130390089005, 0.0003104491042904556]}