{"CustomMetrics_Small_rectangles": [0.013618450611829758, 0.01181848905980587, 0.010828339494764805, 0.01133489329367876, 0.010335497558116913, 0.008403430692851543, 0.0120792081579566, 0.009727932512760162, 0.007552106399089098, 0.007539048325270414, 0.007652232423424721, 0.006048922426998615, 0.007020372431725264, 0.00621463917195797, 0.006341635715216398, 0.0061205108650028706, 0.006035598460584879, 0.005896019749343395, 0.005281890742480755, 0.005774147808551788, 0.0046831294894218445, 0.006009330973029137, 0.004628939088433981, 0.004693289287388325, 0.005166098475456238, 0.005267104133963585, 0.004221680574119091, 0.004086537752300501, 0.004287855699658394, 0.004245256073772907, 0.004343104083091021, 0.003967478405684233, 0.004677761346101761, 0.00410324614495039, 0.003896365873515606, 0.004007355310022831, 0.004379881080240011, 0.0047623710706830025, 0.004189247731119394, 0.003632707055658102, 0.004576324485242367, 0.0047676884569227695, 0.004008102230727673, 0.0037053560372442007, 0.0034547168761491776, 0.004003218840807676, 0.004094264004379511, 0.0035625104792416096, 0.0034026599023491144, 0.0035219232086092234, 0.004075231030583382, 0.004515910521149635, 0.0034982217475771904, 0.004244477022439241, 0.004097676835954189, 0.0033316609915345907, 0.0037147148977965117, 0.0034076080191880465, 0.003672937862575054, 0.004360378719866276, 0.00408954918384552, 0.004058422986418009, 0.003660143120214343, 0.0036336244083940983, 0.00334740593098104, 0.0035711899399757385, 0.0033899147529155016, 0.004773312248289585, 0.004099859390407801, 0.0034077910240739584, 0.004067359026521444, 0.00345482281409204, 0.0033970926888287067, 0.0033132906537503004, 0.003351660678163171, 0.0038297914434224367, 0.003968356642872095, 0.0035363330971449614, 0.0029501689132303, 0.0031201946549117565, 0.0030231045093387365, 0.0027860719710588455, 0.00343779637478292, 0.00325556518509984, 0.0025139437057077885, 0.003062019357457757, 0.002998743671923876, 0.0036112291272729635, 0.0025262273848056793, 0.002669667825102806, 0.0033816504292190075, 0.0037207435816526413, 0.0037952852435410023, 0.0030688338447362185, 0.003958815708756447, 0.0038314289413392544, 0.0030388259328901768, 0.005154398735612631], "CustomMetrics_Mid_rectangles": [0.012793228030204773, 0.011934240348637104, 0.010401837527751923, 0.010738146491348743, 0.009608429856598377, 0.008342516608536243, 0.009724404662847519, 0.007723034359514713, 0.006539324298501015, 0.006435357499867678, 0.00596456928178668, 0.005461015272885561, 0.005692890379577875, 0.005555585492402315, 0.005581872072070837, 0.0054847123101353645, 0.005367197096347809, 0.0051467097364366055, 0.00473921000957489, 0.005492270924150944, 0.004287519957870245, 0.005004033911973238, 0.004312172066420317, 0.004176033195108175, 0.004761883523315191, 0.0043755401857197285, 0.0036798035725951195, 0.0037604726385325193, 0.004019030835479498, 0.004249268211424351, 0.004304562695324421, 0.0037495780270546675, 0.0044708531349897385, 0.0037590174470096827, 0.003457973012700677, 0.0037739258259534836, 0.004202227108180523, 0.0045334454625844955, 0.004043413791805506, 0.0034512681886553764, 0.004427249543368816, 0.004363975953310728, 0.0037970812991261482, 0.003629595972597599, 0.003310741623863578, 0.0033453600481152534, 0.0037001471500843763, 0.0032633470837026834, 0.003458029357716441, 0.003342714160680771, 0.003430089447647333, 0.004119654186069965, 0.003370078047737479, 0.003715864149853587, 0.0037336444947868586, 0.0032562632113695145, 0.0034873674158006907, 0.003367649856954813, 0.003639627480879426, 0.003923177719116211, 0.003568260231986642, 0.003656823420897126, 0.003601080970838666, 0.0032828915864229202, 0.0031066634692251682, 0.00331115978769958, 0.0034292384516447783, 0.003907984122633934, 0.003528512781485915, 0.0028664004057645798, 0.0034546852111816406, 0.0028617759235203266, 0.002818992594256997, 0.0028367899358272552, 0.0028498393949121237, 0.003391394391655922, 0.003640713170170784, 0.0031221078243106604, 0.0026194381061941385, 0.002539675682783127, 0.0026512551121413708, 0.002321134088560939, 0.0031674636993557215, 0.002811701502650976, 0.0023905558045953512, 0.0026895287446677685, 0.0026741838082671165, 0.003044807817786932, 0.0021527791395783424, 0.00235445867292583, 0.002778401132673025, 0.002900447929278016, 0.00337691861204803, 0.0022399977315217257, 0.002926384564489126, 0.003172385971993208, 0.002530686790123582, 0.0037930815014988184], "CustomMetrics_Huge_rectangles": [0.0024852207861840725, 0.001904614269733429, 0.0019057502504438162, 0.0013627954758703709, 0.0013554779579862952, 0.0014699683524668217, 0.001410350319929421, 0.000997397699393332, 0.0010953752789646387, 0.0008896764484234154, 0.0007414743886329234, 0.0007198959938250482, 0.0007182949339039624, 0.0006042159511707723, 0.0006392747745849192, 0.0007777076680213213, 0.0008201571181416512, 0.0005484460853040218, 0.0005280016921460629, 0.0009593803551979363, 0.0007407787488773465, 0.0005760572967119515, 0.000575176440179348, 0.0004767225473187864, 0.0005453678895719349, 0.0004489388957154006, 0.0004935291362926364, 0.0004778935108333826, 0.0005280053592287004, 0.0005774268065579236, 0.0005522469291463494, 0.0004744946782011539, 0.0006559629691764712, 0.00041581166442483664, 0.00042823879630304873, 0.000542277586646378, 0.00045564191532321274, 0.0007672616047784686, 0.0007783531909808517, 0.0004962365492247045, 0.0006535454886034131, 0.0004944912507198751, 0.00046012838720344007, 0.00047275095130316913, 0.0003769480681512505, 0.00044116011122241616, 0.00043996688327752054, 0.0003740381507668644, 0.00039272638969123363, 0.00044501485535874963, 0.00045844470150768757, 0.0005428311415016651, 0.0005206398200243711, 0.00043062205077148974, 0.00039423751877620816, 0.0004375731514301151, 0.0004101183731108904, 0.000356013624696061, 0.00044733943650498986, 0.0005100131966173649, 0.00031287819729186594, 0.0003029867948498577, 0.0005068995524197817, 0.0003452478558756411, 0.00032429146813228726, 0.0003692578466143459, 0.00044704301399178803, 0.0004288304771762341, 0.00032518437365069985, 0.0003566988743841648, 0.0004617556987795979, 0.0003568056272342801, 0.0003040370065718889, 0.00031662077526561916, 0.0003542824706528336, 0.0003576753078959882, 0.00035031817969866097, 0.00035204269806854427, 0.0002893848286475986, 0.0002986204344779253, 0.0003139680193271488, 0.00044547711149789393, 0.0004266311298124492, 0.00032478931825608015, 0.00030936452094465494, 0.0002862454275600612, 0.00032281785388477147, 0.0002912035270128399, 0.00033735751640051603, 0.00037327493191696703, 0.0003012538654729724, 0.0003381123242434114, 0.0003507007786538452, 0.0002736151509452611, 0.0004556853382382542, 0.0004210999177303165, 0.0003428547643125057, 0.00024274886527564377]}