{"CustomMetrics_Small_rectangles": [0.02228425443172455, 0.007429040037095547, 0.009055756032466888, 0.007602072320878506, 0.007510156836360693, 0.00851175095885992, 0.006418486591428518, 0.006709793116897345, 0.008552001789212227, 0.010080606676638126, 0.00848297867923975, 0.004965225234627724, 0.00737651064991951, 0.006470049265772104, 0.0054719699546694756, 0.003616268979385495, 0.004634869750589132, 0.0031944760121405125, 0.0033045844174921513, 0.002635727170854807, 0.0028323098085820675, 0.0029823605436831713, 0.002913478994742036, 0.0026545075234025717, 0.0024090525694191456, 0.0022524651139974594, 0.0030245669186115265, 0.0027013695798814297, 0.0025701108388602734, 0.0024999964516609907, 0.0025197514332830906, 0.0026966158766299486, 0.003685805480927229, 0.0027321346569806337, 0.002092524664476514, 0.002386379987001419, 0.0023074958007782698, 0.0020662962924689054, 0.0022529601119458675, 0.0016109507996588945, 0.0018704656977206469, 0.0022786844056099653, 0.0019838844891637564, 0.001937778084538877, 0.002093435963615775, 0.0020330832339823246, 0.0016935582971200347, 0.002428368665277958, 0.0016297032125294209, 0.0017038543010130525, 0.001380057306960225, 0.0014559084083884954, 0.0014687617076560855, 0.0015953026013448834, 0.0016295448876917362, 0.001721497974358499, 0.0018202370265498757, 0.001329705468378961, 0.0019715623930096626, 0.0016002412885427475, 0.001576583948917687, 0.0014502389822155237, 0.001991728087887168, 0.0018097310094162822, 0.0015500375302508473, 0.0019670494366437197, 0.001926673692651093, 0.0017359695630148053, 0.0018230110872536898, 0.0015582075575366616, 0.0012023717863485217, 0.0014468940207734704, 0.0012278486974537373, 0.0014936418738216162, 0.001706964336335659, 0.0017094851937144995, 0.0015811678022146225, 0.002203974174335599, 0.002272067591547966, 0.001452376483939588, 0.0015587065136060119, 0.0015652000438421965, 0.0011105453595519066, 0.0010427579982206225, 0.0013322305167093873, 0.0016090242424979806, 0.0013431732077151537, 0.001152342651039362, 0.0015438320115208626, 0.0011888537555932999, 0.0032463902607560158, 0.001417567953467369, 0.0012526592472568154, 0.0018645910313352942, 0.0015572879929095507], "CustomMetrics_Mid_rectangles": [0.021334771066904068, 0.0074914246797561646, 0.008187539875507355, 0.006037517450749874, 0.00582705857232213, 0.005708224605768919, 0.003539605997502804, 0.003421477973461151, 0.004238467663526535, 0.004798619542270899, 0.0032098046503961086, 0.002846661489456892, 0.0030696990434080362, 0.0027180493343621492, 0.002217150991782546, 0.001757631078362465, 0.0020108174066990614, 0.0014589473139494658, 0.0016173117328435183, 0.0013244460569694638, 0.0015361341647803783, 0.0013126794947311282, 0.0014147053007036448, 0.0010295086540281773, 0.0010577067732810974, 0.001139294821768999, 0.0012949928641319275, 0.0014219373697414994, 0.0010939841158688068, 0.001249311724677682, 0.0012873116647824645, 0.0015767778968438506, 0.0014778843615204096, 0.0013084985548630357, 0.0009577230084687471, 0.001105712610296905, 0.0011141033610329032, 0.000948999309912324, 0.0011348914122208953, 0.000670280889607966, 0.0010443858336657286, 0.0009320466197095811, 0.0007199656683951616, 0.0007135391933843493, 0.0008411170565523207, 0.0007819680613465607, 0.0007970070000737906, 0.0009018612909130752, 0.0005668703815899789, 0.0007016134914010763, 0.0006176391616463661, 0.0005731200217269361, 0.0005303975194692612, 0.0005232018302194774, 0.0005631005042232573, 0.0006726144347339869, 0.0006769918836653233, 0.0005735500017181039, 0.0006210521678440273, 0.00041301510646007955, 0.0004004191141575575, 0.00038173157372511923, 0.0008020538371056318, 0.0004578797670546919, 0.0004409223620314151, 0.0006769699975848198, 0.0006725727580487728, 0.0005565647152252495, 0.0004971129237674177, 0.0004983113030903041, 0.0004221598501317203, 0.0003973289276473224, 0.00029957343940623105, 0.0003775012446567416, 0.0003879366267938167, 0.00040571900899522007, 0.0004312862583901733, 0.0006823368603363633, 0.0005698984023183584, 0.0004762647731695324, 0.0004686756292358041, 0.00042203004704788327, 0.0002915760560426861, 0.0003290448512416333, 0.0003567890962585807, 0.00045308368862606585, 0.0005509804468601942, 0.00028809646028093994, 0.00034537617466412485, 0.00037339708069339395, 0.001325222197920084, 0.0004252915387041867, 0.0003581954224500805, 0.000667836400680244, 0.0005992494989186525], "CustomMetrics_Huge_rectangles": [0.011785703711211681, 0.0029830143321305513, 0.0016684088623151183, 0.002426553051918745, 0.0016854236600920558, 0.0017984434962272644, 0.0014087425079196692, 0.002524280222132802, 0.0029361092019826174, 0.0033152494579553604, 0.0031449387315660715, 0.003155029844492674, 0.003537619486451149, 0.0035376492887735367, 0.00277370004914701, 0.00301750423386693, 0.0022597461938858032, 0.0022946116514503956, 0.0019095402676612139, 0.0019158967770636082, 0.0018010718049481511, 0.0019481377676129341, 0.0015200161142274737, 0.0013248756295070052, 0.0010218063835054636, 0.000961889571044594, 0.0010656476952135563, 0.0010345308110117912, 0.000811076897662133, 0.0008409378351643682, 0.0010376862483099103, 0.0008872463367879391, 0.0008945718873292208, 0.0009022287558764219, 0.0010287454351782799, 0.000689348962623626, 0.0010677604004740715, 0.0008502716082148254, 0.0009313261834904552, 0.0007963020470924675, 0.0010988101130351424, 0.0006198837072588503, 0.000529879704117775, 0.0006908872164785862, 0.0006118493038229644, 0.0005540773272514343, 0.0009658670169301331, 0.0004988627624697983, 0.0005187842180021107, 0.0006574735161848366, 0.0006029144860804081, 0.0005465465947054327, 0.0005153560778126121, 0.0005610605585388839, 0.00048388546565547585, 0.0005149220232851803, 0.0005432411562651396, 0.0005680114845745265, 0.0004820268368348479, 0.00042930705239996314, 0.00044182653073221445, 0.00046460976591333747, 0.0004999074735678732, 0.000392143934732303, 0.0002843253023456782, 0.0004605868016369641, 0.0008229475351981819, 0.0005970937781967223, 0.00027850730111822486, 0.0005068391328677535, 0.0004408641834743321, 0.0004318087885621935, 0.00039464133442379534, 0.00029185268795117736, 0.00038934816257096827, 0.00044509346480481327, 0.0003223247767891735, 0.000334812852088362, 0.00040082717896439135, 0.0003987945383414626, 0.00045261840568855405, 0.000491634476929903, 0.0006872826488688588, 0.0004526014090515673, 0.0005120613495819271, 0.00042683552601374686, 0.0005666771903634071, 0.0005460829706862569, 0.0007254473166540265, 0.00030888686887919903, 0.0010979754151776433, 0.0004351501411292702, 0.0003804258303716779, 0.000521478708833456, 0.000423017016146332]}