{"CustomMetrics_Small_rectangles": [0.05344930663704872, 0.03545878455042839, 0.02008502185344696, 0.024127637967467308, 0.01686275191605091, 0.016149714589118958, 0.02111748978495598, 0.017949596047401428, 0.015707723796367645, 0.022272882983088493, 0.02350490354001522, 0.017175307497382164, 0.017293745651841164, 0.02211272530257702, 0.014007815159857273, 0.015976523980498314, 0.016297904774546623, 0.01583969034254551, 0.019334331154823303, 0.013605469837784767, 0.01450997032225132, 0.018385089933872223, 0.012815508991479874, 0.019112389534711838, 0.012544790282845497, 0.012493402697145939, 0.014128017239272594, 0.009827706031501293, 0.01547297090291977, 0.011420452035963535, 0.010365667752921581, 0.013975835405290127, 0.011118151247501373, 0.009464706294238567, 0.010095080360770226, 0.012998194433748722, 0.009772127494215965, 0.018009835854172707, 0.008823464624583721, 0.010689837858080864, 0.010841680690646172, 0.010561567731201649, 0.011226286180317402, 0.010350021533668041, 0.020248891785740852, 0.009655068628489971, 0.008101919665932655, 0.007935001514852047, 0.008769640699028969, 0.00705866189673543, 0.012234015390276909, 0.007506704889237881, 0.005799274425953627, 0.005462325178086758, 0.007626769598573446, 0.007822134532034397, 0.006849165074527264, 0.00843803770840168, 0.007635672111064196, 0.006196398753672838, 0.006316701415926218, 0.006583495065569878, 0.0050583998672664165, 0.00582855986431241, 0.009940695948898792, 0.005647476762533188, 0.00629117526113987, 0.005206368863582611, 0.0054440684616565704, 0.0069384146481752396, 0.005995186977088451, 0.0065886699594557285, 0.005350968800485134, 0.006543835625052452, 0.004718147683888674, 0.005723564885556698, 0.005106307100504637, 0.005729654338210821, 0.008162740617990494, 0.004955853335559368, 0.00608224980533123, 0.005666079930961132, 0.0051080225966870785, 0.004774316214025021, 0.006266350857913494, 0.006629748735576868, 0.005597726441919804, 0.00550661189481616], "CustomMetrics_Mid_rectangles": [0.028229551389813423, 0.02028367668390274, 0.011286750435829163, 0.013420725241303444, 0.009738333523273468, 0.008957261219620705, 0.010996623896062374, 0.009223994798958302, 0.00855998694896698, 0.011809897609055042, 0.012211228720843792, 0.00847420934587717, 0.008650516159832478, 0.010953065939247608, 0.007125473115593195, 0.0078056203201413155, 0.008007566444575787, 0.0077411821112036705, 0.009600223042070866, 0.006593660917133093, 0.006841478869318962, 0.008781741373240948, 0.0057612196542322636, 0.009320677258074284, 0.006462500896304846, 0.005903938319534063, 0.006865749601274729, 0.0052253142930567265, 0.007214256562292576, 0.005328833591192961, 0.0053790779784321785, 0.006737641058862209, 0.0055154673755168915, 0.0046259439550340176, 0.005032080691307783, 0.00627270108088851, 0.004526335280388594, 0.009971254505217075, 0.004176855552941561, 0.0050056311301887035, 0.005145255476236343, 0.004793532658368349, 0.005579172167927027, 0.004952387884259224, 0.013552136719226837, 0.006525480654090643, 0.0038144290447235107, 0.003845169208943844, 0.004323494620621204, 0.004278972744941711, 0.006033312529325485, 0.003744465997442603, 0.003276478499174118, 0.003095457796007395, 0.005274599883705378, 0.004042427986860275, 0.004506631754338741, 0.004386882297694683, 0.004030208103358746, 0.004076003096997738, 0.0037482664920389652, 0.003433707170188427, 0.0032360590994358063, 0.0032006241381168365, 0.006081626284867525, 0.003131602192297578, 0.0031067735981196165, 0.0027356005739420652, 0.0029077865183353424, 0.004167552106082439, 0.0038358839228749275, 0.003597515868023038, 0.0026619210839271545, 0.003462090389803052, 0.0024994586128741503, 0.003048822982236743, 0.0028672830667346716, 0.0038821231573820114, 0.005602820310741663, 0.0024686125107109547, 0.0030069509521126747, 0.0029418831691145897, 0.002831440418958664, 0.002593554323539138, 0.003273432608693838, 0.003809833200648427, 0.0032496056519448757, 0.0033831819891929626], "CustomMetrics_Huge_rectangles": [0.026501083746552467, 0.011533376760780811, 0.007860369980335236, 0.008239270187914371, 0.006136373616755009, 0.006262127310037613, 0.00788953248411417, 0.006309071090072393, 0.005551083944737911, 0.009586074389517307, 0.010189601220190525, 0.006107895169407129, 0.0072897933423519135, 0.008775993250310421, 0.0068180798552930355, 0.006899269763380289, 0.006249543279409409, 0.005939892493188381, 0.00850624404847622, 0.0058704256080091, 0.005964744370430708, 0.00713867973536253, 0.004480236675590277, 0.00794284325093031, 0.004393821582198143, 0.0033461262937635183, 0.0056142304092645645, 0.003849755274131894, 0.005077206064015627, 0.003573131049051881, 0.004494223278015852, 0.004246827214956284, 0.003562597092241049, 0.003605637000873685, 0.004274466540664434, 0.004002067260444164, 0.002483619377017021, 0.008137243799865246, 0.002812593709677458, 0.0032816100865602493, 0.0038358415476977825, 0.0029052577447146177, 0.003728283802047372, 0.003583728801459074, 0.009743714705109596, 0.004901805426925421, 0.0021122077014297247, 0.0029775004368275404, 0.0031007062643766403, 0.0032462328672409058, 0.0030372976325452328, 0.002678836463019252, 0.0029038002248853445, 0.0023241552989929914, 0.004942771513015032, 0.0022099348716437817, 0.0025916157756000757, 0.002766611985862255, 0.002555681625381112, 0.002231201156973839, 0.004509477876126766, 0.002240921137854457, 0.002094895113259554, 0.002068230649456382, 0.005076436325907707, 0.002532794838771224, 0.0018601935589686036, 0.002149854553863406, 0.0023473233450204134, 0.004032749682664871, 0.002713519148528576, 0.0017611014191061258, 0.002149068284779787, 0.0025856129359453917, 0.0023461536038666964, 0.00235216342844069, 0.0014304122887551785, 0.002395785879343748, 0.008723917417228222, 0.0020012096501886845, 0.0022375816479325294, 0.0015925467014312744, 0.0013146881246939301, 0.0014769054250791669, 0.0015146982623264194, 0.0026707418728619814, 0.0013138923095539212, 0.0014040840324014425]}