{"CustomMetrics_Small_rectangles": [0.031689632683992386, 0.013525391928851604, 0.013701862655580044, 0.013372944667935371, 0.010560424998402596, 0.009997965767979622, 0.009676557965576649, 0.009679929353296757, 0.009222414344549179, 0.009188811294734478, 0.008540105074644089, 0.007841188460588455, 0.008471026085317135, 0.00754929706454277, 0.007500909734517336, 0.007519601844251156, 0.008349808864295483, 0.007208072114735842, 0.007055788766592741, 0.007430680096149445, 0.007285193540155888, 0.006815314292907715, 0.009099713526666164, 0.006695389747619629, 0.006577659398317337, 0.006753500550985336, 0.006748736836016178, 0.0065385205671191216, 0.006576966494321823, 0.006364676635712385, 0.00658658891916275, 0.008019625209271908, 0.006386947352439165, 0.006011362187564373, 0.006255782209336758, 0.006154469680041075, 0.006355647929012775, 0.006314482539892197, 0.005763404071331024, 0.006010136567056179, 0.006313885096460581, 0.006214429158717394, 0.005767572671175003, 0.005992962513118982, 0.0055971466936171055, 0.00556135643273592, 0.010935729369521141, 0.0063676075078547, 0.006530354730784893, 0.006495964247733355, 0.007446317933499813, 0.005578618496656418, 0.005579396616667509, 0.005126432050019503, 0.00540815107524395, 0.005798430182039738, 0.005720301065593958, 0.006457190029323101, 0.0050101918168365955, 0.005822997074574232, 0.004990534391254187, 0.005009983666241169, 0.005325182341039181, 0.005657093599438667, 0.005121992900967598, 0.005534556694328785, 0.005625860299915075, 0.0055549414828419685, 0.00555880693718791, 0.008350365795195103, 0.006573029328137636, 0.005127434153109789, 0.005964118521660566, 0.005772784352302551, 0.005240938160568476, 0.005519267171621323, 0.005149655044078827, 0.005251574330031872, 0.004949815571308136, 0.006074317265301943, 0.006522334646433592], "CustomMetrics_Mid_rectangles": [0.023844072595238686, 0.011742830276489258, 0.011164117604494095, 0.010311209596693516, 0.008289780467748642, 0.008182750083506107, 0.007665435317903757, 0.007938213646411896, 0.007465902715921402, 0.007969427853822708, 0.0069269766099750996, 0.0073525444604456425, 0.007063274271786213, 0.006982961669564247, 0.0068482886999845505, 0.006851920858025551, 0.007564202416688204, 0.0069206878542900085, 0.006723849568516016, 0.007033907808363438, 0.007007203996181488, 0.006944023072719574, 0.007487737573683262, 0.006996129173785448, 0.006655243691056967, 0.006650745403021574, 0.006626540794968605, 0.0068447170779109, 0.006350347306579351, 0.007000500801950693, 0.006560406647622585, 0.007635468617081642, 0.006289103999733925, 0.00619656452909112, 0.006533103529363871, 0.006350682117044926, 0.006910340860486031, 0.006256766617298126, 0.006481721997261047, 0.006065858993679285, 0.006126591004431248, 0.00666421465575695, 0.006131451111286879, 0.005828065797686577, 0.006009491626173258, 0.005800820421427488, 0.009196538478136063, 0.006566358730196953, 0.006845629308372736, 0.007780528627336025, 0.008790671825408936, 0.005964069627225399, 0.005564909428358078, 0.005349952727556229, 0.0051639568991959095, 0.0051642837934195995, 0.0055841486901044846, 0.005658350884914398, 0.005165677983313799, 0.005146461073309183, 0.005268231965601444, 0.005006902851164341, 0.005062460899353027, 0.005660532042384148, 0.005231053568422794, 0.005217173136770725, 0.005109529476612806, 0.005409812089055777, 0.006284970324486494, 0.008020290173590183, 0.005625321064144373, 0.005253475625067949, 0.005513422656804323, 0.0054983096197247505, 0.005338277202099562, 0.005216560792177916, 0.004965783562511206, 0.005740930791944265, 0.00549192214384675, 0.005522917490452528, 0.006135840900242329], "CustomMetrics_Huge_rectangles": [0.011276046745479107, 0.004161528777331114, 0.003293341724202037, 0.0032990563195198774, 0.0028289607726037502, 0.002692021429538727, 0.002319373656064272, 0.0022024274803698063, 0.0019910603296011686, 0.0021124505437910557, 0.0017729150131344795, 0.0019222270930185914, 0.0016927215037867427, 0.0017349272966384888, 0.0013309117639437318, 0.0013893450377508998, 0.0015709627186879516, 0.0014295810833573341, 0.0013124417746439576, 0.0014322123024612665, 0.0014055371284484863, 0.0013526102993637323, 0.001970958663150668, 0.0014273712877184153, 0.0011787457624450326, 0.0012485699262470007, 0.0012953687692061067, 0.001305945566855371, 0.0011170372599735856, 0.0015508614014834166, 0.0012372963828966022, 0.0016837234143167734, 0.001102226204238832, 0.0011199293658137321, 0.001133309444412589, 0.0011709517566487193, 0.0013609874295070767, 0.0010586377466097474, 0.0011537302052602172, 0.0009901936864480376, 0.0010841120965778828, 0.0013547970447689295, 0.0011226999340578914, 0.0011310199042782187, 0.0010477574542164803, 0.0009243639069609344, 0.002807601587846875, 0.0017133947694674134, 0.0016140313819050789, 0.001815113821066916, 0.0027211736887693405, 0.0011630590306594968, 0.0011093236971646547, 0.000787240918725729, 0.0008018121006898582, 0.0009637943585403264, 0.0009899005526676774, 0.0014194236136972904, 0.0007512203883379698, 0.0011391722364351153, 0.0007578031509183347, 0.0007224997971206903, 0.0008164189639501274, 0.0009558096644468606, 0.0008596521802246571, 0.0008288657409138978, 0.0008401900413446128, 0.0008089528419077396, 0.0011519445106387138, 0.0018819788238033652, 0.0011950429761782289, 0.0007134922198019922, 0.0008888416923582554, 0.0007913056761026382, 0.0006164288497529924, 0.0007838388555683196, 0.0006450731307268143, 0.000766716490034014, 0.0007362167816609144, 0.0009399067494086921, 0.0011743232607841492]}