{"CustomMetrics_Small_rectangles": [0.011315428651869297, 0.008925364352762699, 0.008491713553667068, 0.008535346016287804, 0.008431414142251015, 0.0067272912710905075, 0.00620716717094183, 0.006073311436921358, 0.006014918442815542, 0.007006824016571045, 0.005548583343625069, 0.005040701478719711, 0.0059257433749735355, 0.004540994297713041, 0.00518018938601017, 0.0056380461901426315, 0.0047367955558001995, 0.004423575941473246, 0.0041818139143288136, 0.003946270793676376, 0.004275082610547543, 0.004152507055550814, 0.002996346214786172, 0.003283740719780326, 0.0035818186588585377, 0.003307570703327656, 0.0036270248237997293, 0.0032097387593239546, 0.002685679355636239, 0.004062393680214882, 0.0027997936122119427, 0.0035034988541156054, 0.0031416737474501133, 0.0018546669743955135, 0.0036707757972180843, 0.002376304008066654, 0.002233771374449134, 0.002440609270706773, 0.0021408575121313334, 0.0027945670299232006, 0.0016617891378700733, 0.002107803011313081, 0.0015504930634051561, 0.002392024267464876, 0.00243787351064384, 0.0018442969303578138, 0.001176340039819479, 0.0016431647818535566, 0.0019039260223507881, 0.0019224215066060424, 0.0032529316376894712, 0.0021882439032197, 0.0020726968068629503, 0.0021596523001790047, 0.0022751432843506336, 0.0029121884144842625, 0.0016331805381923914, 0.002324553905054927, 0.0016793438699096441, 0.002057311125099659, 0.0017726958030834794, 0.0011855888878926635, 0.0021614693105220795, 0.0012512952089309692, 0.0014938812237232924, 0.001958885695785284, 0.0015355768846347928, 0.0021456656977534294, 0.0019319418352097273, 0.0015227553667500615], "CustomMetrics_Mid_rectangles": [0.01319151557981968, 0.009424775838851929, 0.007882539182901382, 0.0074683902785182, 0.006714441813528538, 0.0056719789281487465, 0.004702151753008366, 0.004763503093272448, 0.0044279214926064014, 0.005235848482698202, 0.003945168107748032, 0.003916149493306875, 0.003291828790679574, 0.0036893158685415983, 0.0036109411157667637, 0.00390990637242794, 0.0032445983961224556, 0.0032691489905118942, 0.002821947680786252, 0.002746384125202894, 0.00293560279533267, 0.00267605553381145, 0.002141915960237384, 0.002131585031747818, 0.00248408573679626, 0.0020301754120737314, 0.002343691186979413, 0.0019979753997176886, 0.0018567085498943925, 0.0022033534478396177, 0.0015389085747301579, 0.0019644827116280794, 0.00156823277939111, 0.0011395212495699525, 0.0018872154178097844, 0.0012296201894059777, 0.001288544270209968, 0.0010799361625686288, 0.0009979787282645702, 0.0011857858626171947, 0.0010264073498547077, 0.0011289569083601236, 0.0009313527261838317, 0.0011461141984909773, 0.0012020701542496681, 0.000882393098436296, 0.0006637258338741958, 0.0008941514533944428, 0.0009122441406361759, 0.0007714284583926201, 0.0015218340558931231, 0.0009472778765484691, 0.0009315042989328504, 0.001025721081532538, 0.0011324337683618069, 0.0009395316010341048, 0.0007975974003784359, 0.0009371982887387276, 0.0008480367250740528, 0.0009862846927717328, 0.000806749623734504, 0.0005960784037597477, 0.001137138344347477, 0.0005465735448524356, 0.0008073270437307656, 0.0011986345052719116, 0.0007642615237273276, 0.0010823439806699753, 0.0012300461530685425, 0.0007498745690099895], "CustomMetrics_Huge_rectangles": [0.0023740646429359913, 0.0015001893043518066, 0.00142470037098974, 0.0011293350253254175, 0.0015934808179736137, 0.0008212613174691796, 0.0008002998074516654, 0.0007853286806493998, 0.0012054232647642493, 0.0011590439826250076, 0.000675517600029707, 0.0007033119909465313, 0.0013229962205514312, 0.0005726597155444324, 0.0009568491368554533, 0.0008094650111161172, 0.0005776742473244667, 0.0007115033804439008, 0.00047154081403277814, 0.0004445775120984763, 0.0004962065722793341, 0.0004622327396646142, 0.0003273778420407325, 0.00042010864126496017, 0.000383495120331645, 0.0003236559859942645, 0.0004158109368290752, 0.0003058100410271436, 0.0003269929438829422, 0.0003523867635522038, 0.0003524402854964137, 0.0003882779856212437, 0.00025145188556052744, 0.00031773396767675877, 0.00036664391518570483, 0.0003373989893589169, 0.00036622877814807, 0.0002685292565729469, 0.0003788793692365289, 0.0003088654193561524, 0.000415068119764328, 0.0002860636741388589, 0.0004365505010355264, 0.000380914454581216, 0.0003849436470773071, 0.00042873178608715534, 0.0003462723980192095, 0.0003626918187364936, 0.00041210284689441323, 0.0003172554133925587, 0.000445595447672531, 0.0004307520866859704, 0.00038810886326245964, 0.0004541298549156636, 0.0004143027763348073, 0.00044171424815431237, 0.00048258728929795325, 0.00046562348143197596, 0.0004079464706592262, 0.00044096173951402307, 0.0005092077772133052, 0.0004858626634813845, 0.0006987611413933337, 0.0005122966831550002, 0.00046727535664103925, 0.000543931731954217, 0.00046362532884813845, 0.00047899590572342277, 0.0004863817885052413, 0.0005052394117228687]}