{"CustomMetrics_Small_rectangles": [0.0719485729932785, 0.049428217113018036, 0.04229911044239998, 0.036440394818782806, 0.029109880328178406, 0.030106347054243088, 0.024046489968895912, 0.021805966272950172, 0.02362782321870327, 0.02001388929784298, 0.020236894488334656, 0.022546090185642242, 0.018634412437677383, 0.019153164699673653, 0.017898861318826675, 0.01610964722931385, 0.01757432147860527, 0.026083512231707573, 0.019990772008895874, 0.020170466974377632, 0.015729641541838646, 0.015062318183481693, 0.021784549579024315, 0.014893142506480217, 0.015429012477397919, 0.017460081726312637, 0.02140350639820099, 0.02121272310614586, 0.01297043077647686, 0.02667723037302494, 0.013752116821706295, 0.035137027502059937, 0.013792894780635834, 0.015130790881812572, 0.017411284148693085, 0.01411137543618679, 0.014727510511875153, 0.019416671246290207, 0.011694238521158695, 0.046936996281147, 0.02003435418009758, 0.011733542196452618, 0.011560309678316116, 0.013641826808452606, 0.011165548115968704, 0.013800421729683876, 0.011931728571653366, 0.06178140267729759, 0.013367397710680962, 0.022596701979637146, 0.01144517119973898, 0.011800821870565414, 0.017068540677428246, 0.01209984626621008, 0.01037243939936161, 0.013285011984407902, 0.02226765640079975, 0.010086189024150372, 0.010863261297345161, 0.010017255321145058, 0.027151981368660927, 0.012475034222006798, 0.00982043519616127, 0.010225281119346619, 0.009961022064089775, 0.011818456463515759, 0.05180501192808151, 0.011339904740452766, 0.011501749977469444, 0.010168091394007206, 0.011206746101379395, 0.01053406298160553, 0.010131917893886566, 0.00995725579559803, 0.01055329479277134, 0.010015611536800861, 0.009974541142582893, 0.010240580886602402, 0.012205165810883045, 0.009481851011514664, 0.01739819534122944, 0.010105186142027378, 0.009506242349743843, 0.00915308017283678, 0.009154214523732662, 0.009316513314843178, 0.013576998375356197, 0.009844412095844746, 0.008834123611450195, 0.00940022710710764, 0.011236341670155525, 0.0107310451567173, 0.009340343996882439, 0.009198819287121296, 0.01030505821108818, 0.010214198380708694, 0.009545249864459038, 0.009489534422755241, 0.009730719961225986, 0.009804648347198963, 0.009916402399539948, 0.011255399323999882, 0.009893819689750671, 0.01182502694427967, 0.009773419238626957, 0.009782208129763603], "CustomMetrics_Mid_rectangles": [0.06549561023712158, 0.04671724513173103, 0.04105861857533455, 0.03422457352280617, 0.02629908360540867, 0.02871064841747284, 0.02174258977174759, 0.01956097036600113, 0.02229556441307068, 0.016855381429195404, 0.016969535499811172, 0.01818202994763851, 0.015225249342620373, 0.015878627076745033, 0.01548518892377615, 0.014162834733724594, 0.014549820683896542, 0.022975722327828407, 0.017287010326981544, 0.01967957615852356, 0.013621152378618717, 0.012737380340695381, 0.02083021216094494, 0.01390218548476696, 0.013500302098691463, 0.015560384839773178, 0.01770220696926117, 0.017740987241268158, 0.011354519985616207, 0.023552076891064644, 0.011885889805853367, 0.030630061402916908, 0.01154368557035923, 0.01237047091126442, 0.0145717803388834, 0.01220731157809496, 0.01312236301600933, 0.015623136423528194, 0.011855974793434143, 0.04018572345376015, 0.017322929576039314, 0.010306153446435928, 0.010329082608222961, 0.011709344573318958, 0.010030434466898441, 0.013144701719284058, 0.01075559388846159, 0.05281316861510277, 0.011919316835701466, 0.02061295695602894, 0.010513058863580227, 0.010835501365363598, 0.01509176567196846, 0.010621326044201851, 0.009649825282394886, 0.012074906378984451, 0.020585553720593452, 0.009135940112173557, 0.010084313340485096, 0.009599251672625542, 0.02405644953250885, 0.011629004962742329, 0.00924497190862894, 0.009591571055352688, 0.009411868639290333, 0.011458709836006165, 0.045392803847789764, 0.010669583454728127, 0.011068126186728477, 0.010051672346889973, 0.01084300596266985, 0.010357108898460865, 0.009885926730930805, 0.009664160199463367, 0.010203172452747822, 0.009956834837794304, 0.009879062883555889, 0.010119869373738766, 0.011769192293286324, 0.009371348656713963, 0.016322968527674675, 0.010183127596974373, 0.009311066940426826, 0.009034479968249798, 0.009213500656187534, 0.009238415397703648, 0.013164147734642029, 0.00956706516444683, 0.009010064415633678, 0.009397963061928749, 0.010809754952788353, 0.010714714415371418, 0.009792543947696686, 0.009763376787304878, 0.01038508303463459, 0.010569562204182148, 0.009860453195869923, 0.0095699867233634, 0.009770765900611877, 0.009326855652034283, 0.009656409732997417, 0.010966910049319267, 0.00974450446665287, 0.011311698704957962, 0.009644905105233192, 0.009459140710532665], "CustomMetrics_Huge_rectangles": [0.03677105903625488, 0.017225639894604683, 0.011040995828807354, 0.008576948195695877, 0.00943396519869566, 0.010382679291069508, 0.0054696365259587765, 0.005415694788098335, 0.005661184433847666, 0.00456547737121582, 0.004305623006075621, 0.005562115460634232, 0.0031828272622078657, 0.003942780662328005, 0.0034773529041558504, 0.0023061379324644804, 0.00339582865126431, 0.006312472280114889, 0.004718323238193989, 0.006300721783190966, 0.0022504483349621296, 0.0022543068043887615, 0.005709189921617508, 0.0021761315874755383, 0.0030833822675049305, 0.0033766247797757387, 0.005673385225236416, 0.005447512958198786, 0.002106386236846447, 0.008202195167541504, 0.002079179510474205, 0.014121158979833126, 0.002065962180495262, 0.0027593604754656553, 0.003750068135559559, 0.002472791587933898, 0.003010956570506096, 0.005819551646709442, 0.0023619909770786762, 0.02284480258822441, 0.005225155036896467, 0.0015585469081997871, 0.0013453830033540726, 0.002705233171582222, 0.001402603113092482, 0.003169556148350239, 0.0019009271636605263, 0.023407742381095886, 0.0025619857478886843, 0.007553586736321449, 0.0016282775904983282, 0.0019819142762571573, 0.0038072902243584394, 0.001781685627065599, 0.0012527279322966933, 0.0023232800886034966, 0.006773750297725201, 0.0013229807373136282, 0.0015008215559646487, 0.0011399517534300685, 0.008979675360023975, 0.0024267013650387526, 0.0009341426193714142, 0.0012650199932977557, 0.00115888100117445, 0.0018005165038630366, 0.018858402967453003, 0.0017941565020009875, 0.0014544174773618579, 0.0010439862962812185, 0.0015787292504683137, 0.0012524703051894903, 0.0012524976627901196, 0.0012167174136266112, 0.0012232704320922494, 0.0010535988258197904, 0.001005289377644658, 0.0013215686194598675, 0.0019348942441865802, 0.0009938717121258378, 0.004398575983941555, 0.0011581729631870985, 0.001089953351765871, 0.001022371812723577, 0.0009473817190155387, 0.0010284684831276536, 0.002707286737859249, 0.001183489803224802, 0.0009489599615335464, 0.0011314328294247389, 0.0018853078363463283, 0.0012903913157060742, 0.0012871153885498643, 0.0009576757438480854, 0.0011141883442178369, 0.0011980204144492745, 0.001050711958669126, 0.0009262289386242628, 0.001114144455641508, 0.0009898417629301548, 0.0011339618358761072, 0.0013786936178803444, 0.0008835782646201551, 0.0016732319490984082, 0.0008689090609550476, 0.0008872097241692245]}