{"CustomMetrics_Small_rectangles": [0.010674882680177689, 0.01557141449302435, 0.009578043594956398, 0.009193995036184788, 0.008780642412602901, 0.008881811983883381, 0.008606948889791965, 0.0060776760801672935, 0.006264977622777224, 0.004906349815428257, 0.005645612720400095, 0.00504250219091773, 0.003313659457489848, 0.004061281215399504, 0.004932025447487831, 0.003419360378757119, 0.0031839024741202593, 0.003590361448004842, 0.0037270658649504185, 0.00281143537722528, 0.0035848228726536036, 0.005453886929899454, 0.004634148441255093, 0.003590937703847885, 0.003264370374381542, 0.002679435070604086, 0.0025226171128451824, 0.002438621362671256, 0.0026436559855937958, 0.002251656958833337, 0.0020427489653229713, 0.0017425331752747297, 0.002300241030752659, 0.0022328004706650972, 0.0025839791633188725, 0.0021113520488142967, 0.0021587831433862448, 0.001716399798169732, 0.0020531960763037205, 0.0019584589172154665, 0.002377572935074568, 0.0016324084717780352, 0.0021972612012177706, 0.0021479688584804535, 0.00238245353102684, 0.0020260359160602093, 0.0020139701664447784, 0.0018000105628743768, 0.001810882124118507, 0.0016666888259351254, 0.001511325128376484, 0.0017953638453036547, 0.001631642458960414, 0.001312257256358862, 0.0017275569261983037, 0.002274423837661743, 0.002813187427818775, 0.0020049498416483402, 0.0017384352395310998, 0.0018139461753889918, 0.0020674692932516336, 0.0016498903278261423, 0.0018262651283293962, 0.0016485319938510656, 0.0020339414477348328, 0.002106571337208152, 0.0014800524804741144, 0.0017316071316599846, 0.0016205038409680128, 0.0019766862969845533, 0.0018364888383075595, 0.0014678525039926171, 0.0016743307933211327, 0.0019168348517268896, 0.0015258140629157424, 0.002429978922009468, 0.0015535238198935986, 0.0013888688990846276, 0.001543650054372847, 0.0016718762926757336, 0.0015814198413863778, 0.001491493545472622, 0.0010995356133207679, 0.001113514183089137, 0.0026206551119685173, 0.0022491971030831337, 0.0013589110458269715, 0.0018228365806862712, 0.0014200645964592695, 0.001774778007529676, 0.0016934542218223214], "CustomMetrics_Mid_rectangles": [0.010870988480746746, 0.014668869785964489, 0.009654267691075802, 0.008783558383584023, 0.007893059402704239, 0.008586966432631016, 0.0073871430940926075, 0.004892710596323013, 0.004927644040435553, 0.003523988416418433, 0.003992001060396433, 0.0035204803571105003, 0.0023994946386665106, 0.002763669937849045, 0.0032109988387674093, 0.0022274365182965994, 0.0021218243055045605, 0.0023659011349081993, 0.0023300163447856903, 0.0019960450008511543, 0.0023670452646911144, 0.0035480030346661806, 0.002882692962884903, 0.002315173391252756, 0.0020058234222233295, 0.001734187244437635, 0.0016178451478481293, 0.0014193992828950286, 0.0015501918969675899, 0.0011560801649466157, 0.0011655165581032634, 0.0010599298402667046, 0.0012992944102734327, 0.0013439833419397473, 0.001469624345190823, 0.0011372759472578764, 0.0013846202054992318, 0.0009320387034676969, 0.0011049023596569896, 0.0010983387473970652, 0.001318876980803907, 0.0008489343454129994, 0.0010710048954933882, 0.0012345184804871678, 0.0011665342608466744, 0.0011829757131636143, 0.0008894402417354286, 0.000825394585262984, 0.0008371574804186821, 0.0008327541290782392, 0.0008749846601858735, 0.0008128734189085662, 0.0007769584190100431, 0.0006698471843264997, 0.0008560476708225906, 0.001127472729422152, 0.0014045200077816844, 0.0010078026680275798, 0.0006888258503749967, 0.0009457948035560548, 0.0009569937828928232, 0.0006517702131532133, 0.001046495046466589, 0.0007686233147978783, 0.0009357905946671963, 0.0009559877216815948, 0.0008137645781971514, 0.0008052719640545547, 0.000562637927941978, 0.0008298645261675119, 0.0008066361770033836, 0.00044967522262595594, 0.0006034219986759126, 0.0006650768918916583, 0.0006546259392052889, 0.0010660062544047832, 0.0005459782551042736, 0.000531605095602572, 0.000762854004278779, 0.0005960087291896343, 0.0006828095065429807, 0.0007721040165051818, 0.0005258612218312919, 0.0006348374299705029, 0.0012156596640124917, 0.0010050364071503282, 0.0006289599114097655, 0.0006549818790517747, 0.0006031985394656658, 0.0007219327380880713, 0.0006778586539439857], "CustomMetrics_Huge_rectangles": [0.0016578779323026538, 0.002296888269484043, 0.0012848287587985396, 0.0010141672100871801, 0.0007135938503779471, 0.001482763676904142, 0.0013293001102283597, 0.001356617547571659, 0.00096658815164119, 0.000740010873414576, 0.0009511251118965447, 0.0007384212804026902, 0.0007636229274794459, 0.0006689861766062677, 0.0008674786658957601, 0.000791025348007679, 0.0007535589975304902, 0.0007758635911159217, 0.000864786037709564, 0.0007876360323280096, 0.0008086425950750709, 0.0017577903345227242, 0.0010349670192226768, 0.0007360900635831058, 0.0007987669669091702, 0.0005691030528396368, 0.00035204048617742956, 0.0004237603861838579, 0.0005799688515253365, 0.0004522687231656164, 0.00045616875286214054, 0.00033623530180193484, 0.0007904746453277767, 0.0004395333235152066, 0.0006531377439387143, 0.00035799818579107523, 0.0005454308702610433, 0.00028543735970743, 0.00026944116689264774, 0.00024895122624002397, 0.0002680134493857622, 0.00032783689675852656, 0.00036006365553475916, 0.0002779814531095326, 0.00033336097840219736, 0.0002931653580162674, 0.00034138746559619904, 0.00028127635596320033, 0.0002906197332777083, 0.0002869735471904278, 0.000283738860161975, 0.00025182473473250866, 0.0003091490361839533, 0.00022962693765293807, 0.00023767774109728634, 0.0002801911032292992, 0.0006253522587940097, 0.00029198554693721235, 0.0003071214887313545, 0.0002719040494412184, 0.00043385158642195165, 0.00023270143719855696, 0.0003506258362904191, 0.00023300558677874506, 0.00035336046130396426, 0.0003150440170429647, 0.0003668574499897659, 0.0002389248547842726, 0.0002469658793415874, 0.0002175266417907551, 0.00024013528309296817, 0.0002350599825149402, 0.00031162271625362337, 0.0003778994141612202, 0.0003403502923902124, 0.0004894162411801517, 0.00032387461396865547, 0.00028353850939311087, 0.00039295191527344286, 0.00027741605299524963, 0.000253967271419242, 0.00039948345511220396, 0.00037422054447233677, 0.0003985451767221093, 0.0005458950763568282, 0.0006061219610273838, 0.00036814078339375556, 0.00028079337789677083, 0.00031817640410736203, 0.0003521864418871701, 0.0003101371694356203]}