{"CustomMetrics_Small_rectangles": [0.029094021767377853, 0.012556980364024639, 0.03158905357122421, 0.013370598666369915, 0.01089747529476881, 0.0107252923771739, 0.011120951734483242, 0.011222527362406254, 0.011025041341781616, 0.011385454796254635, 0.01144446711987257, 0.011699220165610313, 0.011172905564308167, 0.011049645952880383, 0.01213095523416996, 0.010750582441687584, 0.01120208203792572, 0.011129660531878471, 0.010907254181802273, 0.011047647334635258, 0.010161151178181171, 0.011038878001272678, 0.009829559363424778, 0.010168720968067646, 0.010628825053572655, 0.010099217295646667, 0.00982682965695858, 0.0094143096357584, 0.009011035785079002, 0.009671872481703758, 0.009987360797822475, 0.009111105464398861, 0.009192545898258686, 0.010451827198266983, 0.010166533291339874, 0.009091616608202457, 0.009083795361220837, 0.009168475866317749, 0.008825498633086681, 0.008371074683964252, 0.008632366545498371, 0.007402564398944378, 0.0074991039000451565, 0.008550779893994331, 0.007193079683929682, 0.007107911165803671, 0.007116258610039949, 0.007189731113612652, 0.007349643390625715, 0.006976032629609108, 0.006668727844953537, 0.006926998030394316, 0.007374606095254421, 0.007427691947668791, 0.007008579559624195, 0.0065079848282039165, 0.006724501959979534, 0.006567847449332476, 0.00745281670242548, 0.006919021252542734, 0.006568331271409988, 0.005957608111202717, 0.007029859349131584, 0.006752274930477142, 0.0077770305797457695, 0.0062675559893250465, 0.006277170497924089, 0.006259778048843145, 0.006239779759198427, 0.006446350831538439, 0.006646717898547649, 0.006376225035637617, 0.006859146058559418, 0.006344732362776995, 0.0066455877386033535, 0.00605384586378932, 0.006546459160745144, 0.0076629770919680595, 0.006459324155002832, 0.007407943718135357, 0.006060405634343624, 0.006264455150812864, 0.007512460462749004, 0.006294956896454096, 0.0071314494125545025, 0.00601325323805213, 0.006938623730093241, 0.005459655541926622, 0.005868428386747837, 0.006079554557800293, 0.006238733418285847, 0.006052143406122923, 0.0069487253203988075, 0.006111257243901491, 0.0069944048300385475], "CustomMetrics_Mid_rectangles": [0.019788213074207306, 0.0073776766657829285, 0.020231714472174644, 0.008348125964403152, 0.006055941339582205, 0.0060538784600794315, 0.006248046178370714, 0.006674608215689659, 0.006262172944843769, 0.00659579411149025, 0.006694850046187639, 0.007027830928564072, 0.006917751394212246, 0.007212148047983646, 0.00783118698745966, 0.006981522776186466, 0.007548328954726458, 0.007093876134604216, 0.006940949708223343, 0.0071845222264528275, 0.00695191603153944, 0.007523589301854372, 0.006633153650909662, 0.006888205651193857, 0.007052034605294466, 0.006831444799900055, 0.006851006764918566, 0.006210557650774717, 0.006373539101332426, 0.00637511583045125, 0.006882166489958763, 0.006613758392632008, 0.006159611977636814, 0.007077367044985294, 0.006450971122831106, 0.0056844428181648254, 0.00648883543908596, 0.006377156358212233, 0.0062787290662527084, 0.005528261419385672, 0.005692595150321722, 0.005332431755959988, 0.005437447689473629, 0.005474521312862635, 0.005184120032936335, 0.005375366657972336, 0.005012160632759333, 0.005180175416171551, 0.005072103813290596, 0.005276777781546116, 0.004888273775577545, 0.004821294452995062, 0.005680168978869915, 0.005031703971326351, 0.005170766729861498, 0.0048885284923017025, 0.004785125609487295, 0.0048769498243927956, 0.004856622312217951, 0.0049332985654473305, 0.00535180326551199, 0.004734136629849672, 0.0054116323590278625, 0.005975326057523489, 0.005080896895378828, 0.004502566996961832, 0.0046031661331653595, 0.004787687212228775, 0.0044442638754844666, 0.004785777069628239, 0.0046446798369288445, 0.00508155720308423, 0.00473042530938983, 0.005682860501110554, 0.004750804044306278, 0.004670415539294481, 0.004590282216668129, 0.005918433889746666, 0.00445543834939599, 0.004999582655727863, 0.004428585059940815, 0.004784692544490099, 0.00515072513371706, 0.0051974705420434475, 0.004994186107069254, 0.004651735536754131, 0.005067045800387859, 0.004537831526249647, 0.004398297052830458, 0.0044669508934021, 0.004236175678670406, 0.004155367612838745, 0.004740753211081028, 0.004271159879863262, 0.004930129274725914], "CustomMetrics_Huge_rectangles": [0.022042686119675636, 0.017106054350733757, 0.008786463178694248, 0.008505911566317081, 0.003671785816550255, 0.0030924140010029078, 0.0032125497236847878, 0.003219995182007551, 0.00262792082503438, 0.0026062282267957926, 0.0024964120239019394, 0.002720709890127182, 0.0022692037746310234, 0.002531829522922635, 0.002344079315662384, 0.0022240127436816692, 0.0021895281970500946, 0.0019017171580344439, 0.0016517180483788252, 0.0018362257396802306, 0.001569712650962174, 0.0017895068740472198, 0.0014164588646963239, 0.0015802410198375583, 0.0018921339651569724, 0.0015991475665941834, 0.001656799577176571, 0.0012969732051715255, 0.0012623807415366173, 0.0017320425249636173, 0.0020115727093070745, 0.0017420666990801692, 0.0016896793385967612, 0.0024871418718248606, 0.0018610082333907485, 0.001316291862167418, 0.001890484243631363, 0.002012087032198906, 0.0016857307637110353, 0.0011804865207523108, 0.00147166196256876, 0.0012381915003061295, 0.00123503094073385, 0.001820725854486227, 0.0011295326985418797, 0.00140311976429075, 0.00117796054109931, 0.0013007993111386895, 0.0014180198777467012, 0.0012314842315390706, 0.0012474212562665343, 0.0013069364940747619, 0.0020181280560791492, 0.0017389663262292743, 0.0017150600906461477, 0.0015690926229581237, 0.001405700109899044, 0.001447770744562149, 0.0017765427473932505, 0.0018293604953214526, 0.0015321807004511356, 0.0013713175430893898, 0.001928354729898274, 0.001878463546745479, 0.0018008087063208222, 0.0014810439897701144, 0.001583969802595675, 0.0015529320808127522, 0.0014073504135012627, 0.0015818641986697912, 0.0015920953592285514, 0.0015620337799191475, 0.0020562144927680492, 0.0025743257720023394, 0.001512225717306137, 0.0013214718783274293, 0.0016214428469538689, 0.0019393565598875284, 0.0017845160327851772, 0.002044100547209382, 0.0015778894303366542, 0.0019372679525986314, 0.0019387886859476566, 0.0020288084633648396, 0.0017400954384356737, 0.0016147479182109237, 0.0019086869433522224, 0.001558725256472826, 0.0015295351622626185, 0.0013969893334433436, 0.0013081791112199426, 0.0015267194248735905, 0.0020534279756247997, 0.0014001248637214303, 0.0021217439789325]}