{"CustomMetrics_Small_rectangles": [0.019373053684830666, 0.020406449213624, 0.01375674083828926, 0.01119723916053772, 0.011770419776439667, 0.011879258789122105, 0.012320064939558506, 0.012589924968779087, 0.014909474179148674, 0.011524083092808723, 0.012653658166527748, 0.011109170503914356, 0.010935181751847267, 0.010340157896280289, 0.010686284862458706, 0.010888542979955673, 0.011892917566001415, 0.010567134246230125, 0.010425315238535404, 0.01049411203712225, 0.01103829313069582, 0.00969446450471878, 0.010489034466445446, 0.010149367153644562, 0.011254691518843174, 0.010598018765449524, 0.01038851123303175, 0.010631831362843513, 0.010218233801424503, 0.010428967885673046, 0.010415380820631981, 0.010434798896312714, 0.009893758222460747, 0.010575908236205578, 0.010109181515872478, 0.010150628164410591, 0.00974513404071331, 0.010044683702290058, 0.010433549992740154, 0.010249048471450806, 0.00975183304399252, 0.00981882307678461, 0.0099930539727211, 0.010812586173415184, 0.010529913939535618, 0.010207555256783962, 0.011408727616071701, 0.009767316281795502, 0.011249948292970657, 0.010106008499860764, 0.010081129148602486, 0.011010530404746532, 0.011396228335797787, 0.011747192591428757, 0.01362180057913065, 0.009655277244746685, 0.009603030048310757], "CustomMetrics_Mid_rectangles": [0.017149338498711586, 0.017392857000231743, 0.012962025590240955, 0.011221352964639664, 0.01151940319687128, 0.01163747999817133, 0.011965037323534489, 0.012031442485749722, 0.01346464455127716, 0.011477354913949966, 0.012051614932715893, 0.011038649827241898, 0.01106014009565115, 0.01032115239650011, 0.01077384315431118, 0.010769922286272049, 0.01104058139026165, 0.010133626870810986, 0.010202237404882908, 0.010149471461772919, 0.010476719588041306, 0.009934837929904461, 0.010369407944381237, 0.009781096130609512, 0.010607428848743439, 0.010223125107586384, 0.01023323554545641, 0.010306800715625286, 0.009870813228189945, 0.009721687994897366, 0.01032613217830658, 0.010090609081089497, 0.00983654148876667, 0.010134012438356876, 0.009825028479099274, 0.009714728221297264, 0.009455729275941849, 0.009577451273798943, 0.009650702588260174, 0.01006780844181776, 0.009278344921767712, 0.009592576883733273, 0.009696093387901783, 0.010417039506137371, 0.010171347297728062, 0.009939270094037056, 0.010621482506394386, 0.00952797383069992, 0.010732129216194153, 0.0099940812215209, 0.01011328399181366, 0.010320622473955154, 0.011088968254625797, 0.011606673710048199, 0.01296570897102356, 0.0095151886343956, 0.009490222670137882], "CustomMetrics_Huge_rectangles": [0.004326665308326483, 0.0047415862791240215, 0.0021264050155878067, 0.0015529897063970566, 0.0017387988045811653, 0.001691494951955974, 0.0017179740825667977, 0.0017961589619517326, 0.002784089418128133, 0.0014933228958398104, 0.0019221191760152578, 0.0014971696073189378, 0.0014237738214433193, 0.0014296253211796284, 0.0014303047209978104, 0.0014299405738711357, 0.0018718542996793985, 0.001395867089740932, 0.0014128172770142555, 0.0013966315891593695, 0.0013543771347030997, 0.0011013189796358347, 0.0012533316621556878, 0.001284678466618061, 0.001410123542882502, 0.0013087531551718712, 0.0013523477828130126, 0.0014174485113471746, 0.0013477684697136283, 0.0013244572328403592, 0.0012237229384481907, 0.0012124339118599892, 0.0012059492291882634, 0.0013106095138937235, 0.001222560997121036, 0.0012055234983563423, 0.001091787009499967, 0.0010619013337418437, 0.001278210198506713, 0.0014226570492610335, 0.0010719115380197763, 0.001115508028306067, 0.0011282793711870909, 0.0012080356245860457, 0.001184681081213057, 0.0010402739280834794, 0.0014308260288089514, 0.0012795270886272192, 0.0015255444450303912, 0.0010544110555201769, 0.0013174958294257522, 0.0013496617320924997, 0.0016742924926802516, 0.0015540485037490726, 0.002262695925310254, 0.001256507937796414, 0.001109614153392613]}