{"CustomMetrics_Small_rectangles": [0.018380239605903625, 0.014348109252750874, 0.013005048967897892, 0.012500821612775326, 0.012279042974114418, 0.0121632544323802, 0.011832308024168015, 0.012216170318424702, 0.012304865755140781, 0.012465376406908035, 0.012171040289103985, 0.01231552567332983, 0.012496521696448326, 0.01267958153039217, 0.011942227371037006, 0.012002743780612946, 0.01207519881427288, 0.011974307708442211, 0.012639976106584072, 0.013004391454160213, 0.013226118870079517, 0.012302129529416561, 0.012635547667741776, 0.012495048344135284, 0.01228730846196413, 0.011685272678732872, 0.011981092393398285, 0.011766625568270683, 0.011823169887065887, 0.011837069876492023, 0.012991302646696568, 0.012665989808738232, 0.012502019293606281, 0.0119317676872015, 0.011970347724854946, 0.012154651805758476, 0.0123294061049819, 0.012356546707451344, 0.012027936987578869, 0.011386523954570293, 0.01207726914435625, 0.011646629311144352, 0.010907880961894989, 0.010954943485558033, 0.0114706140011549, 0.011174472980201244, 0.011046924628317356, 0.011590792797505856, 0.011702611111104488, 0.011118101887404919, 0.011028828099370003, 0.011915700510144234, 0.011291706003248692, 0.010916397906839848, 0.011065744794905186, 0.011697636917233467, 0.011161060072481632, 0.011580616235733032, 0.011227219365537167, 0.010965371504426003, 0.01136989425867796, 0.011056202463805676, 0.010650490410625935, 0.011325860396027565, 0.010991516523063183, 0.010799320414662361, 0.00964245107024908, 0.010350201278924942, 0.009974225424230099, 0.010966358706355095, 0.010389265604317188, 0.010024363175034523, 0.010763030499219894, 0.010836077854037285, 0.0106748566031456, 0.01000288873910904, 0.009870351292192936, 0.011784990318119526, 0.009339459240436554, 0.010372413322329521, 0.009420427493751049, 0.009866705164313316, 0.009185541421175003, 0.009734740480780602, 0.009229845367372036, 0.009046736173331738, 0.009972650557756424, 0.00991683267056942, 0.00947830080986023, 0.00978192500770092, 0.009272006340324879, 0.009651007130742073, 0.009538195095956326, 0.009054142981767654, 0.009252946823835373, 0.009659357368946075, 0.00957071129232645, 0.0096624456346035, 0.009769500233232975, 0.009821383282542229, 0.009315908886492252, 0.009642033837735653, 0.008130657486617565, 0.009649044834077358, 0.009587129577994347], "CustomMetrics_Mid_rectangles": [0.019029205664992332, 0.015685051679611206, 0.013956389389932156, 0.013192457146942616, 0.012739598751068115, 0.012431253679096699, 0.011923185549676418, 0.011807260103523731, 0.011736351065337658, 0.011906620115041733, 0.011437658220529556, 0.01140229869633913, 0.01164817251265049, 0.011652044020593166, 0.010995602235198021, 0.010873938910663128, 0.011220700107514858, 0.010981474071741104, 0.011381045915186405, 0.011690467596054077, 0.011716116219758987, 0.011174580082297325, 0.011293161660432816, 0.011312702670693398, 0.011032226495444775, 0.01060098223388195, 0.010893873870372772, 0.010906249284744263, 0.010584031231701374, 0.010564163327217102, 0.01163560338318348, 0.011126834899187088, 0.01110199373215437, 0.010687753558158875, 0.010720878839492798, 0.010985548608005047, 0.010896011255681515, 0.010929091833531857, 0.010603209026157856, 0.010272655636072159, 0.010803043842315674, 0.01026073843240738, 0.010032475925981998, 0.009984675794839859, 0.010468817315995693, 0.01007054653018713, 0.010077307000756264, 0.010540156625211239, 0.010564001277089119, 0.00997040793299675, 0.010038490407168865, 0.010574331507086754, 0.010219486430287361, 0.009942932985723019, 0.010041122324764729, 0.010390433482825756, 0.010059786029160023, 0.010273945517838001, 0.010120606049895287, 0.010195315815508366, 0.010311098769307137, 0.010049776174128056, 0.009778876788914204, 0.010119639337062836, 0.009891703724861145, 0.009839313104748726, 0.00919191725552082, 0.009391292929649353, 0.009133465588092804, 0.009790286421775818, 0.0094977505505085, 0.009293345734477043, 0.009623311460018158, 0.009853304363787174, 0.009477558545768261, 0.009125113487243652, 0.009142693132162094, 0.01035801786929369, 0.008876006118953228, 0.00912556704133749, 0.00864772591739893, 0.008935723453760147, 0.00847953837364912, 0.008772758767008781, 0.008652498945593834, 0.008464373648166656, 0.00915900245308876, 0.009158768691122532, 0.008946447633206844, 0.008974342606961727, 0.008583568967878819, 0.008800516836345196, 0.00867859274148941, 0.00860554538667202, 0.008783861063420773, 0.008821438066661358, 0.008895755745470524, 0.009220527485013008, 0.008845332078635693, 0.009271892718970776, 0.009225056506693363, 0.00872866716235876, 0.007606435101479292, 0.009099691174924374, 0.008980740793049335], "CustomMetrics_Huge_rectangles": [0.003821737365797162, 0.0026825973764061928, 0.002417841926217079, 0.002174343215301633, 0.00217571877874434, 0.002235129941254854, 0.0020167676266282797, 0.001993510639294982, 0.001968071097508073, 0.0019077010219916701, 0.002121125580742955, 0.0019789007492363453, 0.001970509998500347, 0.0020358606707304716, 0.0018982236506417394, 0.0018260804936289787, 0.0017334887525066733, 0.0016991510055959225, 0.001754172146320343, 0.0019630398601293564, 0.002174342516809702, 0.0018019397975876927, 0.001934786792844534, 0.0017763596260920167, 0.0017675141571089625, 0.0015522998291999102, 0.0016342517919838428, 0.0014942716807126999, 0.0015015143435448408, 0.0013421361800283194, 0.0019008092349395156, 0.0015734833432361484, 0.0016600325470790267, 0.0016483839135617018, 0.0015526361530646682, 0.0015148461097851396, 0.001554909162223339, 0.0017794608138501644, 0.0016305098542943597, 0.0011498527601361275, 0.001534779672510922, 0.0014315370935946703, 0.0011878599179908633, 0.0015408382751047611, 0.0012919844593852758, 0.0014157695695757866, 0.0011822966625913978, 0.0012645937968045473, 0.0014892880572006106, 0.0012167522218078375, 0.0011013476178050041, 0.0015149781247600913, 0.001163655542768538, 0.001247944077476859, 0.0012551599647849798, 0.0013045243686065078, 0.0011899940436705947, 0.0012794379144906998, 0.0012290742015466094, 0.0011292460840195417, 0.0013241522246971726, 0.0010592315811663866, 0.0010173101909458637, 0.001285166130401194, 0.0010675907833501697, 0.0010081366635859013, 0.0008559477864764631, 0.001236640033312142, 0.0009727614233270288, 0.0011360865319147706, 0.0011364577803760767, 0.0009948204969987273, 0.0011360363569110632, 0.001112941186875105, 0.0010261621791869402, 0.000939010817091912, 0.001112059224396944, 0.0013381202006712556, 0.0010391231626272202, 0.0010911517310887575, 0.0009606803068891168, 0.000994846923276782, 0.0008686945657245815, 0.0009757349034771323, 0.0008397644269280136, 0.0010004841024056077, 0.0010796961141750216, 0.0008583508897572756, 0.000878535327501595, 0.0009122324408963323, 0.0009365322184748948, 0.000955697032622993, 0.0009532442199997604, 0.0008279486210085452, 0.0010175990173593163, 0.0008948238682933152, 0.0008424791158176959, 0.0008512858767062426, 0.0008727822569198906, 0.0009402838768437505, 0.0008492431370541453, 0.001069217803888023, 0.000762674433644861, 0.0008992737857624888, 0.0009043017635121942]}