{"CustomMetrics_Small_rectangles": [0.20953333377838135, 0.04852968826889992, 0.035790666937828064, 0.032723553478717804, 0.030704455450177193, 0.027736501768231392, 0.02517128549516201, 0.022485844790935516, 0.025389567017555237, 0.02232545241713524, 0.02223413623869419, 0.020327897742390633, 0.018906624987721443, 0.01857808604836464, 0.018707338720560074, 0.01941918395459652, 0.01662806048989296, 0.017837295308709145, 0.01679283194243908, 0.01600758172571659, 0.01514508854597807, 0.017899086698889732, 0.015356365591287613, 0.01581336185336113, 0.014642002992331982, 0.016220834106206894, 0.015352567657828331, 0.015835203230381012, 0.015173151157796383, 0.01230987161397934, 0.013389304280281067, 0.012723209336400032, 0.01508001796901226, 0.01195251103490591, 0.01239048782736063, 0.01217328105121851, 0.011652344837784767, 0.012079977430403233, 0.011612596921622753, 0.01226782239973545, 0.0123060317710042, 0.011276850476861, 0.012965129688382149, 0.010551844723522663, 0.010461767204105854, 0.010851193219423294, 0.011098354123532772, 0.01015421375632286, 0.009842503815889359, 0.0103925671428442, 0.01041019894182682, 0.011179979890584946, 0.011152425780892372, 0.01105424389243126, 0.00893297977745533, 0.009219376370310783, 0.009211675263941288, 0.009539150632917881, 0.009035796858370304, 0.008570482954382896, 0.008305688388645649, 0.008264398202300072, 0.009411731734871864, 0.009258046746253967, 0.010249282233417034, 0.008730871602892876, 0.008583340793848038, 0.009187142364680767, 0.009258677251636982, 0.007072167471051216, 0.0070537966676056385, 0.00876784697175026, 0.007558664306998253, 0.007306037936359644, 0.010396306402981281, 0.007835697382688522, 0.007370700128376484, 0.008880024775862694, 0.007687792647629976, 0.010008003562688828, 0.009336733259260654, 0.009626222774386406, 0.01019391417503357, 0.007625215221196413, 0.008902564644813538, 0.007736466825008392, 0.007966083474457264, 0.007145689334720373, 0.007171777077019215, 0.007424728479236364, 0.007129628211259842, 0.008000587113201618, 0.007265531923621893, 0.006518170237541199, 0.007447634823620319, 0.007853319868445396, 0.006855796091258526], "CustomMetrics_Mid_rectangles": [0.14741504192352295, 0.043289363384246826, 0.03239203244447708, 0.028301602229475975, 0.027761263772845268, 0.02436213754117489, 0.02058369666337967, 0.019124863669276237, 0.020805599167943, 0.0183373112231493, 0.016987023875117302, 0.015242856927216053, 0.014031738042831421, 0.01459425874054432, 0.014568258076906204, 0.013866974040865898, 0.013572078198194504, 0.01336576882749796, 0.013359145261347294, 0.012933576479554176, 0.011467772535979748, 0.014060094021260738, 0.01263415813446045, 0.012420900166034698, 0.01157255657017231, 0.013278882019221783, 0.013493687845766544, 0.01260095089673996, 0.011049404740333557, 0.010242057032883167, 0.011244652792811394, 0.010209506377577782, 0.01166545320302248, 0.010315882973372936, 0.01080834399908781, 0.010067230090498924, 0.010442296974360943, 0.00954982079565525, 0.00988407339900732, 0.009808141738176346, 0.009936442598700523, 0.009396127425134182, 0.010365387424826622, 0.01022642944008112, 0.009441494941711426, 0.009586070664227009, 0.00877117644995451, 0.008970875293016434, 0.00891893357038498, 0.009030843153595924, 0.009142957627773285, 0.00867106020450592, 0.008883995935320854, 0.010539371520280838, 0.009711311198771, 0.007992982864379883, 0.008007964119315147, 0.008682909421622753, 0.00867953896522522, 0.00733359158039093, 0.007461972068995237, 0.007308724336326122, 0.007587996311485767, 0.007760395761579275, 0.007982944138348103, 0.007393034175038338, 0.007240919396281242, 0.008175626397132874, 0.008364192210137844, 0.006851277779787779, 0.007078518159687519, 0.006906356196850538, 0.0071245660074055195, 0.0066949352622032166, 0.008886562660336494, 0.007782648783177137, 0.0064804330468177795, 0.006817133631557226, 0.006897261831909418, 0.00879968237131834, 0.007065173704177141, 0.00730849988758564, 0.008369076997041702, 0.0065895733423531055, 0.006747857667505741, 0.006558419205248356, 0.0065972767770290375, 0.006278194487094879, 0.0061815218068659306, 0.006420262157917023, 0.006159065756946802, 0.006479491479694843, 0.007444413378834724, 0.005924481898546219, 0.006411345209926367, 0.006476889830082655, 0.006090114358812571], "CustomMetrics_Huge_rectangles": [0.04333040490746498, 0.007273707073181868, 0.007835686206817627, 0.0049782395362854, 0.004545273724943399, 0.0038752625696361065, 0.0033052931539714336, 0.0029927834402769804, 0.003689219243824482, 0.0026516651269048452, 0.0023328440729528666, 0.002094616647809744, 0.0020402809605002403, 0.0022226874716579914, 0.0020385945681482553, 0.0023246437776833773, 0.001925850403495133, 0.0019095189636573195, 0.0020039610099047422, 0.0017689208034425974, 0.0015169703401625156, 0.0024896145332604647, 0.002323444001376629, 0.001938322908245027, 0.001968374475836754, 0.0023206628393381834, 0.0025586984120309353, 0.0022136778570711613, 0.0016897208988666534, 0.0016442651394754648, 0.001557932235300541, 0.0010863172356039286, 0.0018449606141075492, 0.0013421399053186178, 0.0011693850392475724, 0.0012484369799494743, 0.0013126282719895244, 0.0012231218861415982, 0.0013446895172819495, 0.0013069241540506482, 0.001411725184880197, 0.0010083017405122519, 0.0017009432194754481, 0.001378800137899816, 0.0009756291983649135, 0.0012235018657520413, 0.0013894671574234962, 0.0009859115816652775, 0.0010442625498399138, 0.0011763875372707844, 0.001322199241258204, 0.0012704922119155526, 0.0016739093698561192, 0.0017480257665738463, 0.0019220315152779222, 0.0009007141925394535, 0.0007950115250423551, 0.0009732028702273965, 0.0010285874595865607, 0.0009369439212605357, 0.000757134985178709, 0.000864531088154763, 0.0010470293927937746, 0.0010562489042058587, 0.0014916013460606337, 0.0009996596490964293, 0.0007510385476052761, 0.0014592098305001855, 0.0012386400485411286, 0.0011998781701549888, 0.0008673358242958784, 0.0009294278570450842, 0.0006891907542012632, 0.0009399205446243286, 0.00126750604249537, 0.0011023717233911157, 0.0006610049749724567, 0.0010290807113051414, 0.000756977591663599, 0.0017652433598414063, 0.0013541210209950805, 0.0014624022878706455, 0.0015560247702524066, 0.0007241568528115749, 0.001391843194141984, 0.0008444883278571069, 0.0008458771626465023, 0.0008132299990393221, 0.0007533875177614391, 0.0007141540991142392, 0.0006953118718229234, 0.001015715766698122, 0.0012833114014938474, 0.0006684680702164769, 0.0008057866361923516, 0.0009173673461191356, 0.000844176160171628]}