{"CustomMetrics_Small_rectangles": [0.012598675675690174, 0.009356449358165264, 0.008424730040133, 0.00837600789964199, 0.006327616982161999, 0.008001512847840786, 0.006304075010120869, 0.004636557772755623, 0.004962588660418987, 0.003988068085163832, 0.005821756087243557, 0.004470729734748602, 0.004422811325639486, 0.002889607334509492, 0.004795042332261801, 0.002655379706993699, 0.0027704241219908, 0.003536207601428032, 0.0026798341423273087, 0.003727284725755453, 0.002786334604024887, 0.0029756189323961735, 0.00307036773301661, 0.0023140092380344868, 0.002474724082276225, 0.0023599176201969385, 0.0020227159839123487, 0.0026757793966680765, 0.0023129142355173826, 0.0019206933211535215, 0.0022295950911939144, 0.0024713219609111547, 0.0018993227276951075, 0.001848540618084371, 0.00274903723038733, 0.0019025295041501522, 0.002207573037594557, 0.00206558546051383, 0.0020360234193503857, 0.001951147336512804, 0.0015756944194436073, 0.002039170591160655, 0.0024822994600981474, 0.001935986103489995, 0.0016491989372298121, 0.0014116287929937243, 0.0014196574920788407, 0.0017050046008080244, 0.0018803864950314164, 0.002354774856939912, 0.0021248345728963614, 0.0018655451713129878, 0.0016589568695053458, 0.002087482251226902, 0.0017581594875082374, 0.0017945177387446165, 0.0016097764018923044, 0.0017227251082658768, 0.0017404811223968863, 0.0012807311723008752, 0.0019366908818483353, 0.0017727200174704194, 0.0019436796428635716, 0.0019396572606638074, 0.0017776242457330227, 0.002039614599198103, 0.0019734061788767576, 0.002459550742059946], "CustomMetrics_Mid_rectangles": [0.012110099196434021, 0.009957118891179562, 0.00855499692261219, 0.007802376989275217, 0.006265658885240555, 0.006988799199461937, 0.005227952264249325, 0.004016694147139788, 0.003548133186995983, 0.003355364315211773, 0.004572274629026651, 0.0032384225632995367, 0.0029468394350260496, 0.001966472016647458, 0.003195900470018387, 0.0017822833033278584, 0.001730698742903769, 0.002437312388792634, 0.0017259340966120362, 0.0025023878552019596, 0.001895490218885243, 0.0019009235547855496, 0.0018903599120676517, 0.0014442353276535869, 0.0015615748707205057, 0.001344216987490654, 0.0012114732526242733, 0.0017240678425878286, 0.0014273023698478937, 0.0012723387917503715, 0.0013157814973965287, 0.001524209277704358, 0.0012224693782627583, 0.0011549879563972354, 0.001722971210256219, 0.0011578580597415566, 0.0012664893874898553, 0.001296031172387302, 0.0012379024410620332, 0.0011436458444222808, 0.0011208568466827273, 0.0011841405648738146, 0.0016984177054837346, 0.0011262454790994525, 0.0010591939790174365, 0.0008992903167381883, 0.0009108450612984598, 0.0009729392477311194, 0.0010680973064154387, 0.0013598582008853555, 0.0012105043279007077, 0.0010502464137971401, 0.0009675351902842522, 0.0013178978115320206, 0.0008833601605147123, 0.0010104074608534575, 0.0008466100553050637, 0.0010553112952038646, 0.0008534062653779984, 0.0006939080194570124, 0.0010164586128666997, 0.0009057206334546208, 0.0009888806380331516, 0.0011422893730923533, 0.0008640281157568097, 0.0010889797704294324, 0.0009441640577279031, 0.0012769193854182959], "CustomMetrics_Huge_rectangles": [0.0027114038821309805, 0.001742159016430378, 0.001342945033684373, 0.001246249652467668, 0.0010660997359082103, 0.001110211480408907, 0.001163237146101892, 0.0008459929376840591, 0.000671832007355988, 0.0009456841507926583, 0.0007301520090550184, 0.0006291308673098683, 0.0008929016767069697, 0.0011653825640678406, 0.0010387025540694594, 0.000727862527128309, 0.0008297355961985886, 0.0006904785404913127, 0.0007338527357205749, 0.0007721303263679147, 0.000608617439866066, 0.0006270090816542506, 0.0011301595950499177, 0.0005203503533266485, 0.0007511897129006684, 0.0009244338143616915, 0.0007266028551384807, 0.000772650062572211, 0.0007214800571091473, 0.0006124453502707183, 0.0007018527248874307, 0.0007733156089670956, 0.0007070568390190601, 0.0006459032883867621, 0.000648491783067584, 0.0008059939136728644, 0.0009568223031237721, 0.0006314943893812597, 0.000606799905654043, 0.0007235466619022191, 0.0008152861264534295, 0.0006962104816921055, 0.0007351895910687745, 0.0006642820662818849, 0.0005913155036978424, 0.0007039891788735986, 0.000744629476685077, 0.0006142673664726317, 0.0007022314821369946, 0.0011285534128546715, 0.0007770966039970517, 0.0008860419620759785, 0.0005753933219239116, 0.0008097875979728997, 0.0007311674999073148, 0.0007158569642342627, 0.0008386631379835308, 0.0006508647347800434, 0.0007224849541671574, 0.000805269053671509, 0.0007975745247676969, 0.0007434615981765091, 0.000845824892167002, 0.0008387014386244118, 0.0006602398934774101, 0.0008774700690992177, 0.0009734386694617569, 0.0008213369292207062]}