{"CustomMetrics_Small_rectangles": [0.023154299706220627, 0.022849325090646744, 0.013431276194751263, 0.012500686571002007, 0.012291304767131805, 0.011725777760148048, 0.011590490117669106, 0.010861942544579506, 0.01078642439097166, 0.011524846777319908, 0.010918889194726944, 0.011029355227947235, 0.011382890865206718, 0.01118132472038269, 0.011309084482491016, 0.011024093255400658, 0.011450577527284622, 0.010872278362512589, 0.011314023286104202, 0.010851823724806309, 0.01142557431012392, 0.011300030164420605, 0.01121134590357542, 0.011150208301842213, 0.011486130766570568, 0.011365758255124092, 0.011779631488025188, 0.012023763731122017, 0.01194068044424057, 0.01165740005671978, 0.01192531269043684, 0.011911778710782528, 0.011631256900727749, 0.01234492752701044, 0.01113229338079691, 0.011761346831917763, 0.012138467282056808, 0.011063394136726856, 0.011274931021034718, 0.01214577630162239, 0.011794285848736763, 0.01217755489051342, 0.01136535219848156, 0.012304916977882385, 0.01123821921646595, 0.011594674549996853, 0.011253438889980316, 0.011641033925116062, 0.01151382178068161, 0.01242735330015421, 0.011720018461346626, 0.012229735031723976, 0.011814997531473637, 0.01167925912886858, 0.011447467841207981, 0.012424752116203308, 0.011529292911291122, 0.011686793528497219, 0.011973063461482525, 0.011049148626625538, 0.011709669604897499, 0.011455157771706581, 0.01202156487852335, 0.01142891775816679, 0.011915808543562889, 0.012568114325404167, 0.011033362708985806, 0.013482470065355301, 0.011963587254285812, 0.011489083990454674, 0.011570657603442669, 0.01246560737490654, 0.012290866114199162, 0.01248873770236969, 0.01248833630234003, 0.011318945325911045, 0.011721638031303883, 0.012080986052751541, 0.012186736799776554, 0.011842776089906693, 0.011633127927780151, 0.011495769955217838, 0.011083077639341354, 0.011813150718808174, 0.012015164829790592, 0.011368053033947945, 0.011191846802830696, 0.01214602030813694, 0.012957936152815819, 0.016776548698544502, 0.013181713409721851, 0.011149516329169273, 0.012605167925357819, 0.011548788286745548, 0.01274749543517828, 0.011242819018661976, 0.012018952518701553, 0.012633733451366425, 0.012139281257987022, 0.013032466173171997, 0.011388632468879223, 0.011278905905783176, 0.012454988434910774, 0.012108300812542439, 0.012022390030324459], "CustomMetrics_Mid_rectangles": [0.026797544211149216, 0.0141838900744915, 0.011988824233412743, 0.011685028672218323, 0.011594667099416256, 0.011539721861481667, 0.0114408228546381, 0.010983803309500217, 0.01085397694259882, 0.011295273900032043, 0.010957286693155766, 0.011071802116930485, 0.011545952409505844, 0.011250007897615433, 0.011002009734511375, 0.010531297884881496, 0.010863547213375568, 0.010482377372682095, 0.01087631843984127, 0.01027190312743187, 0.010609075427055359, 0.010356443002820015, 0.010214900597929955, 0.010140245780348778, 0.010308703407645226, 0.01018401887267828, 0.010486691258847713, 0.010822909884154797, 0.010424338281154633, 0.01046670787036419, 0.010502719320356846, 0.010274610482156277, 0.010336354374885559, 0.010719376616179943, 0.00999300554394722, 0.010294415056705475, 0.01070911344140768, 0.009805017150938511, 0.009809023700654507, 0.010351347737014294, 0.010232465341687202, 0.010617496445775032, 0.00974784605205059, 0.01034928672015667, 0.009952994994819164, 0.009933562017977238, 0.009766013361513615, 0.009982460178434849, 0.009972024708986282, 0.010627943091094494, 0.009963368065655231, 0.01042458601295948, 0.010168632492423058, 0.010013474151492119, 0.00996191892772913, 0.010412982665002346, 0.01000247336924076, 0.010017422959208488, 0.010176988318562508, 0.009627093560993671, 0.009913351386785507, 0.00979082752019167, 0.010247633792459965, 0.009978231973946095, 0.010095230303704739, 0.01057520229369402, 0.009804035536944866, 0.01118288654834032, 0.010224660858511925, 0.009983900003135204, 0.010005096904933453, 0.010518420487642288, 0.010431794449687004, 0.01062524039298296, 0.01062470767647028, 0.009778661653399467, 0.010221474803984165, 0.010259361937642097, 0.010282611474394798, 0.010030134581029415, 0.00992867723107338, 0.009849600493907928, 0.009664404205977917, 0.009827947244048119, 0.010093760676681995, 0.009743197821080685, 0.009529516100883484, 0.010227042250335217, 0.010896395891904831, 0.013748950324952602, 0.010692338459193707, 0.00940005760639906, 0.0106482720002532, 0.009727179072797298, 0.010499895550310612, 0.009825876913964748, 0.010071330703794956, 0.010538141243159771, 0.01031889021396637, 0.011072884313762188, 0.009783373214304447, 0.009776114486157894, 0.010593602433800697, 0.010193095542490482, 0.009890908375382423], "CustomMetrics_Huge_rectangles": [0.026838179677724838, 0.00852763932198286, 0.003421590430662036, 0.0028364129830151796, 0.0028228953015059233, 0.0025904392823576927, 0.0025033005513250828, 0.0020426863338798285, 0.0018807355081662536, 0.002113478956744075, 0.0017817779444158077, 0.0017731360858306289, 0.0018385695293545723, 0.001817388809286058, 0.0017667146166786551, 0.0015584307257086039, 0.001731692347675562, 0.0015718756476417184, 0.001721054664812982, 0.0014895612839609385, 0.0016811905661597848, 0.001666578813455999, 0.001644879812374711, 0.0015829289332032204, 0.0017113140784204006, 0.0015813284553587437, 0.0016693135257810354, 0.0017878897488117218, 0.0017482262337580323, 0.0016922809882089496, 0.0017294675344601274, 0.001714959740638733, 0.0015681091463193297, 0.0017723821802064776, 0.0013638868695124984, 0.0015904279425740242, 0.0016925283707678318, 0.0012978939339518547, 0.0014504344435408711, 0.0016912218416109681, 0.0015441210707649589, 0.0016080980421975255, 0.0016316167311742902, 0.0017976294038817286, 0.0014142178697511554, 0.0015462572919204831, 0.0014279222814366221, 0.0015357623342424631, 0.001525837811641395, 0.0018083853647112846, 0.0016894942382350564, 0.001662499038502574, 0.0015463833697140217, 0.0015123001066967845, 0.00137453677598387, 0.0018470309441909194, 0.0015089343069121242, 0.0014289234532043338, 0.0015781401889398694, 0.0013841622276231647, 0.0015468420460820198, 0.001444003893993795, 0.0016050109406933188, 0.0014286101795732975, 0.0015984419733285904, 0.0018144928617402911, 0.0012364322319626808, 0.0019604729022830725, 0.001553602167405188, 0.0015275395708158612, 0.001412042649462819, 0.0016055263113230467, 0.0018308613216504455, 0.001726008951663971, 0.0017284438945353031, 0.0014268342638388276, 0.001491506234742701, 0.001670438563451171, 0.0017290989635512233, 0.0015532856341451406, 0.0016217324882745743, 0.0014635312836617231, 0.0014183380408212543, 0.0016581275267526507, 0.0015369246248155832, 0.0013228682801127434, 0.0014003039104864001, 0.001656591659411788, 0.0018632266437634826, 0.003100223373621702, 0.002169729443266988, 0.0013416811125352979, 0.001722867600619793, 0.0014580573188140988, 0.001869966508820653, 0.0014654375845566392, 0.0015935611445456743, 0.0017861962551251054, 0.001556047354824841, 0.0017969977343454957, 0.0014323322102427483, 0.0013647048035636544, 0.00183341302908957, 0.001519890851341188, 0.0016521187499165535]}