{"CustomMetrics_Small_rectangles": [0.7006626725196838, 0.14183618128299713, 0.07767388969659805, 0.07175173610448837, 0.06870561838150024, 0.054510489106178284, 0.04734804481267929, 0.049591001123189926, 0.03602871298789978, 0.03946628421545029, 0.03202810510993004, 0.0313510000705719, 0.02595643885433674, 0.023688465356826782, 0.02085644192993641, 0.022637860849499702, 0.01785685308277607, 0.020051218569278717, 0.021208781749010086, 0.01471849624067545, 0.014574389904737473, 0.016010839492082596, 0.016120003536343575, 0.014988729730248451, 0.017263974994421005, 0.013566594570875168, 0.014039780013263226, 0.014026021584868431, 0.014315873384475708, 0.014259671792387962, 0.012905340641736984, 0.012308130040764809, 0.011105451732873917, 0.011020240373909473, 0.01098061352968216, 0.0107200862839818, 0.012535888701677322, 0.01148855872452259, 0.011184905655682087, 0.011567839421331882, 0.012486002407968044, 0.01254679448902607, 0.011076305992901325, 0.010914856567978859, 0.010683096945285797, 0.010906174778938293, 0.011631988920271397, 0.01164412684738636, 0.011515611782670021, 0.010909242555499077, 0.011002530343830585, 0.011442398652434349, 0.011455610394477844, 0.012061279267072678, 0.011481139808893204, 0.012028787285089493, 0.011006476357579231, 0.012345714494585991, 0.01089962013065815, 0.01178054790943861, 0.012879882007837296, 0.011196555569767952, 0.011685696430504322, 0.01116938516497612, 0.011134530417621136, 0.01126998383551836, 0.01210482232272625, 0.012415280565619469, 0.011342700570821762, 0.012626197189092636, 0.012203100137412548, 0.013082417659461498], "CustomMetrics_Mid_rectangles": [0.6156657338142395, 0.1389964520931244, 0.08752148598432541, 0.07440238445997238, 0.07160709798336029, 0.058324407786130905, 0.0490364208817482, 0.051725659519433975, 0.03919489309191704, 0.04185336083173752, 0.03346307948231697, 0.03410344570875168, 0.02855123020708561, 0.02619042620062828, 0.023276133462786674, 0.024409597739577293, 0.01917090080678463, 0.021847141906619072, 0.022136349231004715, 0.015338649973273277, 0.014658072963356972, 0.016516782343387604, 0.01583755575120449, 0.014875625260174274, 0.01645878329873085, 0.013071619905531406, 0.013420604169368744, 0.01352192647755146, 0.013918486423790455, 0.013123770244419575, 0.01211785152554512, 0.011564668267965317, 0.010737541131675243, 0.010603957809507847, 0.010518562979996204, 0.010429670102894306, 0.01172115933150053, 0.010774068534374237, 0.010701077058911324, 0.011315868236124516, 0.011607898399233818, 0.011872664093971252, 0.010643412359058857, 0.010552916675806046, 0.010456819087266922, 0.010612258687615395, 0.011037051677703857, 0.011348465457558632, 0.011129505932331085, 0.010575701482594013, 0.010801308788359165, 0.01113634742796421, 0.011306457221508026, 0.011456222273409367, 0.01112570334225893, 0.011763829737901688, 0.011112401261925697, 0.012028928846120834, 0.011090128682553768, 0.011475075036287308, 0.012215481139719486, 0.011345881968736649, 0.011547500267624855, 0.011240913532674313, 0.011344837956130505, 0.011322629638016224, 0.011861455626785755, 0.012326900847256184, 0.011408624239265919, 0.012259186245501041, 0.01207874994724989, 0.01275180745869875], "CustomMetrics_Huge_rectangles": [0.2615416646003723, 0.06452327966690063, 0.05046208202838898, 0.04042734578251839, 0.03472650796175003, 0.029017025604844093, 0.024774501100182533, 0.02097342163324356, 0.017248686403036118, 0.01480828132480383, 0.012512807734310627, 0.011254286393523216, 0.009389382787048817, 0.008677095174789429, 0.007651286665350199, 0.006927849259227514, 0.006467951461672783, 0.005755847319960594, 0.005741428583860397, 0.005030158907175064, 0.004135244991630316, 0.003582898760214448, 0.003363911295309663, 0.003100164933130145, 0.003727992530912161, 0.002562053967267275, 0.002564136404544115, 0.002570485696196556, 0.002604662673547864, 0.0026140068657696247, 0.0021868289913982153, 0.0020502812694758177, 0.0018769832095131278, 0.0018370688194409013, 0.002125127473846078, 0.0018923792522400618, 0.0020486684516072273, 0.001971856225281954, 0.0017691252287477255, 0.0018726428970694542, 0.0019200198585167527, 0.0020824193488806486, 0.0017307716188952327, 0.0020772982388734818, 0.0017353484872728586, 0.0017476883949711919, 0.001821880112402141, 0.0018018372356891632, 0.001760341809131205, 0.0016781585291028023, 0.0018206676468253136, 0.0018604990327730775, 0.0018906255718320608, 0.0019192964537069201, 0.0018242899095639586, 0.0019364096224308014, 0.0017173117958009243, 0.0020253448747098446, 0.0018865958554670215, 0.0018858688417822123, 0.0022510963026434183, 0.0018170278053730726, 0.0017366934334859252, 0.0019529828568920493, 0.0018320278031751513, 0.0018207505345344543, 0.0019057333702221513, 0.001969648292288184, 0.001834212918765843, 0.002219226909801364, 0.0020757957827299833, 0.0026303958147764206]}