{"CustomMetrics_Small_rectangles": [0.013219628483057022, 0.012098325416445732, 0.011309080757200718, 0.011035195551812649, 0.010214941576123238, 0.010102333500981331, 0.009246955625712872, 0.007731013465672731, 0.007156319450587034, 0.006927268113940954, 0.007942010648548603, 0.008659456856548786, 0.0078046866692602634, 0.006130222696810961, 0.005050300620496273, 0.006556107196956873, 0.006600991357117891, 0.0068017952144145966, 0.0045292917639017105, 0.005773566663265228, 0.00536321522668004, 0.0032561037223786116, 0.005472269374877214, 0.0027076760306954384, 0.0035030220169574022, 0.003163830377161503, 0.0037947811651974916, 0.0027257446199655533, 0.004197847563773394, 0.0034833194222301245, 0.0033829035237431526, 0.0023653816897422075, 0.002597017679363489, 0.004156128503382206, 0.0027520915027707815, 0.0027303968090564013, 0.0024693035520613194, 0.003681270405650139, 0.003915602806955576, 0.0037767947651445866, 0.0038977917283773422, 0.0024418628308922052, 0.003725212998688221, 0.0033826918806880713, 0.0022273105569183826, 0.0022295338567346334, 0.0028827055357396603, 0.003245196770876646, 0.0042785825207829475, 0.008988281711935997, 0.004323306027799845, 0.0035095885396003723, 0.003045945195481181, 0.00401337118819356, 0.002303563291206956, 0.0020662378519773483, 0.002120560733601451, 0.002199011156335473, 0.003026735968887806, 0.0034874598495662212, 0.0033705956302583218, 0.002792889252305031, 0.0022324786987155676, 0.002503097290173173, 0.001914511201903224, 0.003606068901717663, 0.00212433491833508, 0.0024867309257388115, 0.002552382880821824, 0.002189366379752755, 0.0014852952444925904, 0.0020253704860806465, 0.0019742450676858425, 0.0021500051952898502, 0.002487276215106249, 0.0022016202565282583, 0.0015458755660802126, 0.0024920967407524586, 0.001370597630739212, 0.001461170264519751, 0.002502249088138342, 0.002467024838551879, 0.002231898717582226, 0.002019663108512759, 0.002454635687172413, 0.001757140620611608, 0.002077514538541436, 0.0017338820034638047, 0.0012475705007091165, 0.0012261192314326763, 0.0023694487754255533, 0.0015123389894142747, 0.001857008202932775, 0.00224315095692873, 0.002391774207353592, 0.0019795624539256096, 0.0019093950977548957, 0.0017823379021137953, 0.00327694951556623, 0.0024277635384351015, 0.0019682233687490225, 0.0018049597274512053, 0.0010365117341279984, 0.0015420983545482159, 0.0025083357468247414, 0.0017858678475022316], "CustomMetrics_Mid_rectangles": [0.01255098544061184, 0.011341748759150505, 0.010720915161073208, 0.010424847714602947, 0.009894585236907005, 0.009829159826040268, 0.008851077407598495, 0.0069595868699252605, 0.007361757569015026, 0.006121819373220205, 0.004728546366095543, 0.007325895130634308, 0.006743208970874548, 0.004799074959009886, 0.0031118099577724934, 0.004001813940703869, 0.0035016811452805996, 0.004916741047054529, 0.0034261648543179035, 0.002872960874810815, 0.002429104642942548, 0.0023834991734474897, 0.003277190262451768, 0.002336460631340742, 0.002358061959967017, 0.0026809130795300007, 0.0022815854754298925, 0.0021542077884078026, 0.0023602303117513657, 0.0024286711122840643, 0.0023654308170080185, 0.001930168829858303, 0.0021126889623701572, 0.0023762357886880636, 0.0016553892055526376, 0.0016990832518786192, 0.00190827832557261, 0.00197064527310431, 0.0026097262743860483, 0.002333685988560319, 0.0018235809402540326, 0.0014668572694063187, 0.0022252097260206938, 0.001991583500057459, 0.0012624157825484872, 0.001471002004109323, 0.0014853657921776175, 0.0019354020478203893, 0.0029862828087061644, 0.007260954938828945, 0.002045778091996908, 0.0020445461850613356, 0.0015281623927876353, 0.0027564845513552427, 0.001217270502820611, 0.0010322823654860258, 0.0010501694632694125, 0.0012586399680003524, 0.0019046650268137455, 0.001630189479328692, 0.0018911930965259671, 0.0015043625608086586, 0.0012792717898264527, 0.001316778943873942, 0.0011505207512527704, 0.0017662534955888987, 0.001242047525011003, 0.0015184605726972222, 0.0013214567443355918, 0.0014485891442745924, 0.0008500451222062111, 0.0012293609324842691, 0.0010062806541100144, 0.0013338321587070823, 0.0014417398488149047, 0.0013183753471821547, 0.0009287535795010626, 0.0012614465085789561, 0.0007944172830320895, 0.0008225459023378789, 0.0012452751398086548, 0.0013672264758497477, 0.0011608110507950187, 0.0012311500031501055, 0.0013132214080542326, 0.0009934669360518456, 0.00109621521551162, 0.0010204907739534974, 0.0009384442237205803, 0.0006302802939899266, 0.001659282948821783, 0.000997799215838313, 0.0010788255603983998, 0.0013137116329744458, 0.0009314721100963652, 0.0013793079415336251, 0.0013572466559708118, 0.0009599901386536658, 0.0016826193314045668, 0.001689996337518096, 0.0010349651565775275, 0.001018783077597618, 0.0006702198297716677, 0.0007856104639358819, 0.001280394266359508, 0.001383413327857852], "CustomMetrics_Huge_rectangles": [0.0020492791663855314, 0.0015312619507312775, 0.0013865786604583263, 0.0014723907224833965, 0.0014687872026115656, 0.0015387916937470436, 0.0013676059897989035, 0.0010755183175206184, 0.0011178934946656227, 0.0010698102414608002, 0.0011494423961266875, 0.0009847896872088313, 0.001165881403721869, 0.0009667185950092971, 0.0006742188124917448, 0.0009393088985234499, 0.0008070054464042187, 0.0010711849899962544, 0.0006412514485418797, 0.0005636626738123596, 0.00041517638601362705, 0.00040847272612154484, 0.0004416580777615309, 0.00042525248136371374, 0.00046981661580502987, 0.0005713404971174896, 0.0005703575443476439, 0.00026288366643711925, 0.0003812392533291131, 0.0006955379503779113, 0.0005194930708967149, 0.000352502305759117, 0.00032399166957475245, 0.0004195717629045248, 0.0002278690953971818, 0.0001910225983010605, 0.0004079467908013612, 0.0002192400279454887, 0.00019788056670222431, 0.0003246052365284413, 0.00014004021068103611, 0.00024272089649457484, 0.00026591969071887434, 0.00030116355628706515, 0.0002681946789380163, 0.00012734932533930987, 0.00023905234411358833, 0.00016265350859612226, 0.00026838076882995665, 0.0009340133983641863, 0.0001922233059303835, 0.00020037534704897553, 0.00014873406325932592, 0.0003750705800484866, 0.000191963990801014, 0.00015098224685061723, 0.0001295582187594846, 0.0002303241635672748, 0.00024458832922391593, 0.00010547828424023464, 0.00012442900333553553, 0.00014498639211524278, 0.00019229711324442178, 0.00014011991152074188, 0.0001500067301094532, 0.00022812339011579752, 0.00015253019228111953, 0.0001445523666916415, 0.0001366484211757779, 0.00017161900177598, 0.00015262217493727803, 0.00014758009638171643, 0.0001278657728107646, 0.0001262734440388158, 0.0001530582521809265, 0.00018259503121953458, 0.00011222025204915553, 0.0001532327733002603, 0.00021388987079262733, 0.00016425699868705124, 0.00018303716205991805, 0.00010024276707554236, 0.0002498938993085176, 0.00015001014980953187, 0.0001221708080265671, 0.00010192413901677355, 0.00011027647269656882, 0.00016803406469989568, 0.00018152121629100293, 0.00014700577594339848, 0.0002734433801379055, 0.0002910560870077461, 0.00017769569240044802, 0.0001563221449032426, 0.00021871348144486547, 0.00022346658806782216, 0.000145562386023812, 0.00043203533277846873, 0.0002579899737611413, 0.00016837974544614553, 0.0001293906243517995, 0.0001235871750395745, 0.0001792796392692253, 0.00017063962877728045, 0.0002513916988391429, 0.0002546659379731864]}