{"CustomMetrics_Small_rectangles": [0.09606795758008957, 0.015467983670532703, 0.012886928394436836, 0.013346977531909943, 0.012261580675840378, 0.011554147116839886, 0.014274390414357185, 0.011320543475449085, 0.010417122393846512, 0.01020080503076315, 0.01048047561198473, 0.009877845644950867, 0.010369540192186832, 0.01042207982391119, 0.011380977928638458, 0.011584612540900707, 0.011367990635335445, 0.00899557862430811, 0.008857992477715015, 0.009330788627266884, 0.009006356820464134, 0.008590243756771088, 0.00819084420800209, 0.008238129317760468, 0.009649294428527355, 0.007574452552944422, 0.00842456053942442, 0.007121304050087929, 0.0069405860267579556, 0.008821196854114532, 0.006722407881170511, 0.007545125670731068, 0.007205262780189514, 0.00636292016133666, 0.006740803364664316, 0.008385337889194489, 0.00842148344963789, 0.006244706455618143, 0.007549007888883352, 0.007604793645441532, 0.007391444407403469, 0.006728827022016048, 0.006345674395561218, 0.008526438847184181, 0.007586650084704161, 0.007231029681861401, 0.007602617610245943, 0.008492671884596348, 0.009996803477406502, 0.005672734696418047, 0.006246559321880341, 0.007366245612502098, 0.006153452675789595, 0.007316526956856251, 0.008574371226131916, 0.007203216198831797, 0.0056632389314472675, 0.00535651296377182, 0.0063662477768957615, 0.005647000391036272, 0.007046350743621588, 0.004511227831244469, 0.006451620254665613, 0.006665028631687164, 0.0068310899659991264, 0.006865111645311117, 0.0070207202807068825, 0.007066703867167234, 0.006597212981432676, 0.006045185495167971, 0.006053444463759661, 0.014121285639703274, 1.4299449920654297, 0.05124613270163536, 0.012666580267250538, 0.01272440142929554, 0.01261585671454668, 0.01269639004021883, 0.01297453511506319, 0.012708640657365322, 0.01257722545415163, 0.01254783384501934, 0.012306872755289078, 0.011938054114580154, 0.012066786177456379, 0.0115210535004735, 0.011321399360895157, 0.011188703589141369, 0.011117036454379559, 0.010790348052978516, 0.011184480972588062], "CustomMetrics_Mid_rectangles": [0.08241681009531021, 0.013264170847833157, 0.01150220911949873, 0.011832297779619694, 0.011181426234543324, 0.010781261138617992, 0.012618491426110268, 0.010451799258589745, 0.0097882691770792, 0.009447996504604816, 0.009773779660463333, 0.009230773895978928, 0.009288927540183067, 0.00921711791306734, 0.00991151574999094, 0.00964184757322073, 0.009394869208335876, 0.007759060710668564, 0.007722779642790556, 0.007944520562887192, 0.007610580418258905, 0.007188885938376188, 0.006931745912879705, 0.006986595224589109, 0.008014233782887459, 0.0063370829448103905, 0.007001151330769062, 0.005778940860182047, 0.00579100102186203, 0.006938670761883259, 0.005788775160908699, 0.005995859857648611, 0.005755217745900154, 0.005315565504133701, 0.005539271514862776, 0.006472774315625429, 0.006478747818619013, 0.005391636863350868, 0.005731327924877405, 0.005861929152160883, 0.005674019455909729, 0.00549664068967104, 0.005216487217694521, 0.006617443170398474, 0.005541851744055748, 0.005820496007800102, 0.005571219138801098, 0.006074810866266489, 0.006626515183597803, 0.004605168476700783, 0.005013305693864822, 0.005657292902469635, 0.005261641461402178, 0.005441115237772465, 0.0063232555985450745, 0.004829236771911383, 0.0045179203152656555, 0.003990335389971733, 0.004397336393594742, 0.003949388861656189, 0.004734212066978216, 0.003850870067253709, 0.004749317653477192, 0.004544130992144346, 0.004560764413326979, 0.004527960903942585, 0.004327047150582075, 0.005075887311249971, 0.004081559833139181, 0.003996822517365217, 0.004060616251081228, 0.009822678752243519, 1.1012862920761108, 0.04897237569093704, 0.01302932109683752, 0.013218247331678867, 0.01316249743103981, 0.013161221519112587, 0.013137700036168098, 0.013126221485435963, 0.012841334566473961, 0.012542995624244213, 0.012611973099410534, 0.012098489329218864, 0.011979580856859684, 0.011331154964864254, 0.01081120502203703, 0.011199693195521832, 0.010737752541899681, 0.010739042423665524, 0.01090777013450861], "CustomMetrics_Huge_rectangles": [0.05168341100215912, 0.001743961125612259, 0.0014695161953568459, 0.0015420506242662668, 0.0014065337600186467, 0.0014854653272777796, 0.002064160769805312, 0.001314042485319078, 0.001993252895772457, 0.0011717339511960745, 0.0012587889796122909, 0.001243258360773325, 0.0012170104309916496, 0.0011709672398865223, 0.0014011209132149816, 0.0013064723461866379, 0.0013499369379132986, 0.0011205311166122556, 0.0011864067055284977, 0.001096466789022088, 0.001028622267767787, 0.0010130158625543118, 0.0011259266175329685, 0.0010142746614292264, 0.0014682463370263577, 0.0008976897806860507, 0.0011778236366808414, 0.0008255443535745144, 0.0009041330777108669, 0.0009663988021202385, 0.0008584428578615189, 0.0008386956760659814, 0.0008338649640791118, 0.001148229232057929, 0.0010459538316354156, 0.0011499248212203383, 0.0012835144298151135, 0.0009103328338824213, 0.0009944717166945338, 0.0008285203366540372, 0.0009569365065544844, 0.0009125369251705706, 0.0007877453463152051, 0.0012905601179227233, 0.0009269926813431084, 0.0009417872061021626, 0.0009037317940965295, 0.0011086524464190006, 0.001108453026972711, 0.0007912751170806587, 0.0009047698695212603, 0.0011192889651283622, 0.0011304975487291813, 0.0008693836280144751, 0.0011945046717301011, 0.0006294582854025066, 0.0008044744608923793, 0.0008104736334644258, 0.0007067805272527039, 0.000807099393568933, 0.0008969611953943968, 0.0015706748235970736, 0.0007396932342089713, 0.0007642091368325055, 0.0010632029734551907, 0.000762622628826648, 0.0007239998085424304, 0.0011231442913413048, 0.0006091481191106141, 0.0006248696008697152, 0.0007072579464875162, 0.0025051224511116743, 0.7838304042816162, 0.01565737836062908, 0.0021543640177696943, 0.0022730864584445953, 0.0021820312831550837, 0.002072354545816779, 0.0020209073554724455, 0.0020045586861670017, 0.001949600293301046, 0.001953690778464079, 0.0019017724553123116, 0.0018575493013486266, 0.001900351606309414, 0.0019106129184365273, 0.0019240382825955749, 0.001767199719324708, 0.0016721925931051373, 0.001679013017565012, 0.0017130698543041945]}