{"CustomMetrics_Small_rectangles": [0.031886495649814606, 0.013942193239927292, 0.011305350810289383, 0.010354996658861637, 0.011574271135032177, 0.012771300971508026, 0.009971456602215767, 0.0097781578078866, 0.00939367525279522, 0.009237305261194706, 0.011969856917858124, 0.011031067930161953, 0.00809240248054266, 0.009980354458093643, 0.015854908153414726, 0.014868834055960178, 0.009935572743415833, 0.012848970480263233, 0.014107690192759037, 0.011254928074777126, 0.01207199227064848, 0.012721247971057892, 0.012536083348095417, 0.012207292951643467, 0.010750754736363888, 0.015061069279909134, 0.009800179861485958, 0.00919343437999487, 0.009715510532259941, 0.011435136198997498, 0.010751912370324135, 0.011295233853161335, 0.010143782943487167, 0.016569897532463074, 0.007274518720805645, 0.009045491926372051, 0.01349812000989914, 0.004861248657107353, 0.010115323588252068, 0.009176917374134064, 0.008071892894804478, 0.008170579560101032, 0.006339904386550188, 0.011321824043989182, 0.008938143961131573, 0.007188816554844379, 0.008906025439500809, 0.008494359441101551, 0.009788514114916325, 0.008306462317705154, 0.007323721423745155, 0.009115156717598438, 0.011896452866494656, 0.0075222887098789215, 0.009282725863158703, 0.009723003953695297, 0.007752112112939358, 0.009073724038898945, 0.007543121464550495, 0.008336002938449383, 0.00787805300205946, 0.007300927769392729, 0.007971498183906078, 0.005707887001335621, 0.009399395436048508, 0.00707702012732625, 0.005618310067802668, 0.006804127711802721, 0.014234458096325397, 0.005449200514703989, 0.00541198905557394, 0.007814960554242134, 0.007886091247200966, 0.005041978321969509, 0.008319900371134281], "CustomMetrics_Mid_rectangles": [0.019979309290647507, 0.011695013381540775, 0.009315423667430878, 0.008640391752123833, 0.008826934732496738, 0.009257006458938122, 0.007515983190387487, 0.00783973652869463, 0.007319130934774876, 0.007290537469089031, 0.007967927493155003, 0.007825697772204876, 0.0060276431031525135, 0.007388250436633825, 0.010987112298607826, 0.009458747692406178, 0.006387080065906048, 0.007800078019499779, 0.008784865960478783, 0.007615156937390566, 0.00951735395938158, 0.0077218953520059586, 0.007931367494165897, 0.007828827947378159, 0.007433587685227394, 0.009793758392333984, 0.006930709816515446, 0.005929082632064819, 0.005948852747678757, 0.00718330591917038, 0.007253610994666815, 0.006917733233422041, 0.006330468691885471, 0.011796518228948116, 0.005253015086054802, 0.005892862565815449, 0.008839835412800312, 0.005255779251456261, 0.007819301448762417, 0.007384570315480232, 0.005576683674007654, 0.005590342916548252, 0.0048573212698102, 0.00729116378352046, 0.006216010544449091, 0.005137177649885416, 0.006000332534313202, 0.005613051820546389, 0.0066050393506884575, 0.0063268085941672325, 0.005452227313071489, 0.006571154110133648, 0.007606384344398975, 0.0053184968419373035, 0.005952739622443914, 0.006323527544736862, 0.0054381052032113075, 0.005902406759560108, 0.005076292436569929, 0.005947421304881573, 0.005389520898461342, 0.005466461647301912, 0.006373833864927292, 0.004345935303717852, 0.006196394097059965, 0.004883532412350178, 0.0044444771483540535, 0.0055755446664988995, 0.00866416934877634, 0.004538428969681263, 0.004187365993857384, 0.0049245101399719715, 0.005120338872075081, 0.004611770156770945, 0.00605897419154644], "CustomMetrics_Huge_rectangles": [0.019029950723052025, 0.006715929601341486, 0.004091538954526186, 0.0032366879750043154, 0.003535236231982708, 0.0028127317782491446, 0.002640575636178255, 0.003523073624819517, 0.003014980349689722, 0.002983614569529891, 0.002524231793358922, 0.0021066332701593637, 0.0023792244028300047, 0.003533788723871112, 0.006324686110019684, 0.0023583623114973307, 0.002060963772237301, 0.002179215895012021, 0.0019223394338041544, 0.00515010766685009, 0.00546478433534503, 0.0022589147556573153, 0.0020055368077009916, 0.0036363687831908464, 0.0025667925365269184, 0.002696545794606209, 0.0020579551346600056, 0.0013541278894990683, 0.0012184260413050652, 0.0014625723706558347, 0.0023815117310732603, 0.0012638326734304428, 0.0013328543864190578, 0.003505285130813718, 0.0013983750250190496, 0.0011418164940550923, 0.003018402960151434, 0.002437979681417346, 0.003494442207738757, 0.004856584127992392, 0.0011595295509323478, 0.0009792835917323828, 0.0014990929048508406, 0.0013206236762925982, 0.0015581174520775676, 0.0010075154714286327, 0.0010311150690540671, 0.0010776446433737874, 0.0011875651543959975, 0.003171994350850582, 0.0014716211007907987, 0.002612397773191333, 0.0012575453147292137, 0.0010824132477864623, 0.0008770651184022427, 0.0014850003644824028, 0.0014930919278413057, 0.0011290296679362655, 0.001008226303383708, 0.0012686903355643153, 0.0014887289144098759, 0.0015646204119548202, 0.002276618964970112, 0.0010900947963818908, 0.0015357487136498094, 0.001017778879031539, 0.00118831021245569, 0.003802170045673847, 0.0027151231188327074, 0.0012396868551149964, 0.0009068762301467359, 0.0006971382535994053, 0.0007460418855771422, 0.0020716129802167416, 0.002262498252093792]}