{"CustomMetrics_Small_rectangles": [0.3173410892486572, 0.06317345798015594, 0.03975239023566246, 0.021489012986421585, 0.01820215955376625, 0.014502909034490585, 0.011767960153520107, 0.015049784444272518, 0.01854718290269375, 0.01363299135118723, 0.014095829799771309, 0.01116867270320654, 0.012303877621889114, 0.011811738833785057, 0.011809286661446095, 0.009983844123780727, 0.01399541087448597, 0.011810963042080402, 0.019495520740747452, 0.010781788267195225, 0.010337524116039276, 0.011553884483873844, 0.00869759451597929, 0.012536349706351757, 0.014396094717085361, 0.011020766571164131, 0.012410408817231655, 0.020124180242419243, 0.01210117433220148, 0.01082100160419941, 0.011082371696829796, 0.015261964872479439, 0.021955085918307304, 0.013370559550821781, 0.013983667828142643, 0.015476332977414131, 0.011337311007082462, 0.010663113556802273, 0.020291073247790337, 0.03060903772711754, 0.013109603896737099, 0.03206101059913635, 0.010354793630540371, 0.03705747425556183, 0.01770610921084881, 0.02686658874154091, 0.012325389310717583, 0.010793058201670647, 0.01566922292113304, 0.022438764572143555, 0.019975438714027405, 0.026005910709500313, 0.08208470791578293, 0.04480705410242081, 0.06314651668071747, 0.015002258121967316, 0.012767232023179531, 0.01240437850356102, 0.014724192209541798, 0.015445477329194546, 0.01742243580520153, 0.011323296464979649, 0.014320570975542068, 0.0114457281306386, 0.011743281967937946, 0.014559237286448479, 0.015326266176998615, 0.019892051815986633, 0.015183597803115845, 0.01936991699039936, 0.013171245343983173, 0.012122764252126217, 0.012996516190469265, 0.013983740471303463, 0.013035747222602367, 0.01244016457349062, 0.011082537472248077, 0.01169138215482235, 0.011058718897402287, 0.013288475573062897, 0.011835455894470215, 0.012371338903903961, 0.017905551940202713, 0.012496871873736382, 0.012107734568417072, 0.011839424259960651, 0.012259416282176971, 0.013807843439280987, 0.013976688496768475, 0.011458183638751507, 0.013797393999993801, 0.01126441266387701, 0.011823579668998718, 0.012458116747438908, 0.01246853731572628, 0.01587468385696411, 0.013924412429332733, 0.06166359409689903, 0.013302024453878403, 0.011549952439963818], "CustomMetrics_Mid_rectangles": [0.2033759206533432, 0.0406217984855175, 0.03153884410858154, 0.021945253014564514, 0.022223683074116707, 0.01611866056919098, 0.01589379273355007, 0.01681545376777649, 0.017678119242191315, 0.017712075263261795, 0.016074273735284805, 0.011955942958593369, 0.014098829589784145, 0.013898163102567196, 0.013131669722497463, 0.013647381216287613, 0.013365769758820534, 0.01255832239985466, 0.021307075396180153, 0.014039238914847374, 0.012639565393328667, 0.015180389396846294, 0.011714783497154713, 0.013812639750540257, 0.014143586158752441, 0.011426463723182678, 0.014797002077102661, 0.017659105360507965, 0.014318871311843395, 0.01153899822384119, 0.013388345018029213, 0.013790218159556389, 0.021674958989024162, 0.013709631748497486, 0.013019884005188942, 0.015943363308906555, 0.01273631677031517, 0.012079752050340176, 0.019495684653520584, 0.027315262705087662, 0.012339510023593903, 0.03016507625579834, 0.010751736350357533, 0.03086058981716633, 0.016028976067900658, 0.021830309182405472, 0.012478752993047237, 0.01172118540853262, 0.014679010957479477, 0.018516780808568, 0.02145443484187126, 0.019664958119392395, 0.06277863681316376, 0.0434701107442379, 0.05164727196097374, 0.01376135554164648, 0.012374794110655785, 0.012969737872481346, 0.01647024415433407, 0.01528999488800764, 0.018181515857577324, 0.012009283527731895, 0.013783570379018784, 0.011538545601069927, 0.011770743876695633, 0.012714608572423458, 0.01522109191864729, 0.01640731655061245, 0.01563384011387825, 0.017498912289738655, 0.014070707373321056, 0.011715540662407875, 0.012289141304790974, 0.012602274306118488, 0.012271828949451447, 0.011806738562881947, 0.011105802841484547, 0.011151674203574657, 0.01126509252935648, 0.012212998233735561, 0.011511496268212795, 0.011871365830302238, 0.015473542734980583, 0.011399351060390472, 0.012156234122812748, 0.010880736634135246, 0.01165343914180994, 0.012211990542709827, 0.013621321879327297, 0.011173608712852001, 0.012587801553308964, 0.011172338388860226, 0.01115466095507145, 0.011909959837794304, 0.01234520971775055, 0.01410122960805893, 0.012211856432259083, 0.05553501844406128, 0.013108080253005028, 0.011405260302126408], "CustomMetrics_Huge_rectangles": [0.12824760377407074, 0.015829581767320633, 0.011499078944325447, 0.00808032602071762, 0.008558820001780987, 0.0061528654769063, 0.005683546885848045, 0.005990738049149513, 0.005747644230723381, 0.006022360175848007, 0.004798394162207842, 0.004318615887314081, 0.004430804401636124, 0.003936303313821554, 0.005204623565077782, 0.0036784701514989138, 0.005358714144676924, 0.0032627666369080544, 0.009225161746144295, 0.003996687941253185, 0.0031578075140714645, 0.004908011294901371, 0.002585374051705003, 0.004261095076799393, 0.00380209949798882, 0.0026623341254889965, 0.004457547795027494, 0.0063835508190095425, 0.0036591023672372103, 0.002396833850070834, 0.0025049454998224974, 0.004663609433919191, 0.010920322500169277, 0.003861658973619342, 0.003770055714994669, 0.003626312827691436, 0.002668778644874692, 0.002792147221043706, 0.00626234570518136, 0.020821373909711838, 0.0029848956037312746, 0.01245204359292984, 0.002057595644146204, 0.014527632854878902, 0.005598198622465134, 0.009437707252800465, 0.0023066115099936724, 0.0018153245327994227, 0.0031830286607146263, 0.005400585010647774, 0.006652481388300657, 0.00991067010909319, 0.03588409721851349, 0.025351211428642273, 0.03604159504175186, 0.0032081101089715958, 0.002536073327064514, 0.002307231305167079, 0.004201421979814768, 0.002855892525985837, 0.005338047165423632, 0.001517665572464466, 0.0030146625358611345, 0.0016442469786852598, 0.002190040424466133, 0.0033011711202561855, 0.004458979703485966, 0.007658763322979212, 0.004145530052483082, 0.006594959180802107, 0.0031306310556828976, 0.0016001098556444049, 0.001786761567927897, 0.0024905852042138577, 0.0021542017348110676, 0.0015019275015220046, 0.0013652410125359893, 0.001364188501611352, 0.0015833360375836492, 0.0018450770294293761, 0.0012910785153508186, 0.002374372910708189, 0.003560034092515707, 0.0023878549691289663, 0.0015352441696450114, 0.0013724369928240776, 0.0014534894144162536, 0.0021578152664005756, 0.002816768828779459, 0.0013148519210517406, 0.0017754655564203858, 0.0012630465207621455, 0.0018346452852711082, 0.0023696839343756437, 0.002021501772105694, 0.0034082818310707808, 0.0025606630370020866, 0.03234351798892021, 0.0017756263259798288, 0.0015601292252540588]}