{"CustomMetrics_Small_rectangles": [1.3497525453567505, 0.059126898646354675, 0.0224791057407856, 0.03518300503492355, 0.026030924171209335, 0.03705676272511482, 0.04560193046927452, 0.038860321044921875, 0.02230582758784294, 0.023195801302790642, 0.036474406719207764, 0.028925975784659386, 0.12751027941703796, 0.015478250570595264, 0.021715207025408745, 0.020359521731734276, 0.020889393985271454, 0.019320355728268623, 0.0167172159999609, 0.01991492323577404, 0.016709616407752037, 0.01633376255631447, 0.01817415840923786, 0.016498060896992683, 0.02051185630261898, 0.0160270594060421, 0.015788478776812553, 0.01890530064702034, 0.01751829870045185, 0.016048269346356392, 0.01588713563978672, 0.017232565209269524, 0.015501664951443672, 0.015707284212112427, 0.025644393637776375, 0.015307960100471973, 0.016673339530825615, 0.01551952213048935, 0.014699195511639118, 0.016207128763198853, 0.030430056154727936, 0.01640886813402176, 0.01555612962692976, 0.015573550947010517, 0.018928349018096924, 0.015798036009073257, 0.015337846241891384, 0.014292407780885696, 0.016146505251526833, 0.014811947010457516, 0.014135697856545448, 0.02817355841398239, 0.01708345115184784, 0.014332618564367294, 0.013741938397288322, 0.013064144179224968, 0.015104629099369049, 0.014577795751392841, 0.012744942680001259, 0.014643938280642033, 0.012670992873609066, 0.01470618974417448, 0.016165101900696754, 0.01384859811514616, 0.015480373054742813, 0.014916490763425827, 0.015395674854516983, 0.013051075860857964, 0.9524328112602234, 0.015639454126358032, 0.01732383668422699, 0.013156312517821789, 0.013342362828552723, 0.014351572841405869, 0.012192382477223873, 0.012159578502178192, 0.011358763091266155, 0.01205890066921711, 0.011951478198170662, 0.011871473863720894, 0.011187013238668442, 0.011274637654423714, 0.010886775329709053, 0.010595070198178291, 0.011698940768837929, 0.011531471274793148, 0.010787406004965305], "CustomMetrics_Mid_rectangles": [1.0706950426101685, 0.0445893332362175, 0.019016651436686516, 0.02437599189579487, 0.01808600313961506, 0.02546556107699871, 0.031646937131881714, 0.02719457447528839, 0.016628457233309746, 0.017032597213983536, 0.026061419397592545, 0.02081678807735443, 0.09770005196332932, 0.01549068745225668, 0.01687861979007721, 0.016149042174220085, 0.01657882332801819, 0.01557407807558775, 0.014220931567251682, 0.016188310459256172, 0.014223235659301281, 0.013971242122352123, 0.014967911876738071, 0.014257796108722687, 0.01664922945201397, 0.013664418831467628, 0.013580908998847008, 0.01559342909604311, 0.014634656719863415, 0.01369477715343237, 0.013681020587682724, 0.015708571299910545, 0.013441652059555054, 0.013516655191779137, 0.02027854137122631, 0.013467020355165005, 0.014027418568730354, 0.013338948599994183, 0.012797823175787926, 0.013768731616437435, 0.024796636775135994, 0.013917788863182068, 0.013164185918867588, 0.013135678134858608, 0.015300766564905643, 0.013276173733174801, 0.013016209937632084, 0.012438222765922546, 0.013601724058389664, 0.012855596840381622, 0.012537517584860325, 0.02287548966705799, 0.014146336354315281, 0.012337086722254753, 0.011734618805348873, 0.011518784798681736, 0.01261294074356556, 0.012099666520953178, 0.011017256416380405, 0.01210600882768631, 0.010890157893300056, 0.01222081296145916, 0.013237071223556995, 0.0115941371768713, 0.012486782856285572, 0.01212629210203886, 0.012456439435482025, 0.011015510186553001, 0.7906020283699036, 0.014017603360116482, 0.015554774552583694, 0.012680432759225368, 0.012792550027370453, 0.013445667922496796, 0.011884786188602448, 0.011736822314560413, 0.011412236839532852, 0.01167997345328331, 0.011743584647774696, 0.011384238488972187, 0.01107875257730484, 0.0110783027485013, 0.010715975426137447, 0.010675287805497646, 0.01117060985416174, 0.011332281865179539, 0.010587625205516815], "CustomMetrics_Huge_rectangles": [0.7374556660652161, 0.019093791022896767, 0.008922381326556206, 0.008468328043818474, 0.006165746133774519, 0.008677546866238117, 0.011168893426656723, 0.00886719860136509, 0.005240118131041527, 0.004161061719059944, 0.008002122864127159, 0.005745719186961651, 0.0640665739774704, 0.00399182690307498, 0.00426190160214901, 0.003505776636302471, 0.003471680451184511, 0.0030355583876371384, 0.002463394543156028, 0.0034791536163538694, 0.002372914692386985, 0.0023587450850754976, 0.0027590005192905664, 0.002697269432246685, 0.0038266354240477085, 0.0021673531737178564, 0.0022067211102694273, 0.0028928774408996105, 0.002454896457493305, 0.0019546037074178457, 0.001884440891444683, 0.0052720122039318085, 0.0018053888343274593, 0.002327229594811797, 0.005637314636260271, 0.0027376252692192793, 0.002205628203228116, 0.0017630557995289564, 0.001618432579562068, 0.0020220105070620775, 0.00873822346329689, 0.0019205863354727626, 0.0018269900465384126, 0.001951949205249548, 0.0027766854036599398, 0.0017802577931433916, 0.0018300153315067291, 0.0017845144029706717, 0.0018406767630949616, 0.0015874233795329928, 0.001521570491604507, 0.007339180912822485, 0.0038739987649023533, 0.0020244026090949774, 0.0016937828622758389, 0.0017534056678414345, 0.0022259114775806665, 0.0018160237232223153, 0.0014142345171421766, 0.0018471720395609736, 0.001432160846889019, 0.0018297698115929961, 0.0021495502442121506, 0.0016032925341278315, 0.002099196659401059, 0.0019343661842867732, 0.00188707304187119, 0.0014749594265595078, 0.4233793020248413, 0.0041236961260437965, 0.0038063458632677794, 0.002198281465098262, 0.0022841566242277622, 0.0027707696426659822, 0.0019822483882308006, 0.0020159357227385044, 0.0017483893316239119, 0.0020087098237127066, 0.0019187531433999538, 0.0018586800433695316, 0.0016906894743442535, 0.0017062503611668944, 0.001406200579367578, 0.00151238648686558, 0.0017117189709097147, 0.0017051100730895996, 0.0016289338236674666]}