{"CustomMetrics_Small_rectangles": [0.029293319210410118, 0.027952592819929123, 0.022158676758408546, 0.013440967537462711, 0.013900360092520714, 0.014646720141172409, 0.013749922625720501, 0.0158163420855999, 0.01529828179627657, 0.014949578791856766, 0.01365067157894373, 0.013616569340229034, 0.014057230204343796, 0.012647868134081364, 0.01281027216464281, 0.012629352509975433, 0.011698572896420956, 0.012113494798541069, 0.013507168740034103, 0.012604312971234322, 0.01230650581419468, 0.011599318124353886, 0.027386868372559547, 0.012756958603858948, 0.01302705705165863, 0.012094139121472836, 0.012572620995342731, 0.012565352953970432, 0.012977239675819874, 0.011785046197474003, 0.011363065801560879, 0.011578835546970367, 0.011717286892235279, 0.011754508130252361, 0.011949083767831326, 0.011310328729450703, 0.01169713493436575, 0.011069239117205143, 0.01146339438855648, 0.010981465689837933, 0.010737397707998753, 0.011527525261044502, 0.010118327103555202, 0.01054119598120451, 0.010043095797300339, 0.009917518123984337, 0.01096689235419035, 0.010544425807893276, 0.010549131780862808, 0.009773439727723598, 0.2821800112724304, 0.014020350761711597, 0.013852101750671864, 0.013311951421201229, 0.012758700177073479, 0.01514476165175438, 0.011587709188461304, 0.011260295286774635, 0.01525865402072668, 0.010937577113509178, 0.010867421515285969, 0.012176874093711376, 0.010993171483278275, 0.010914326645433903], "CustomMetrics_Mid_rectangles": [0.02291036956012249, 0.021997176110744476, 0.017589179798960686, 0.012259420938789845, 0.012380861677229404, 0.012685367837548256, 0.01233938243240118, 0.013534171506762505, 0.01319375541061163, 0.012715415097773075, 0.012146498076617718, 0.011991230770945549, 0.012451780959963799, 0.011368885636329651, 0.011161633767187595, 0.011055340990424156, 0.01066650077700615, 0.010691922158002853, 0.011553658172488213, 0.01085847057402134, 0.010491292923688889, 0.010163558647036552, 0.020990990102291107, 0.01161542534828186, 0.011456986889243126, 0.010911152698099613, 0.011242738924920559, 0.01077705156058073, 0.011334915645420551, 0.01034726295620203, 0.009985457174479961, 0.010178102180361748, 0.01032713707536459, 0.01038699597120285, 0.010310898534953594, 0.010040081106126308, 0.01039271242916584, 0.00962203647941351, 0.010438787750899792, 0.00954788364470005, 0.009631635621190071, 0.009974144399166107, 0.008974656462669373, 0.00930155348032713, 0.008695617318153381, 0.00896371714770794, 0.009439317509531975, 0.009469166398048401, 0.009934297762811184, 0.009333617985248566, 0.24340488016605377, 0.014020862989127636, 0.013524331152439117, 0.013752915896475315, 0.013043618761003017, 0.014149620197713375, 0.011380093172192574, 0.011276346631348133, 0.015199524350464344, 0.010939502157270908, 0.010940191335976124, 0.011633394286036491, 0.010775616392493248, 0.010747930034995079], "CustomMetrics_Huge_rectangles": [0.006358982529491186, 0.006138864438980818, 0.004478969611227512, 0.002005836460739374, 0.0018476896220818162, 0.0019537995103746653, 0.0020420346409082413, 0.002542077796533704, 0.002202411415055394, 0.0022295552771538496, 0.0018815308576449752, 0.0017709144158288836, 0.0018648556433618069, 0.0016976388869807124, 0.0015635223826393485, 0.0014627737691625953, 0.0012699273647740483, 0.0013519955100491643, 0.0018882021540775895, 0.0014609198551625013, 0.0013358071446418762, 0.0012342644622549415, 0.009625768288969994, 0.0015171620761975646, 0.0014832699671387672, 0.0013232632772997022, 0.0012646429240703583, 0.0013711374485865235, 0.0015361284604296088, 0.0011827300768345594, 0.0010441172635182738, 0.001100821071304381, 0.0011018541408702731, 0.0011717308079823852, 0.0012558824382722378, 0.0011043682461604476, 0.0010896894382312894, 0.0010334638645872474, 0.0013233617646619678, 0.0011570710921660066, 0.0009531479445286095, 0.0010775094851851463, 0.0009825914166867733, 0.0009386102319695055, 0.0010256763780489564, 0.0010112898889929056, 0.0012586554512381554, 0.001213999348692596, 0.0012020299909636378, 0.0008093093056231737, 0.18044137954711914, 0.0028926788363605738, 0.0026400452479720116, 0.002646699780598283, 0.0022174071054905653, 0.002800794318318367, 0.0015614379663020372, 0.0016796145355328918, 0.004184530582278967, 0.0015700082294642925, 0.0018398721003904939, 0.001864889170974493, 0.0015622165519744158, 0.0015290392329916358]}