{"CustomMetrics_Small_rectangles": [0.05947312340140343, 0.04063730686903, 0.035976655781269073, 0.02806045673787594, 0.02406931482255459, 0.02743556722998619, 0.0288664773106575, 0.02564368024468422, 0.024016831070184708, 0.02094443328678608, 0.019448865205049515, 0.021106917411088943, 0.01925717294216156, 0.01778995245695114, 0.018052656203508377, 0.016461335122585297, 0.016389600932598114, 0.014387862756848335, 0.015519516542553902, 0.014767676591873169, 0.013636419549584389, 0.01333579234778881, 0.013588309288024902, 0.012163957580924034, 0.014900902286171913, 0.011779477819800377, 0.01147172600030899, 0.01089321170002222, 0.01374009158462286, 0.011027071624994278, 0.01101182121783495, 0.009898677468299866, 0.009768885560333729, 0.00912008062005043, 0.009985709562897682, 0.011690731160342693, 0.012982997111976147, 0.00989950355142355, 0.014073442667722702, 0.010425679385662079, 0.00904852245002985, 0.016462640836834908, 0.009547648951411247, 0.008714170195162296, 0.008054294623434544, 0.011909238062798977, 0.016886528581380844, 0.009165658615529537, 0.009256863966584206, 0.009261831641197205, 0.00825770478695631, 0.008582881651818752, 0.010476596653461456, 0.008962721563875675, 0.00834671314805746, 0.008540334179997444, 0.007680270355194807, 0.008360365405678749, 0.007550968322902918, 0.009244325570762157, 0.007850025780498981, 0.008419374004006386, 0.007803775370121002, 0.008379267528653145, 0.008467583917081356, 0.007868902757763863, 0.007880132645368576, 0.008119193837046623, 0.008344211615622044, 0.00750681571662426, 0.007484171073883772, 0.01365987490862608, 0.009123502299189568, 0.0068972473964095116, 0.0076439897529780865, 0.009485386312007904, 0.009379633702337742, 0.011883917264640331, 0.008603756316006184, 0.008201164193451405, 0.007706617470830679, 0.009853334166109562, 0.008948142640292645, 0.007809086702764034, 0.009144792333245277, 0.008884220384061337, 0.008710495196282864, 0.007695960812270641], "CustomMetrics_Mid_rectangles": [0.056008897721767426, 0.03908944129943848, 0.032647985965013504, 0.026558000594377518, 0.021119453012943268, 0.023997819051146507, 0.023513970896601677, 0.022316468879580498, 0.016854790970683098, 0.016116613522171974, 0.01506662368774414, 0.016729608178138733, 0.013290085829794407, 0.015001763589680195, 0.014831679873168468, 0.013706186786293983, 0.011622641235589981, 0.011406918056309223, 0.011185121722519398, 0.010734377428889275, 0.010324260219931602, 0.010013101622462273, 0.009403664618730545, 0.00926885288208723, 0.010448821820318699, 0.00910009816288948, 0.009154867380857468, 0.008412462659180164, 0.011279457248747349, 0.00855476688593626, 0.009436100721359253, 0.00797741487622261, 0.007960968650877476, 0.007508851587772369, 0.008188532665371895, 0.010516743175685406, 0.009691582061350346, 0.009044859558343887, 0.011179097928106785, 0.008169427514076233, 0.007889891974627972, 0.01221013255417347, 0.008026013150811195, 0.007140730507671833, 0.007063964381814003, 0.008829280734062195, 0.014197606593370438, 0.00748106325045228, 0.007258196827024221, 0.008511203341186047, 0.007740743923932314, 0.007484410889446735, 0.009215649217367172, 0.007190811913460493, 0.007353509776294231, 0.007326632738113403, 0.007142946589738131, 0.007108263671398163, 0.006642403081059456, 0.007124308031052351, 0.007007552310824394, 0.0072012306191027164, 0.006516153924167156, 0.007608243729919195, 0.007284213788807392, 0.006870206445455551, 0.006987590808421373, 0.006636807229369879, 0.00718088261783123, 0.006327070761471987, 0.006178178358823061, 0.010098917409777641, 0.00753652723506093, 0.006350299809128046, 0.0068392567336559296, 0.008475993759930134, 0.007663265336304903, 0.009712157770991325, 0.0071711065247654915, 0.006792701780796051, 0.006380673963576555, 0.007595472037792206, 0.008562849834561348, 0.006525502074509859, 0.007288855034857988, 0.008210737258195877, 0.008396497927606106, 0.00704003544524312], "CustomMetrics_Huge_rectangles": [0.013371415436267853, 0.006911189295351505, 0.005918217357248068, 0.004904614295810461, 0.004718925803899765, 0.00401373440399766, 0.004782949574291706, 0.003890759078785777, 0.0032075410708785057, 0.0027461086865514517, 0.0021265812683850527, 0.00446724146604538, 0.0022919902112334967, 0.002749512903392315, 0.0035800240002572536, 0.0026218409184366465, 0.001980846980586648, 0.0020003612153232098, 0.0017172725638374686, 0.0014277588343247771, 0.001275138114579022, 0.001216149772517383, 0.0012313307961449027, 0.0013665066799148917, 0.0021175190340727568, 0.001450507901608944, 0.001275953371077776, 0.002396116266027093, 0.0024168528616428375, 0.001301140757277608, 0.0017790261190384626, 0.0008364345412701368, 0.0009013642556965351, 0.0007364209741353989, 0.0009563457570038736, 0.002587010618299246, 0.001917344518005848, 0.001355294487439096, 0.002842104062438011, 0.0011519406689330935, 0.0011660780292004347, 0.00386381265707314, 0.0012996257282793522, 0.0006781704141758382, 0.0006854948587715626, 0.0012484326725825667, 0.005349947605282068, 0.0018209487898275256, 0.0008987907785922289, 0.002198981586843729, 0.001004501013085246, 0.0007654766668565571, 0.002028335351496935, 0.0008356921025551856, 0.0006279413937591016, 0.0006730089080519974, 0.0007923597586341202, 0.000732057320419699, 0.0009130050311796367, 0.0010115160839632154, 0.0006550451507791877, 0.0010854812571778893, 0.0007646119338460267, 0.0007670566556043923, 0.0008953759679570794, 0.000620802107732743, 0.0008333572186529636, 0.000773585750721395, 0.0011172272497788072, 0.0005821175873279572, 0.0007227694732137024, 0.002983812475576997, 0.0017173256492242217, 0.0009264064719900489, 0.0009533194242976606, 0.0009364958386868238, 0.001514693722128868, 0.00242901430465281, 0.0011041051475331187, 0.000994074041955173, 0.0006394138326868415, 0.0016621798276901245, 0.002040446735918522, 0.0014730424154549837, 0.0016911275452002883, 0.0014344844967126846, 0.0016086712712422013, 0.0010378486476838589]}