{"CustomMetrics_Small_rectangles": [0.02291106805205345, 0.010242302902042866, 0.008160494267940521, 0.008699839934706688, 0.009503291919827461, 0.008102208375930786, 0.013881377875804901, 0.006320194341242313, 0.009333429858088493, 0.006190785672515631, 0.008864074945449829, 0.005973273888230324, 0.005752802826464176, 0.005404975265264511, 0.00433634826913476, 0.004402675665915012, 0.004541095346212387, 0.004794706124812365, 0.004344133194535971, 0.003474766155704856, 0.003267057240009308, 0.0031490169931203127, 0.0043088942766189575, 0.003972592763602734, 0.003569699125364423, 0.0030717705376446247, 0.003281193319708109, 0.004032516852021217, 0.0031960110645741224, 0.0032241828739643097, 0.0037140222266316414, 0.0033441074192523956, 0.002931755967438221, 0.002586694899946451, 0.0029622619040310383, 0.0034102199133485556, 0.0032512289471924305, 0.0026673502288758755, 0.0026315469294786453, 0.0026669062208384275, 0.002773171290755272, 0.0030541978776454926, 0.0028806650079786777, 0.00276534934528172, 0.0027987996581941843, 0.003346441313624382, 0.0030636657029390335, 0.002847077790647745, 0.0028375526890158653, 0.0031444046180695295, 0.003531367750838399, 0.0026622966397553682, 0.002782802563160658, 0.0027852291241288185, 0.002923636930063367, 0.0026215636171400547, 0.0030554616823792458, 0.002887213137000799, 0.0026028829161077738, 0.0031515080481767654, 0.0030503873713314533, 0.0026296654250472784, 0.0023554477375000715, 0.0023628107737749815, 0.003388908924534917, 0.003237737575545907, 0.0042424374260008335, 0.002339952625334263, 0.00237689889036119, 0.0024953039828687906, 0.003251655725762248, 0.002511396771296859, 0.0028814878314733505, 0.0022182860411703587, 0.012542004697024822, 0.007897119037806988, 0.006196728907525539, 0.005598708055913448, 0.00437286589294672, 0.0038352133706212044, 0.0035762006882578135, 0.004070265218615532, 0.0034059605095535517, 0.0031605318654328585, 0.0031338639091700315, 0.00360094103962183, 0.003371728817000985, 0.0033809745218604803, 0.0026759651955217123, 0.0026439805515110493, 0.002240325789898634, 0.002126203617081046, 0.0020900701638311148, 0.002118851989507675], "CustomMetrics_Mid_rectangles": [0.019449768587946892, 0.010305667296051979, 0.006608983967453241, 0.006223615724593401, 0.007807551883161068, 0.005543908569961786, 0.00793781690299511, 0.005555374082177877, 0.005820389837026596, 0.004952276591211557, 0.005450023803859949, 0.004550848621875048, 0.004135183524340391, 0.0037070773541927338, 0.0030055392999202013, 0.002899819053709507, 0.003011715365573764, 0.0031027700752019882, 0.003009443636983633, 0.0022887883242219687, 0.0023429689463227987, 0.002104170387610793, 0.0029257796704769135, 0.0024852838832885027, 0.0022255736403167248, 0.0021876548416912556, 0.0019427905790507793, 0.0026910845190286636, 0.002053880598396063, 0.001963380491361022, 0.002523559844121337, 0.0020418777130544186, 0.0019424576312303543, 0.0018834247021004558, 0.0018816393567249179, 0.0022677306551486254, 0.002023293636739254, 0.0017554927617311478, 0.0017752934945747256, 0.0016029138350859284, 0.0014737152960151434, 0.0018601521151140332, 0.0017720068572089076, 0.0017808250850066543, 0.0016794626135379076, 0.002267673145979643, 0.001944880816154182, 0.0017992760986089706, 0.0017222113674506545, 0.0020371833816170692, 0.002238482004031539, 0.0016743638552725315, 0.0016134110046550632, 0.0015962118050083518, 0.0017387812258675694, 0.0015710450243204832, 0.0018700151704251766, 0.0018174177967011929, 0.0016193634364753962, 0.0019716457463800907, 0.001770563656464219, 0.001482142135500908, 0.0014299293980002403, 0.001317150192335248, 0.002263173693791032, 0.0021393976639956236, 0.002571381628513336, 0.0013238749234005809, 0.001421937718987465, 0.0016697053797543049, 0.002196079585701227, 0.0016456019366160035, 0.0017128809122368693, 0.0013089011190459132, 0.01250374037772417, 0.007968700490891933, 0.005689364392310381, 0.004920101724565029, 0.0035087584983557463, 0.0027580917812883854, 0.0026763819623738527, 0.0028671890031546354, 0.0024347708094865084, 0.0021017540711909533, 0.001956634921953082, 0.0021713566966354847, 0.0022121521178632975, 0.0019847904331982136, 0.0016478064935654402, 0.0016917946049943566, 0.0014139659469947219, 0.0014275542926043272, 0.0013668891042470932, 0.0014955076621845365], "CustomMetrics_Huge_rectangles": [0.006797851528972387, 0.0018761887913569808, 0.001280644559301436, 0.0012391462223604321, 0.0018181388732045889, 0.0009054120746441185, 0.001445456058718264, 0.0015218056505545974, 0.000996043672785163, 0.0007463665679097176, 0.0009264183463528752, 0.0005679048481397331, 0.0008900400716811419, 0.0008640492451377213, 0.0007231119088828564, 0.00048334329039789736, 0.0007988909492269158, 0.0005505247972905636, 0.0005323102814145386, 0.0005992040387354791, 0.0009133520652540028, 0.00043001887388527393, 0.0006310060271061957, 0.0006170677952468395, 0.000481618131743744, 0.0005369072314351797, 0.0006039125728420913, 0.0009421263821423054, 0.00035130814649164677, 0.0004935681936331093, 0.0005599851137958467, 0.00040392600931227207, 0.00052831374341622, 0.0006070088711567223, 0.0004250644415151328, 0.0004381753096822649, 0.0005794243770651519, 0.0003487823123577982, 0.0003770133771467954, 0.000370909838238731, 0.00042885096627287567, 0.00048048817552626133, 0.0005176450940780342, 0.00038370752008631825, 0.00048498064279556274, 0.0006577597814612091, 0.0005347488331608474, 0.0003755743382498622, 0.00041034980677068233, 0.0005153443198651075, 0.0006349114701151848, 0.0004975231713615358, 0.00039428562740795314, 0.00041712907841429114, 0.0004420155892148614, 0.00037198883364908397, 0.00043098683818243444, 0.00048647119547240436, 0.0003987316449638456, 0.00048214333946816623, 0.0003448170027695596, 0.0004565524577628821, 0.0004131432215217501, 0.0003255610936321318, 0.0006878187996335328, 0.000547828443814069, 0.000995827722363174, 0.00027509350911714137, 0.0002655948919709772, 0.00036000655381940305, 0.00040702871046960354, 0.00036366411950439215, 0.00033777611679397523, 0.0002648107474669814, 0.002668545814231038, 0.0009532086551189423, 0.0009014043025672436, 0.0008423825493082404, 0.0007143780821934342, 0.00047985377022996545, 0.0005239736055955291, 0.0005920378025621176, 0.0006033677491359413, 0.0004817384178750217, 0.00040280885878019035, 0.0004641180275939405, 0.0004559961671475321, 0.00044638296822085977, 0.0004760454467032105, 0.0005193091928958893, 0.0004652982752304524, 0.00044379555038176477, 0.0004720034485217184, 0.0006998666212894022]}