{"CustomMetrics_Small_rectangles": [0.06662281602621078, 0.041842151433229446, 0.032172463834285736, 0.01916079968214035, 0.03140554949641228, 0.017946241423487663, 0.03397602587938309, 0.016794772818684578, 0.030633728951215744, 0.015939775854349136, 0.015547777526080608, 0.01451462134718895, 0.01680353283882141, 0.031238509342074394, 0.031109850853681564, 0.045650359243154526, 0.029131760820746422, 0.01771981455385685, 0.013416288420557976, 0.02388012781739235, 0.01767391711473465, 0.017128489911556244, 0.026609748601913452, 0.02402493543922901, 0.025883885100483894, 0.026219256222248077, 0.016281235963106155, 0.025825904682278633, 0.016418980434536934, 0.01795748621225357, 0.029586540535092354, 0.01135658286511898, 0.016433218494057655, 0.019025374203920364, 0.01695590279996395, 0.01615283638238907, 0.012296870350837708, 0.01917019858956337, 0.03217386081814766, 0.023737667128443718, 0.0142062958329916, 0.010499137453734875, 0.011887529864907265, 0.01596473529934883, 0.015081376768648624, 0.016786526888608932, 0.013037878088653088, 0.012263442389667034, 0.012156439013779163, 0.01395497564226389, 0.011937285773456097, 0.014585843309760094, 0.013625049963593483, 0.014087979681789875, 0.04033445939421654, 0.010894847102463245, 0.013009518384933472, 0.011601797305047512, 0.0160622950643301, 0.019531549885869026, 0.010826672427356243, 0.01052673626691103, 0.009716680273413658, 0.013684091158211231, 0.011214197613298893, 0.01712295040488243, 0.019760509952902794, 0.012961221858859062], "CustomMetrics_Mid_rectangles": [0.05753089115023613, 0.054391004145145416, 0.014251255430281162, 0.018027104437351227, 0.01736544445157051, 0.013589641079306602, 0.022862568497657776, 0.013118281960487366, 0.02010183595120907, 0.016825035214424133, 0.013831189833581448, 0.013127770274877548, 0.01643052138388157, 0.024811364710330963, 0.026295745745301247, 0.04077266901731491, 0.023942943662405014, 0.016824474558234215, 0.012985008768737316, 0.021558662876486778, 0.01581382006406784, 0.015103188343346119, 0.020784102380275726, 0.01937142200767994, 0.020472023636102676, 0.02360215224325657, 0.014372329227626324, 0.0248639564961195, 0.016047891229391098, 0.01605277881026268, 0.02530032768845558, 0.011355790309607983, 0.014979575760662556, 0.0178748220205307, 0.017257364466786385, 0.014118673279881477, 0.012022348120808601, 0.017107857391238213, 0.026745034381747246, 0.02075912617146969, 0.013036341406404972, 0.010583711788058281, 0.010873326100409031, 0.013492281548678875, 0.012422027997672558, 0.014574957080185413, 0.012411175295710564, 0.01105186715722084, 0.010851600207388401, 0.012195863761007786, 0.010587907396256924, 0.013047255575656891, 0.012075130827724934, 0.01278294064104557, 0.03308895230293274, 0.010626078583300114, 0.011368399485945702, 0.0100960498675704, 0.013655111193656921, 0.015427950769662857, 0.009844535030424595, 0.009584175422787666, 0.010615289211273193, 0.01140101719647646, 0.00974049512296915, 0.014088057912886143, 0.01699144020676613, 0.011371894739568233], "CustomMetrics_Huge_rectangles": [0.03154061362147331, 0.034992922097444534, 0.010552101768553257, 0.008827471174299717, 0.011708585545420647, 0.005648406688123941, 0.012429557740688324, 0.004727846477180719, 0.01434351596981287, 0.005653860047459602, 0.0045965793542563915, 0.0041079153306782246, 0.0050084590911865234, 0.011718019843101501, 0.012196488678455353, 0.018627336248755455, 0.011054754257202148, 0.004470964893698692, 0.002613784745335579, 0.007258328143507242, 0.004604555666446686, 0.0034489373210817575, 0.008625971153378487, 0.007637677248567343, 0.00816397089511156, 0.007621851284056902, 0.00499010132625699, 0.009428741410374641, 0.0045354366302490234, 0.003695917082950473, 0.010343077592551708, 0.0017860827501863241, 0.003753728698939085, 0.0044779847376048565, 0.006878220941871405, 0.0031959349289536476, 0.001961976056918502, 0.004825563635677099, 0.010602991096675396, 0.007216335274279118, 0.002555981744080782, 0.0019414937123656273, 0.0015808655880391598, 0.0029881400987505913, 0.0031699049286544323, 0.003880174132063985, 0.00198098155669868, 0.001436198246665299, 0.0014897105284035206, 0.0024624569341540337, 0.001429278403520584, 0.0025008812081068754, 0.0022348316852003336, 0.002300861058756709, 0.013843556866049767, 0.0015512497629970312, 0.002241819864138961, 0.0017240010201931, 0.004855260252952576, 0.0057878619991242886, 0.0011010493617504835, 0.000970445282291621, 0.0020898855291306973, 0.0030118650756776333, 0.0010970138246193528, 0.004745181184262037, 0.005517804529517889, 0.001914850203320384]}