{"CustomMetrics_Small_rectangles": [0.45960602164268494, 0.1434280127286911, 0.10004504024982452, 0.052964888513088226, 0.0401771180331707, 0.02587488293647766, 0.01923445612192154, 0.01819833368062973, 0.018602285534143448, 0.014041965827345848, 0.014021316543221474, 0.01472960039973259, 0.014079834334552288, 0.014881354756653309, 0.021143320947885513, 0.018063470721244812, 0.016459228470921516, 0.01692829094827175, 0.01711316779255867, 0.01644764468073845, 0.016973840072751045, 0.015611361712217331, 0.015590652823448181, 0.016880474984645844, 0.016156045719981194, 0.01571829803287983, 0.01538124680519104, 0.0149482237175107, 0.01387319527566433, 0.014081144705414772, 0.013267499394714832, 0.014358250424265862, 0.014478673227131367, 0.01311695110052824, 0.013697116635739803, 0.014549495652318, 0.012786992825567722, 0.012682847678661346, 0.012813112698495388, 0.013065414503216743, 0.012312742881476879, 0.012223889119923115, 0.01399258989840746, 0.012569654732942581, 0.012259996496140957, 0.012118149548768997, 0.012886817567050457, 0.012209871783852577, 0.012620565481483936, 0.012146527878940105, 0.012475185096263885, 0.014672450721263885, 0.013496115803718567, 0.012489814311265945, 0.014209285378456116, 0.013080303557217121, 0.013140871189534664, 0.011851927265524864, 0.013394219800829887, 0.011864702217280865, 0.01177305355668068, 0.01241866685450077, 0.011098895221948624, 0.012513691559433937, 0.01659075729548931, 0.012568139471113682, 0.01147544290870428, 0.013024154119193554, 0.012087768875062466, 0.012446516193449497, 0.012367544695734978, 0.011469840072095394, 0.011321909725666046, 0.011015954427421093, 0.014161380007863045, 0.014261878095567226, 0.013751561753451824, 0.013149728067219257, 0.012972136959433556, 0.012764940969645977, 0.011322150938212872, 0.011450458317995071, 0.013684431090950966, 0.013754932209849358, 0.011924324557185173, 0.014185188338160515, 0.013267772272229195, 0.0122126005589962, 0.01574881561100483, 0.012675389647483826], "CustomMetrics_Mid_rectangles": [0.32500311732292175, 0.09858470410108566, 0.07199876010417938, 0.038425859063863754, 0.030947891995310783, 0.020586082711815834, 0.015569363720715046, 0.015345302410423756, 0.01669907569885254, 0.011750887148082256, 0.011086849495768547, 0.00972270593047142, 0.008790203370153904, 0.008489334024488926, 0.013266483321785927, 0.011689536273479462, 0.010458032600581646, 0.011214115656912327, 0.011524973437190056, 0.010707367211580276, 0.01166972704231739, 0.010958145372569561, 0.01134179811924696, 0.012284919619560242, 0.011971076019108295, 0.011834362521767616, 0.011806432157754898, 0.011575276032090187, 0.011459830217063427, 0.011513149365782738, 0.011193392798304558, 0.011571906507015228, 0.011787896044552326, 0.011070541106164455, 0.011557197198271751, 0.012094340287148952, 0.011283685453236103, 0.011207654140889645, 0.01125875860452652, 0.011622218415141106, 0.011148516088724136, 0.011091991327702999, 0.011929705739021301, 0.011053814552724361, 0.011094816029071808, 0.010846993885934353, 0.01130855642259121, 0.010856324806809425, 0.011160501278936863, 0.010955510661005974, 0.011068185791373253, 0.012291778810322285, 0.011641647666692734, 0.011297664605081081, 0.012234100140631199, 0.011497879400849342, 0.011624027043581009, 0.011007469147443771, 0.011761758476495743, 0.012028225697577, 0.010952969081699848, 0.011381353251636028, 0.010781720280647278, 0.011682644486427307, 0.01392494235187769, 0.0121029457077384, 0.010829098522663116, 0.01161580253392458, 0.011144377291202545, 0.011147693730890751, 0.011192531324923038, 0.010982375591993332, 0.011447342112660408, 0.01076822355389595, 0.01202366128563881, 0.012468642555177212, 0.012107443064451218, 0.011817454360425472, 0.011735769920051098, 0.01158940140157938, 0.01131589524447918, 0.011241020634770393, 0.012233752757310867, 0.012418979778885841, 0.011210024356842041, 0.012655255384743214, 0.012064369395375252, 0.011961041018366814, 0.013676006346940994, 0.01190836913883686], "CustomMetrics_Huge_rectangles": [0.21977071464061737, 0.07759448140859604, 0.05841725692152977, 0.031971704214811325, 0.026609504595398903, 0.019256317988038063, 0.014950350858271122, 0.01672748290002346, 0.016059553250670433, 0.010419078171253204, 0.00986819714307785, 0.007521598134189844, 0.00769465696066618, 0.007045148406177759, 0.00580429146066308, 0.005721019580960274, 0.005127070005983114, 0.004448368214070797, 0.004407217260450125, 0.0038678967393934727, 0.003196061821654439, 0.0029028821736574173, 0.002798474859446287, 0.0027893688529729843, 0.0023316724691540003, 0.0022650675382465124, 0.002144708763808012, 0.0019119983771815896, 0.0021314569748938084, 0.0018588898237794638, 0.0018771442119032145, 0.0017557220999151468, 0.0017553026555106044, 0.0015629190020263195, 0.0019123852252960205, 0.0020334955770522356, 0.0015296970959752798, 0.0015558302402496338, 0.0014961814740672708, 0.001971714897081256, 0.001651465892791748, 0.0016728183254599571, 0.002032217336818576, 0.0014924844726920128, 0.0015591513365507126, 0.0015234595630317926, 0.0016563417157158256, 0.0014261879259720445, 0.0015591565752401948, 0.0014462250983342528, 0.0015895228134468198, 0.002476306399330497, 0.0018777030054479837, 0.0015163177158683538, 0.0025670486502349377, 0.001970317680388689, 0.0023116397205740213, 0.0014229774242267013, 0.0020079934038221836, 0.0022925983648747206, 0.0014824671670794487, 0.0018681801157072186, 0.0016574762994423509, 0.0016417022561654449, 0.0035026846453547478, 0.0030213971622288227, 0.001532422611489892, 0.0019495300948619843, 0.0019130640430375934, 0.0017321811756119132, 0.0017470309976488352, 0.0015833476791158319, 0.0020133366342633963, 0.0013498953776434064, 0.0027061670552939177, 0.0022562225349247456, 0.002001642482355237, 0.001777241937816143, 0.001832782058045268, 0.002134140348061919, 0.0017017051577568054, 0.001686067203991115, 0.002038120524957776, 0.0017185615142807364, 0.0014946544542908669, 0.0021614572033286095, 0.002030713949352503, 0.0023261732421815395, 0.003306335536763072, 0.0020184649620205164]}