{"CustomMetrics_Small_rectangles": [0.1322687715291977, 0.0797855332493782, 0.07015497237443924, 0.05969943478703499, 0.03965291753411293, 0.04989826679229736, 0.030746158212423325, 0.04365723580121994, 0.022253116592764854, 0.02315165288746357, 0.023795725777745247, 0.018623998388648033, 0.01639353483915329, 0.017231391742825508, 0.014506552368402481, 0.01270876545459032, 0.011534221470355988, 0.009462643414735794, 0.01246121246367693, 0.009360386990010738, 0.009628460742533207, 0.010899747721850872, 0.0097124595195055, 0.01008682232350111, 0.010046328417956829, 0.009433474391698837, 0.009961698204278946, 0.010714143514633179, 0.011017737910151482, 0.011230439879000187, 0.010231129825115204, 0.010331557132303715, 0.010951394215226173, 0.011499046348035336, 0.015136896632611752, 0.011566453613340855, 0.015886642038822174, 0.020581314340233803, 0.009527081623673439, 0.015764081850647926, 0.01493433490395546, 0.011721081100404263, 0.014995468780398369, 0.012126720510423183, 0.013843158259987831, 0.012558693997561932, 0.012001042254269123, 0.012164593674242496, 0.013948241248726845, 0.011861772276461124, 0.012113604694604874, 0.011379046365618706, 0.011896061711013317, 0.012165691703557968, 0.014305737800896168, 0.015720054507255554, 0.011621633544564247, 0.014636866748332977, 0.02960846945643425, 0.012300794944167137, 0.013699612580239773, 0.011293257586658001, 0.028807487338781357, 0.011797460727393627, 0.01156674325466156, 0.015357747673988342, 0.016013437882065773], "CustomMetrics_Mid_rectangles": [0.10560477524995804, 0.06999266147613525, 0.06567584723234177, 0.05479835346341133, 0.039492905139923096, 0.049581967294216156, 0.0303572379052639, 0.04446246102452278, 0.020696129649877548, 0.022351989522576332, 0.024209707975387573, 0.01965966634452343, 0.015872342512011528, 0.01780128665268421, 0.01471046544611454, 0.014138300903141499, 0.011306808330118656, 0.010212503373622894, 0.012389367446303368, 0.009866246953606606, 0.010017178021371365, 0.010201147757470608, 0.009750318713486195, 0.01006400678306818, 0.009753866121172905, 0.009822261519730091, 0.009580806829035282, 0.010921591892838478, 0.01041511818766594, 0.010393870994448662, 0.00993263814598322, 0.009932824410498142, 0.010805070400238037, 0.01075792871415615, 0.01383138820528984, 0.010733594186604023, 0.013754636980593204, 0.01740378513932228, 0.010056243278086185, 0.013308110646903515, 0.01320363488048315, 0.010672271251678467, 0.013982328586280346, 0.011013506911695004, 0.012570671737194061, 0.011593266390264034, 0.010944780893623829, 0.010987264104187489, 0.012084524147212505, 0.010925071313977242, 0.011011652648448944, 0.010862009599804878, 0.011111131869256496, 0.011383632197976112, 0.012216463685035706, 0.014398506842553616, 0.01143865380436182, 0.013414034619927406, 0.024272602051496506, 0.011321434751152992, 0.012194301933050156, 0.011162472888827324, 0.0237739160656929, 0.0111145731061697, 0.010773743502795696, 0.013431143015623093, 0.013786274939775467], "CustomMetrics_Huge_rectangles": [0.0650118738412857, 0.025613732635974884, 0.020052241161465645, 0.018252616748213768, 0.011007886379957199, 0.011967640370130539, 0.008153781294822693, 0.01029511820524931, 0.00808430090546608, 0.007098584435880184, 0.006486427038908005, 0.004073899704962969, 0.007059505674988031, 0.004485114011913538, 0.004094416741281748, 0.002614777535200119, 0.0041164071299135685, 0.002364581450819969, 0.004780919756740332, 0.002496751956641674, 0.0021177029702812433, 0.002584162401035428, 0.0020765867084264755, 0.0024631591513752937, 0.0021615878213196993, 0.002007388276979327, 0.0018239892087876797, 0.002791153732687235, 0.002978359581902623, 0.002520805923268199, 0.0017389024142175913, 0.0017723009223118424, 0.002311545889824629, 0.002550305798649788, 0.004082038998603821, 0.0019696869421750307, 0.0038174528162926435, 0.0062848241068422794, 0.0013729340862482786, 0.0038901285734027624, 0.0032080120872706175, 0.001921662362292409, 0.003683769842609763, 0.0018513182876631618, 0.0023914040066301823, 0.0019036080921068788, 0.0016013678396120667, 0.0016126275295391679, 0.0026820434723049402, 0.00148612295743078, 0.0016166135901585221, 0.0015655523166060448, 0.0015503739705309272, 0.0015748580917716026, 0.0024027128238230944, 0.0032323654741048813, 0.0016864546341821551, 0.002483339747413993, 0.00995002780109644, 0.0014927961165085435, 0.002458180533722043, 0.0015510047087445855, 0.009072255343198776, 0.0015373177593573928, 0.0014791119610890746, 0.003132744925096631, 0.003617243841290474]}