{"CustomMetrics_Small_rectangles": [0.033629294484853745, 0.020779216662049294, 0.014226555824279785, 0.013298449106514454, 0.014397098682820797, 0.012433929368853569, 0.01358596421778202, 0.011466273106634617, 0.011149661615490913, 0.014297199435532093, 0.008795136585831642, 0.009420465677976608, 0.0101007716730237, 0.010743603110313416, 0.01069751288741827, 0.009708462283015251, 0.017803141847252846, 0.010953063145279884, 0.008666728623211384, 0.009320076555013657, 0.012634595856070518, 0.008826796896755695, 0.020339898765087128, 0.008762294426560402, 0.009037175215780735, 0.009944155812263489, 0.02029263786971569, 0.010986839421093464, 0.00976815540343523, 0.00909353606402874, 0.008071317337453365, 0.009005147963762283, 0.010365604422986507, 0.007722219917923212, 0.011838143691420555, 0.013282418251037598, 0.010944833047688007, 0.008913807570934296, 0.012336951680481434, 0.012015127576887608], "CustomMetrics_Mid_rectangles": [0.027532298117876053, 0.01775878295302391, 0.01142818108201027, 0.010394814424216747, 0.011069552972912788, 0.009251881390810013, 0.010810480453073978, 0.009594030678272247, 0.00888532679527998, 0.009374548681080341, 0.006845597643405199, 0.007032157853245735, 0.007325800601392984, 0.007944696582853794, 0.007727080024778843, 0.008144608698785305, 0.015984995290637016, 0.009058190509676933, 0.006577047985047102, 0.00673272181302309, 0.008969760499894619, 0.0072877309285104275, 0.012365063652396202, 0.007390056736767292, 0.006912550423294306, 0.0072373514994978905, 0.013349050655961037, 0.008572518825531006, 0.007620100863277912, 0.006538337096571922, 0.006064958870410919, 0.006489862687885761, 0.007528685964643955, 0.0059715695679187775, 0.010333102196455002, 0.008923757821321487, 0.008075222373008728, 0.006369865033775568, 0.008583220653235912, 0.008159263990819454], "CustomMetrics_Huge_rectangles": [0.014704092405736446, 0.005570694804191589, 0.0029695553239434958, 0.0022021352779120207, 0.003890902502462268, 0.0021948865614831448, 0.004372002556920052, 0.002861056476831436, 0.0024359633680433035, 0.0024938604328781366, 0.0013338210992515087, 0.0017181998118758202, 0.00171277963090688, 0.002729465253651142, 0.0021788934245705605, 0.0023660543374717236, 0.00857559684664011, 0.0039197467267513275, 0.002710591070353985, 0.0013213721103966236, 0.001657600048929453, 0.001978611573576927, 0.004596037790179253, 0.0029595131054520607, 0.0013994299806654453, 0.0025443367194384336, 0.006184029392898083, 0.0027151580434292555, 0.00137581885792315, 0.0012458761921152472, 0.0016655813669785857, 0.001965809380635619, 0.0020320734474807978, 0.0016976967453956604, 0.0053601255640387535, 0.0029368281830102205, 0.0024822622071951628, 0.0013532458106055856, 0.0032242031302303076, 0.002643885090947151]}