{"CustomMetrics_Small_rectangles": [0.013199885375797749, 0.009131545200943947, 0.007817585952579975, 0.006335671059787273, 0.005414601881057024, 0.004611452575773001, 0.004647186491638422, 0.004370548762381077, 0.0037041842006146908, 0.00489067891612649, 0.004766735248267651, 0.003535990137606859, 0.0034996496979147196, 0.002843483118340373, 0.0035052821040153503, 0.002995789051055908, 0.002748108236119151, 0.0027891998179256916, 0.002854363527148962, 0.0022574332542717457, 0.0020812663715332747, 0.0028058751486241817, 0.002184634329751134, 0.0026816718745976686, 0.0020796842873096466, 0.0018976910505443811, 0.002137487754225731, 0.0019753866363316774, 0.003319827374070883, 0.002461523050442338, 0.0021249467972666025, 0.0019788695499300957, 0.0022275946103036404, 0.001505864318460226, 0.0016061346977949142, 0.0014291800325736403, 0.002472017193213105, 0.0019552982412278652, 0.0018733539618551731, 0.0022166292183101177, 0.001618941780179739, 0.0013169781304895878, 0.0015943347243592143, 0.001738912658765912, 0.002183352131396532, 0.002551821991801262, 0.0014784495579078794, 0.0019580486696213484, 0.0012981167528778315, 0.001143713598139584, 0.0017113247886300087, 0.001802764367312193, 0.0014289197279140353, 0.0008446875144727528, 0.0012533694971352816, 0.0016252154018729925, 0.0014620446600019932, 0.0016677307430654764, 0.001298912218771875, 0.0020639540161937475, 0.0020032983738929033, 0.0012458821292966604, 0.0014160857535898685, 0.001274513895623386, 0.0017298603197559714, 0.0013328214408829808, 0.0011535577941685915, 0.0009424861054867506, 0.0010463650105521083, 0.0013102086959406734, 0.0016840242315083742, 0.0013254072982817888, 0.0008808303973637521, 0.0013726628385484219, 0.0011723978677764535, 0.0011071452172473073, 0.000757623347453773, 0.0009204524685628712, 0.0009607017855159938, 0.0009511674288660288, 0.0009212688310071826, 0.001030217157676816, 0.0007692628423683345, 0.0006995090516284108, 0.0009509302326478064, 0.0008335827151313424, 0.0012148042442277074, 0.0017382247606292367, 0.0016488528344780207, 0.0009753188933245838, 0.0013700794661417603, 0.001176965655758977, 0.0009134740685112774, 0.0014626971678808331, 0.001016554539091885, 0.0007796083227731287, 0.0010694465599954128], "CustomMetrics_Mid_rectangles": [0.013587439432740211, 0.00889534130692482, 0.006961675826460123, 0.005177849438041449, 0.00400804216042161, 0.0035425068344920874, 0.003129588207229972, 0.0026812287978827953, 0.002461457857862115, 0.003125428222119808, 0.003108426695689559, 0.0022720934357494116, 0.002134225331246853, 0.0018209345871582627, 0.0021508042700588703, 0.0018283443059772253, 0.0017864973051473498, 0.0016304138116538525, 0.0016163407126441598, 0.0015009541530162096, 0.0013764846371486783, 0.0016905597876757383, 0.0012303731637075543, 0.0014717243611812592, 0.0012514125555753708, 0.0010146844433620572, 0.0012122567277401686, 0.001164891174994409, 0.002441020682454109, 0.0013785827904939651, 0.0017375347670167685, 0.0011234587291255593, 0.001353863743133843, 0.0009210903663188219, 0.0009764054557308555, 0.0013602320104837418, 0.0017560765845701098, 0.001335503184236586, 0.0011326773092150688, 0.0011751992860808969, 0.0010423759231343865, 0.0008773053414188325, 0.0010084235109388828, 0.0010229831095784903, 0.001124478061683476, 0.0018485693726688623, 0.0009304766426794231, 0.00120515504386276, 0.0006878355634398758, 0.0006216454203240573, 0.0010967839043587446, 0.0011339894263073802, 0.0007564587867818773, 0.0006245648255571723, 0.0007725309696979821, 0.0010674974182620645, 0.0009290193556807935, 0.0009650482097640634, 0.0007717613480053842, 0.0012432386865839362, 0.0012001378927379847, 0.0007781273452565074, 0.0009675268665887415, 0.0009310627356171608, 0.0010679628467187285, 0.0008392866584472358, 0.000661848986055702, 0.0005769591080024838, 0.0006517776637338102, 0.0007949110586196184, 0.0011059279786422849, 0.0009532449184916914, 0.0005075050867162645, 0.0007801923202350736, 0.0009226619731634855, 0.0008375469478778541, 0.0006217858754098415, 0.0006767332088202238, 0.0006304924027062953, 0.0006048668874427676, 0.0006757937371730804, 0.0005992905935272574, 0.0006181888747960329, 0.0005200196173973382, 0.0006140020559541881, 0.0006776471273042262, 0.0008150635985657573, 0.0011941400589421391, 0.0009239743812941015, 0.0007599050877615809, 0.0009328711312264204, 0.0008286579395644367, 0.0005847050924785435, 0.0008975653909146786, 0.0007147463620640337, 0.000560369691811502, 0.0006377832032740116], "CustomMetrics_Huge_rectangles": [0.004944531712681055, 0.0011018624063581228, 0.0010093296878039837, 0.0006137336604297161, 0.0004413001297507435, 0.00036468563484959304, 0.000359557248884812, 0.00032856586039997637, 0.0005898313829675317, 0.0005111615173518658, 0.000588084920309484, 0.0003474359982647002, 0.0003954698040615767, 0.0002093950897688046, 0.0002128774212906137, 0.0003291046596132219, 0.00024882639991119504, 0.0002265513176098466, 0.0002440975367790088, 0.00019433634588494897, 0.00024413289793301374, 0.00044861729838885367, 0.0002735157613642514, 0.00041530124144628644, 0.0002449535531923175, 0.00038753525586798787, 0.0002966087486129254, 0.0002235278079751879, 0.00034792092628777027, 0.00029459231882356107, 0.00030305187101475894, 0.00019714294467121363, 0.0003391808713786304, 0.00039773984462954104, 0.00029691020608879626, 0.00022824273037258536, 0.00035213527735322714, 0.0002158659481210634, 0.0002770627907011658, 0.00035591385676525533, 0.00014663136971648782, 0.00022765807807445526, 0.00020022316311951727, 0.0001709477510303259, 0.0002736180613283068, 0.0003368854522705078, 0.00015756706125102937, 0.00018263825040776283, 0.00019772515224758536, 0.00015238826745189726, 0.00019901376799680293, 0.00020004494581371546, 0.00017712367116473615, 0.00023455626796931028, 0.00019130595319438726, 0.00017850710719358176, 0.0003471281088422984, 0.00035626572207547724, 0.0001910988794406876, 0.00022206472931429744, 0.00021095789270475507, 0.00015112468099687248, 0.00020864701946265996, 0.00030893279472365975, 0.00030784375849179924, 0.0002918480022344738, 0.00010274106898577884, 0.00019000239262823015, 0.00011664211342576891, 0.00021343155822250992, 0.00017598980048205703, 0.00017976043454837054, 0.00024942553136497736, 0.00013317045522853732, 0.0002271975390613079, 0.00019006547518074512, 0.00019601751409936696, 0.0001475807512179017, 0.00015616272867191583, 0.00012195502495160326, 0.00014710029063280672, 0.00016543330275453627, 0.00030290556605905294, 0.00015257939230650663, 0.0001498859783168882, 0.00018588350212667137, 0.0003859579155687243, 0.00012523611076176167, 0.00042243688949383795, 0.00013976848276797682, 0.00019580108346417546, 0.00030370178865268826, 0.00012993924610782415, 0.00014073436614125967, 0.00018159637693315744, 0.00012102218170184642, 0.00019427570805419236]}