{"CustomMetrics_Small_rectangles": [0.019563134759664536, 0.018708815798163414, 0.017410019412636757, 0.01549629494547844, 0.015435595065355301, 0.015196227468550205, 0.014756419695913792, 0.014571222476661205, 0.013379044830799103, 0.014273148961365223, 0.013774472288787365, 0.015128407627344131, 0.013191461563110352, 0.013614934869110584, 0.013045295141637325, 0.0139028150588274, 0.013135679997503757, 0.014372305944561958, 0.01266477070748806, 0.013035775162279606, 0.01393324788659811, 0.01390630379319191, 0.013551555573940277, 0.012814467772841454, 0.012353413738310337, 0.012696345336735249, 0.01329338364303112, 0.01218293234705925, 0.011908232234418392, 0.011970426887273788, 0.013107611797749996, 0.012561083771288395, 0.012885482050478458, 0.01168849691748619, 0.012234419584274292, 0.011739606037735939, 0.011020833626389503, 0.012276711873710155, 0.011074326001107693, 0.012671015225350857, 0.010947035625576973, 0.011795406229794025, 0.012885939329862595, 0.01201675646007061, 0.011984006501734257, 0.010106218978762627, 0.012245011515915394, 0.011273372918367386, 0.010012205690145493, 0.011659509502351284, 0.010088660754263401, 0.009557447396218777, 0.009894940070807934, 0.009696786291897297, 0.01084111537784338, 0.009949466213583946, 0.009774632751941681, 0.009772851131856441, 0.012370281852781773, 0.009324833750724792, 0.008713619783520699, 0.008753041736781597, 0.009335669688880444, 0.011127263307571411, 0.010608644224703312, 0.009329130873084068, 0.009483148343861103, 0.010254383087158203, 0.011634944938123226, 0.011470437049865723, 0.013277506455779076, 0.009216640144586563, 0.01013661827892065, 0.009567385539412498, 0.008436832576990128, 0.008961858227849007, 0.00923440232872963, 0.00924465712159872, 0.007764408364892006, 0.00950633455067873, 0.010015941224992275, 0.008610187098383904, 0.008123967796564102, 0.007438902743160725, 0.008723423816263676, 0.008080513216555119, 0.0070435283705592155, 0.007775787264108658, 0.006685097701847553, 0.008119017817080021, 0.008181841112673283, 0.009286696091294289, 0.008787712082266808, 0.009930703788995743, 0.0071074701845645905, 0.008145512081682682, 0.009609616361558437, 0.00835373718291521, 0.007701594848185778, 0.0071336254477500916, 0.008043353445827961, 0.007838371209800243, 0.007552694529294968, 0.008545886725187302, 0.008503999561071396, 0.007831634022295475, 0.007760186213999987, 0.009256243705749512], "CustomMetrics_Mid_rectangles": [0.01760271191596985, 0.017703954130411148, 0.01588883250951767, 0.013933678157627583, 0.01326020061969757, 0.013029983267188072, 0.012568333186209202, 0.012195703573524952, 0.011806351132690907, 0.011671749874949455, 0.011665036901831627, 0.011962737888097763, 0.010969896800816059, 0.011288504116237164, 0.0109745217487216, 0.011513699777424335, 0.010675630532205105, 0.011477089487016201, 0.010583230294287205, 0.01100905705243349, 0.011351868510246277, 0.01117031741887331, 0.011233779601752758, 0.010907627642154694, 0.010138791054487228, 0.010410506278276443, 0.01060384139418602, 0.00996568612754345, 0.01036524772644043, 0.01017267256975174, 0.011072368361055851, 0.010285104624927044, 0.01094784028828144, 0.009437322616577148, 0.010175901465117931, 0.009509634226560593, 0.010066013783216476, 0.009736227802932262, 0.009398470632731915, 0.010282475501298904, 0.00932498648762703, 0.009065723977982998, 0.011179700493812561, 0.010483997873961926, 0.009376359172165394, 0.008232706226408482, 0.009044045582413673, 0.008422854356467724, 0.007815569639205933, 0.009614704176783562, 0.008402797393500805, 0.00813482329249382, 0.008291193284094334, 0.008018194697797298, 0.008196961134672165, 0.008062079548835754, 0.008529900573194027, 0.007457158528268337, 0.008481120690703392, 0.0075004524551332, 0.008153517730534077, 0.0078004272654652596, 0.0077544874511659145, 0.008333724923431873, 0.007900075055658817, 0.008718527853488922, 0.007544520311057568, 0.007603079080581665, 0.008970922790467739, 0.008979775942862034, 0.009887251071631908, 0.007510104216635227, 0.007939808070659637, 0.00748856458812952, 0.007126595824956894, 0.007052478846162558, 0.00801055133342743, 0.008280829526484013, 0.007198851555585861, 0.0071227531880140305, 0.008185640908777714, 0.007651279214769602, 0.007377014495432377, 0.006442232057452202, 0.00768483430147171, 0.006871915888041258, 0.00684850849211216, 0.006602734327316284, 0.006493271328508854, 0.007674883585423231, 0.007409124635159969, 0.0093357739970088, 0.008268236182630062, 0.008681939914822578, 0.007285345811396837, 0.008411077782511711, 0.00848427414894104, 0.007371251005679369, 0.007312886882573366, 0.006762668956071138, 0.0075422609224915504, 0.0072443136014044285, 0.007116633467376232, 0.00757772708311677, 0.007487809751182795, 0.007276421412825584, 0.006845878902822733, 0.008331790566444397], "CustomMetrics_Huge_rectangles": [0.006114635616540909, 0.005662688985466957, 0.00432600686326623, 0.003302853787317872, 0.002594473771750927, 0.0026355250738561153, 0.002164635807275772, 0.002246975200250745, 0.001921451766975224, 0.0016902060015127063, 0.0023447780404239893, 0.0025855684652924538, 0.0019503547810018063, 0.0018448124174028635, 0.0014835867332294583, 0.001721239066682756, 0.0017522077541798353, 0.002206564648076892, 0.001332495012320578, 0.001468092668801546, 0.0017670777160674334, 0.001703455112874508, 0.0016304858727380633, 0.0013893244322389364, 0.0014385738177224994, 0.001602288568392396, 0.0016525874380022287, 0.001445990870706737, 0.0012158259050920606, 0.0011316541349515319, 0.0016148025169968605, 0.0017984432633966208, 0.0015363628044724464, 0.001430033822543919, 0.001288653234951198, 0.0013056034222245216, 0.0012832175707444549, 0.0016365998890250921, 0.0011131378123536706, 0.0013334885006770492, 0.001072392798960209, 0.0012289308942854404, 0.0015354177448898554, 0.0014004207914695144, 0.0013897661119699478, 0.0011377426562830806, 0.0015100635355338454, 0.0013835837598890066, 0.0011269428068771958, 0.0014822054654359818, 0.0013655913062393665, 0.0011719987960532308, 0.001270750886760652, 0.001195603283122182, 0.0013404755154624581, 0.001204929081723094, 0.0012963144108653069, 0.0011814393801614642, 0.0015685282414779067, 0.000949156703427434, 0.0009567291708663106, 0.0009139787871390581, 0.0011665798956528306, 0.0014253580011427402, 0.001138552906922996, 0.0009093214757740498, 0.0010221065022051334, 0.0010884287767112255, 0.0014561901334673166, 0.0013482472859323025, 0.0017585958121344447, 0.0009714634506963193, 0.001076149521395564, 0.0011440885718911886, 0.0009456745465286076, 0.0011230880627408624, 0.0009734093328006566, 0.0011106817983090878, 0.0008187149069271982, 0.0010470254346728325, 0.0010398697340860963, 0.0009334141504950821, 0.0009856916731223464, 0.0007145291892811656, 0.0009444109746254981, 0.0008565452299080789, 0.0006259565125219524, 0.0007185211288742721, 0.000602921296376735, 0.0007690167403779924, 0.0009282552637159824, 0.0012316280044615269, 0.0008861151873134077, 0.0012059215223416686, 0.0007529485737904906, 0.0008064949070103467, 0.0010738017736002803, 0.0009824027074500918, 0.0007570005836896598, 0.0005984065937809646, 0.0007569125154986978, 0.0008146424661390483, 0.0007647929596714675, 0.0007699519046582282, 0.0008941322448663414, 0.0006600456545129418, 0.0007716977852396667, 0.0012035745894536376]}