{"CustomMetrics_Small_rectangles": [0.09146342426538467, 0.024349790066480637, 0.014454731717705727, 0.011764632537961006, 0.012143492698669434, 0.010490120388567448, 0.012059121392667294, 0.011423586867749691, 0.010923892259597778, 0.011489761993288994, 0.010993380099534988, 0.012141240760684013, 0.01128256507217884, 0.011804095469415188, 0.010911557823419571, 0.0115359490737319, 0.010305220261216164, 0.011339273303747177, 0.012631859630346298, 0.011002828367054462, 0.012447377666831017, 0.011252638883888721, 0.009171600453555584, 0.010811693966388702, 0.010400906205177307, 0.010727223008871078, 0.009250075556337833, 0.010492736473679543, 0.01142104808241129, 0.012015976011753082, 0.011113756336271763, 0.009950504638254642, 0.01402263343334198, 0.010622533969581127, 0.01238421443849802, 0.009881400503218174, 0.010250682011246681, 0.01088239811360836, 0.010125677101314068, 0.010681020095944405, 0.009587218053638935, 0.009201811626553535, 0.009802964515984058, 0.009922120720148087, 0.008349253796041012, 0.008858545683324337, 0.00953618623316288, 0.009285667911171913, 0.008831176906824112, 0.008378438651561737, 0.009527010843157768, 0.009352591820061207, 0.008143370039761066, 0.008740216493606567, 0.01123889535665512, 0.008213965222239494, 0.008221189491450787, 0.009112202562391758, 0.009120054543018341, 0.009076420217752457, 0.008090673945844173, 0.007595611736178398, 0.008501188829541206, 0.009284459985792637, 0.008187377825379372, 0.007525768596678972, 0.009710250422358513, 0.007437402848154306, 0.008418995887041092, 0.00968876387923956, 0.007630222477018833, 0.008459190838038921, 0.009062085300683975, 0.01086028479039669, 0.007471761666238308, 0.008585261180996895, 0.008668988011777401, 0.008686765097081661, 0.008256159722805023, 0.00923242699354887, 0.008118581026792526, 0.007022400386631489, 0.008513336069881916, 0.008467894978821278, 0.00796100776642561, 0.00782211683690548, 0.007847012020647526, 0.008252158761024475, 0.007979657500982285, 0.0069696055725216866, 0.008528187870979309, 0.00923179555684328, 0.007600744720548391, 0.006900186184793711, 0.00669722817838192, 0.00800519622862339, 0.006614373996853828, 0.007861360907554626, 0.007952840067446232], "CustomMetrics_Mid_rectangles": [0.0697154551744461, 0.015968946740031242, 0.010613548569381237, 0.009587934240698814, 0.009950936771929264, 0.008761287666857243, 0.009251819923520088, 0.008773299865424633, 0.008720526471734047, 0.008757286705076694, 0.008573316037654877, 0.009091554209589958, 0.008671472780406475, 0.008882706053555012, 0.008427831344306469, 0.008768603205680847, 0.008240194991230965, 0.008604736998677254, 0.009522796608507633, 0.008460677228868008, 0.009248955175280571, 0.008812484331429005, 0.007721490226686001, 0.008209108375012875, 0.00817897543311119, 0.008306548930704594, 0.007546327076852322, 0.008287263102829456, 0.009009672328829765, 0.009088229387998581, 0.00856846198439598, 0.007744118105620146, 0.010179627686738968, 0.008064238354563713, 0.009120937436819077, 0.0076560042798519135, 0.007758044637739658, 0.008189517073333263, 0.007657220121473074, 0.007964172400534153, 0.0074293287470936775, 0.007166572380810976, 0.007335226982831955, 0.007473435252904892, 0.006556435488164425, 0.006766624748706818, 0.007145553361624479, 0.006970772985368967, 0.006903365720063448, 0.006624923553317785, 0.0071643805131316185, 0.0071418858133256435, 0.006341588217765093, 0.006636679172515869, 0.00833849422633648, 0.006304802373051643, 0.006350894458591938, 0.006864362861961126, 0.0071527184918522835, 0.006920821499079466, 0.006409135181456804, 0.006043593864887953, 0.006403799168765545, 0.006941442843526602, 0.006290510296821594, 0.005959362257272005, 0.007446219213306904, 0.006165338680148125, 0.006465613842010498, 0.007284947670996189, 0.00603526970371604, 0.006525401957333088, 0.006859947461634874, 0.008190589025616646, 0.005913499742746353, 0.006647028028964996, 0.006791119929403067, 0.006582909729331732, 0.006472050677984953, 0.007014008238911629, 0.006549641955643892, 0.005961187183856964, 0.006616309285163879, 0.006765748839825392, 0.0064887055195868015, 0.006316023878753185, 0.006213189568370581, 0.006730974186211824, 0.0062387865036726, 0.0057167718186974525, 0.006687052082270384, 0.007120924536138773, 0.006047525443136692, 0.005786544643342495, 0.005612025037407875, 0.006705120205879211, 0.0057160090655088425, 0.0063043804839253426, 0.006673184689134359], "CustomMetrics_Huge_rectangles": [0.03261559084057808, 0.005872154142707586, 0.00443677231669426, 0.0033100675791502, 0.00305000226944685, 0.00262079038657248, 0.00216890056617558, 0.001830458641052246, 0.001945632859133184, 0.001576922251842916, 0.0015166160883381963, 0.001502536004409194, 0.0012674374738708138, 0.0012746417196467519, 0.001254310947842896, 0.0011334512382745743, 0.0011976660462096334, 0.0011383594246581197, 0.0013637265656143427, 0.0011321018682792783, 0.0011550089111551642, 0.0011767148971557617, 0.0014281498733907938, 0.0010066938120871782, 0.0010038723703473806, 0.001024690456688404, 0.0010150562738999724, 0.000984727405011654, 0.0010830292012542486, 0.001089458935894072, 0.001041041105054319, 0.0010127261048182845, 0.0014617062406614423, 0.0009783209534361959, 0.0012581057380884886, 0.0008547422476112843, 0.0009132482227869332, 0.0009267546702176332, 0.001003385172225535, 0.000924727413803339, 0.0008232293766923249, 0.0008087209425866604, 0.0008541133138351142, 0.0008112289942800999, 0.0007929379353299737, 0.0008415711927227676, 0.0008761452627368271, 0.0007563144899904728, 0.0008020264795050025, 0.0008491730550304055, 0.001021150965243578, 0.0008400987717323005, 0.0007475377060472965, 0.0009272356401197612, 0.0013921073405072093, 0.0008057084633037448, 0.0008663632906973362, 0.0008447958389297128, 0.0009050742955878377, 0.0009469625074416399, 0.0007690046913921833, 0.0007545294938609004, 0.0007609252934344113, 0.0009014701354317367, 0.0008451894391328096, 0.0007460001506842673, 0.0010904403170570731, 0.0008112387731671333, 0.0009085683268494904, 0.0010635732905939221, 0.0007753558456897736, 0.0008084902074187994, 0.0010045790113508701, 0.0013317234115675092, 0.0007691708160564303, 0.0008828677237033844, 0.0009417119435966015, 0.0009255003533326089, 0.0008329075644724071, 0.0012588925892487168, 0.0009434586972929537, 0.000756121939048171, 0.0008792635053396225, 0.0010537110501900315, 0.0009011267684400082, 0.001014104811474681, 0.0008607648778706789, 0.0010582752292975783, 0.0008054572390392423, 0.0009987140074372292, 0.0009182437788695097, 0.0011627181665971875, 0.0007272894727066159, 0.0007539939251728356, 0.0009988293750211596, 0.0009517988073639572, 0.0007844124338589609, 0.0007910206913948059, 0.0010152795584872365]}