{"CustomMetrics_Small_rectangles": [0.0131488973274827, 0.011341700330376625, 0.010162136517465115, 0.010616909712553024, 0.008039835840463638, 0.00786773581057787, 0.0048897056840360165, 0.005013009067624807, 0.004357622470706701, 0.003864946309477091, 0.0033865664154291153, 0.004031866788864136, 0.0029135143849998713, 0.0031265278812497854, 0.0024693168234080076, 0.00229722261428833, 0.002368320943787694, 0.0026142792776226997, 0.002082869876176119, 0.002326733199879527, 0.0022194331977516413, 0.0013681065756827593, 0.001716284779831767, 0.0015613989671692252, 0.0015493527753278613, 0.001571045140735805, 0.0017080066027119756, 0.0016521411016583443, 0.0015830430202186108, 0.0013164486736059189, 0.0011505086440593004, 0.0009310174500569701, 0.0010458030737936497, 0.0011271543335169554, 0.0013920580968260765, 0.00110055657569319, 0.0010498681804165244, 0.000934576615691185, 0.001157616381533444, 0.0009022041922435164, 0.0007248269394040108, 0.0007816578145138919, 0.0007798937149345875, 0.00056923070224002, 0.0009821808198466897, 0.0006038796855136752, 0.0007385076023638248, 0.0007827657391317189, 0.0007334336405619979, 0.0006743277190253139, 0.0006449485081247985, 0.0006723011611029506, 0.0007285893079824746, 0.0007446417002938688, 0.0006871875957585871, 0.0008230159874074161, 0.001024197437800467, 0.0009176629828289151, 0.0007559509831480682, 0.0005775057361461222, 0.0007724150782451034, 0.0007888650870881975, 0.0008782357326708734, 0.0008060474065132439, 0.0007005438092164695, 0.000678718148265034, 0.0006773319328203797, 0.0008332724100910127, 0.0006362104322761297, 0.0005265761283226311, 0.0006425731698982418, 0.0004967487184330821, 0.0006866162875667214, 0.0005328860133886337, 0.0006649518036283553, 0.0005938268732279539, 0.0006974920397624373, 0.000678848649840802, 0.0007733226520940661, 0.0006616240716539323, 0.0006765692960470915, 0.0006628300179727376, 0.0011105546727776527, 0.0006741157849319279, 0.0007175521459430456, 0.0005036715883761644, 0.0005067980964668095, 0.0004494528693612665, 0.00044332185643725097], "CustomMetrics_Mid_rectangles": [0.011736856773495674, 0.010392487049102783, 0.009427613578736782, 0.00943051278591156, 0.007065881043672562, 0.006236798129975796, 0.003598421113565564, 0.0035237171687185764, 0.0030176660511642694, 0.002685023006051779, 0.002440178068354726, 0.002577227307483554, 0.0021605375222861767, 0.002209975617006421, 0.0018505225889384747, 0.001700509455986321, 0.0015659050550311804, 0.0017494382336735725, 0.0014526742743328214, 0.0014050184981897473, 0.001506442902609706, 0.0009102655458264053, 0.0011779728811234236, 0.0008384095272049308, 0.0007445576484315097, 0.0008836268098093569, 0.0010720058344304562, 0.0009078591829165816, 0.0009829805931076407, 0.0006011022487655282, 0.000554605619981885, 0.00046779768308624625, 0.00058610929409042, 0.0005117722321301699, 0.0006396699463948607, 0.0006739425589330494, 0.00046951332478784025, 0.00045726849930360913, 0.00088095961837098, 0.00044141290709376335, 0.0003837668336927891, 0.00037158059421926737, 0.00036515548708848655, 0.00033436293597333133, 0.0004916651523672044, 0.0002818642824422568, 0.00042093571391887963, 0.00037731247721239924, 0.00031267767190001905, 0.00040279634413309395, 0.0003469017392490059, 0.00031016510911285877, 0.00033730524592101574, 0.00033514798269607127, 0.0002634689153637737, 0.0005524063599295914, 0.0007136311614885926, 0.00043126827222295105, 0.00043712451588362455, 0.0003750402538571507, 0.0004817764856852591, 0.00040964121581055224, 0.0004997010109946132, 0.0002849334559869021, 0.00030288530979305506, 0.0003556800656951964, 0.0004115777264814824, 0.0003515549178700894, 0.0003517002041917294, 0.0003003543533850461, 0.0004183001583442092, 0.0004486304533202201, 0.00031953825964592397, 0.00036121843731962144, 0.0002710254047997296, 0.00035323365591466427, 0.0003576643648557365, 0.00038877123733982444, 0.0005585378385148942, 0.0004708377819042653, 0.0005530445487238467, 0.00035327181103639305, 0.0005394114414229989, 0.0004043343651574105, 0.0006518976879306138, 0.0004664098669309169, 0.00031609126017428935, 0.00027245329692959785, 0.00030069012427702546], "CustomMetrics_Huge_rectangles": [0.0012735089985653758, 0.0013607789296656847, 0.0012764259008690715, 0.0018811572808772326, 0.004446458071470261, 0.002320141764357686, 0.004126901738345623, 0.003310584230348468, 0.003815611358731985, 0.003729952732101083, 0.003494829637929797, 0.0015737905632704496, 0.002886134199798107, 0.0027824107091873884, 0.0025317405816167593, 0.001959686866030097, 0.002423888072371483, 0.002511988626793027, 0.0023619455751031637, 0.0022881298791617155, 0.0023463433608412743, 0.0021164219360798597, 0.0017006609123200178, 0.001966997282579541, 0.0011867770226672292, 0.0013289727503433824, 0.0012311737518757582, 0.0012958890292793512, 0.0015745892887935042, 0.0011602966114878654, 0.0011643249308690429, 0.0013650640612468123, 0.0013453967403620481, 0.0011809472925961018, 0.0011524693109095097, 0.0012457439443096519, 0.0010507307015359402, 0.0011101985583081841, 0.001406970084644854, 0.001368558150716126, 0.0014584932941943407, 0.0010959755163639784, 0.0013179505476728082, 0.0014646054478362203, 0.0012078629806637764, 0.0012093516997992992, 0.0012749904999509454, 0.0012057473650202155, 0.001210662187077105, 0.0013070780551061034, 0.0011459195520728827, 0.0010942955268546939, 0.0012144942302256823, 0.001103580347262323, 0.0010982321109622717, 0.0012527432991191745, 0.0012735015479847789, 0.0011022519320249557, 0.0011911580804735422, 0.0012617636239156127, 0.0013155479682609439, 0.0010730851208791137, 0.0011887535220012069, 0.0010100631043314934, 0.0010462936479598284, 0.0012001163559034467, 0.0011522541753947735, 0.0009242247906513512, 0.0009795852238312364, 0.0011096103116869926, 0.0012030504876747727, 0.0010596049251034856, 0.0010314035462215543, 0.000940709316637367, 0.0011180259753018618, 0.0010094906901940703, 0.0009980363538488746, 0.001124957692809403, 0.0010534062748774886, 0.0010346326744183898, 0.0009513513068668544, 0.0010454327566549182, 0.0008411459275521338, 0.000932316470425576, 0.001159127103164792, 0.0010173993650823832, 0.001079623936675489, 0.0010333915706723928, 0.000849659088999033]}