{"CustomMetrics_Small_rectangles": [0.011654501780867577, 0.009110826998949051, 0.007976597175002098, 0.006704414263367653, 0.006832195911556482, 0.0055266739800572395, 0.005542124155908823, 0.00729299895465374, 0.004551454912871122, 0.0043799434788525105, 0.005419196095317602, 0.004168704617768526, 0.006478753872215748, 0.004164655692875385, 0.0046593062579631805, 0.005646855104714632, 0.005259522702544928, 0.004101619124412537, 0.00536646693944931, 0.005966793280094862, 0.004482532385736704, 0.004418868105858564, 0.005193887744098902, 0.0031545902602374554, 0.004832986276596785, 0.0032977676019072533, 0.0031234906055033207, 0.002998874755576253, 0.002946781925857067, 0.0028202428948134184, 0.0031777017284184694, 0.003189248265698552, 0.002692742273211479, 0.0030188728123903275, 0.0030389241874217987, 0.0027095135301351547, 0.0027679884806275368, 0.0024272706359624863, 0.00261511467397213, 0.003970609046518803, 0.00257683452218771, 0.0028377713169902563, 0.0024805080611258745, 0.0026728969532996416, 0.002763147931545973, 0.0022991951555013657, 0.002381463535130024, 0.0026132245548069477, 0.002396555384621024, 0.0024381603579968214, 0.002562832785770297, 0.0027547762729227543, 0.0023431656882166862, 0.0022980074863880873, 0.002724813064560294, 0.002522742608562112, 0.0022082263603806496, 0.002247800584882498, 0.002360899467021227, 0.0023212924133986235, 0.002461288357153535, 0.002114911563694477, 0.002242265734821558, 0.002103700302541256, 0.002644523046910763, 0.002313263714313507, 0.0021448233164846897, 0.002222960814833641, 0.0030673660803586245, 0.0026396792382001877, 0.0025381497107446194, 0.0020774351432919502, 0.0025266760494560003, 0.0023689554072916508, 0.0022514555603265762, 0.0025317473337054253, 0.0025320108979940414, 0.0021430235356092453, 0.0023765868972986937, 0.0024203937500715256, 0.0021590518299490213, 0.0021992556285113096, 0.0019404980121180415, 0.001913201529532671, 0.001929383142851293, 0.0019347402267158031, 0.002181582385674119, 0.0022291301283985376, 0.001876335241831839, 0.0018810475012287498, 0.002131479326635599, 0.0017981281271204352, 0.0018604239448904991, 0.0017600830178707838, 0.0019816188141703606, 0.0019497108878567815, 0.0016391046810895205, 0.0018850011983886361, 0.0016388692893087864, 0.0017513744533061981, 0.0018560501048341393, 0.001734892139211297, 0.0017365965759381652, 0.0016715532401576638, 0.0020198558922857046], "CustomMetrics_Mid_rectangles": [0.009837161749601364, 0.008212996646761894, 0.0071160984225571156, 0.006010320037603378, 0.005644132383167744, 0.005197260994464159, 0.0052175745368003845, 0.006206050980836153, 0.0048382701352238655, 0.004951144568622112, 0.0050729974173009396, 0.004770006984472275, 0.005545593798160553, 0.004221154376864433, 0.004508134908974171, 0.00488640321418643, 0.004194716922938824, 0.0035217865370213985, 0.003929325845092535, 0.0045116436667740345, 0.0034576798789203167, 0.0036267717368900776, 0.004007552284747362, 0.0031508938409388065, 0.00333965546451509, 0.0030192190315574408, 0.002869795076549053, 0.002407965948805213, 0.0022893622517585754, 0.0023490048479288816, 0.0022795354016125202, 0.002462501637637615, 0.0021713681053370237, 0.0024530705995857716, 0.0023694001138210297, 0.0023614231031388044, 0.0022607529535889626, 0.0022115549072623253, 0.00211902754381299, 0.00312354345805943, 0.0020662653259932995, 0.002128635998815298, 0.001971847377717495, 0.002000394044443965, 0.002470450708642602, 0.0019445882644504309, 0.0020613546948879957, 0.0019292980432510376, 0.0018645779928192496, 0.001918695168569684, 0.0020079377572983503, 0.002102714031934738, 0.0018912176601588726, 0.0017123018624261022, 0.0019340596627444029, 0.0018918297719210386, 0.0018288790015503764, 0.001712899305857718, 0.0020262268371880054, 0.0017557271057739854, 0.0018789444584399462, 0.001566605526022613, 0.0018111367244273424, 0.0017105172155424953, 0.0018843080615624785, 0.001786986249499023, 0.0017935012001544237, 0.0017118463292717934, 0.0024582031182944775, 0.0020161198917776346, 0.0018811903428286314, 0.0015060919104143977, 0.0017670639790594578, 0.001668716548010707, 0.0015371919143944979, 0.00192787975538522, 0.0017908287700265646, 0.0014853918692097068, 0.0017148713814094663, 0.0016681861598044634, 0.0016567111015319824, 0.0015481951413676143, 0.0014878158690407872, 0.0014832179294899106, 0.001450676703825593, 0.0014657792635262012, 0.0015940855955705047, 0.0018309946171939373, 0.0014482353581115603, 0.0015836163656786084, 0.0017397981137037277, 0.0015786082949489355, 0.001582557801157236, 0.0014158050762489438, 0.0015947619685903192, 0.001661214861087501, 0.001437472878023982, 0.0014177183620631695, 0.0013604337582364678, 0.001420246553607285, 0.00155239412561059, 0.0014572254149243236, 0.0015089343069121242, 0.001406306866556406, 0.0017759399488568306], "CustomMetrics_Huge_rectangles": [0.003575650043785572, 0.002138301031664014, 0.0013693325454369187, 0.0011295046424493194, 0.0009619563352316618, 0.0007824154454283416, 0.0008359384955838323, 0.0019455826841294765, 0.0007284277817234397, 0.0007590687018819153, 0.0010997025528922677, 0.000697047624271363, 0.001314028981141746, 0.00041063016396947205, 0.0006623141816817224, 0.0008670334937050939, 0.0005699517205357552, 0.0006733935442753136, 0.0007903847726993263, 0.0008366262773051858, 0.000447139231255278, 0.0004731825029011816, 0.0005128195625729859, 0.0004530020523816347, 0.0006805476732552052, 0.0006111824768595397, 0.0005325727397575974, 0.0004414987633936107, 0.0005473136552609503, 0.00040403197635896504, 0.000613582378719002, 0.0006424702587537467, 0.0005199144943617284, 0.0006722486577928066, 0.0007048234110698104, 0.00037990440614521503, 0.0003971788100898266, 0.0004629788745660335, 0.0003176484315190464, 0.0008379350183531642, 0.00027557904832065105, 0.00033622150658629835, 0.0003316982474643737, 0.00037879246519878507, 0.000753304164391011, 0.0002999085118062794, 0.0002804552495945245, 0.00029531802283599973, 0.0003670844598673284, 0.00031395646510645747, 0.0006043281755410135, 0.0004567411669995636, 0.0005541148711927235, 0.0002463158161845058, 0.0003378785331733525, 0.000257926614722237, 0.00034377610427327454, 0.00023090711329132318, 0.00041514658369123936, 0.0002530050987843424, 0.0002854463236872107, 0.000362129183486104, 0.0003175295132678002, 0.0003099016612395644, 0.0002444135898258537, 0.0002644886262714863, 0.00026996145606972277, 0.0003128955722786486, 0.0002756848989520222, 0.00023310079996008426, 0.0005159659194760025, 0.0003010616928804666, 0.0003590972919482738, 0.00037148897536098957, 0.00028824678156524897, 0.000690395594574511, 0.0004799797898158431, 0.00024278783530462533, 0.0003742154221981764, 0.0003521871694829315, 0.0003674422041513026, 0.00025965480017475784, 0.00022400778834708035, 0.0002902514243032783, 0.00024767284048721194, 0.00022496307792607695, 0.0003585800586733967, 0.0007106651901267469, 0.00030312943272292614, 0.00040685362182557583, 0.00026315386639907956, 0.00035470150760374963, 0.00035759256570599973, 0.00028008490335196257, 0.0002774197200778872, 0.0006138438475318253, 0.00037492960109375417, 0.00041904981480911374, 0.00033302095835097134, 0.0002190690574934706, 0.0003886181802954525, 0.00032740060123614967, 0.0003528088273014873, 0.00042832226608879864, 0.0008860570378601551]}