{"CustomMetrics_Small_rectangles": [0.015319961123168468, 0.015218147076666355, 0.013324965722858906, 0.012988407164812088, 0.013018898665904999, 0.012782820500433445, 0.01274051982909441, 0.01229120697826147, 0.013016819022595882, 0.012906830757856369, 0.012585331685841084, 0.013027042150497437, 0.01267391536384821, 0.012525083497166634, 0.012786711566150188, 0.01284194178879261, 0.013003834523260593, 0.012516241520643234, 0.013131359592080116, 0.012748755514621735, 0.012947676703333855, 0.012358499690890312, 0.012485895305871964, 0.01223362609744072, 0.01249171793460846, 0.01269332505762577, 0.01281100045889616, 0.012382859364151955, 0.01272495649755001, 0.012439422309398651, 0.012322856113314629, 0.012445793487131596, 0.012679888866841793, 0.012463749386370182, 0.012286764569580555, 0.012141561135649681, 0.011912171728909016, 0.012478135526180267, 0.012314096093177795, 0.012322288937866688, 0.012127585709095001, 0.012024713680148125, 0.01245020143687725, 0.01178006548434496, 0.01178746297955513, 0.01186573226004839, 0.012141513638198376, 0.011565685272216797, 0.011840907856822014, 0.01171273086220026, 0.011903421953320503, 0.011464540846645832, 0.01182236336171627, 0.011589393950998783, 0.011385261081159115, 0.0115221431478858, 0.01154933962970972, 0.011732538230717182, 0.011449255980551243, 0.012003055773675442, 0.011429383419454098, 0.01145962718874216, 0.011728853918612003, 0.011435805819928646, 0.011642225086688995, 0.011422799900174141, 0.011287905275821686, 0.011540836654603481, 0.011649919673800468, 0.011190684512257576, 0.011754070408642292, 0.011306099593639374, 0.011498563922941685, 0.011764022521674633, 0.011374052613973618, 0.011163908056914806, 0.011335937306284904, 0.011238707229495049, 0.011165445670485497, 0.010762297548353672, 0.011151361279189587, 0.011168442666530609, 0.01133346650749445, 0.011036805808544159], "CustomMetrics_Mid_rectangles": [0.015179011039435863, 0.014027446508407593, 0.012656676582992077, 0.012482951395213604, 0.012110436335206032, 0.011815461330115795, 0.01162980031222105, 0.011432799510657787, 0.011872876435518265, 0.011748352088034153, 0.011488839983940125, 0.011734946630895138, 0.011463928036391735, 0.011332228779792786, 0.011455699801445007, 0.011475209146738052, 0.011541741900146008, 0.011199585162103176, 0.011619465425610542, 0.01131386961787939, 0.011456054635345936, 0.011033975519239902, 0.011184489354491234, 0.010903248563408852, 0.011108548380434513, 0.011233816854655743, 0.011295457370579243, 0.011028530076146126, 0.011137724854052067, 0.011030437424778938, 0.010865306481719017, 0.010972533375024796, 0.011123537085950375, 0.01092209480702877, 0.010897697880864143, 0.01073384378105402, 0.01059751957654953, 0.010971932671964169, 0.010784551501274109, 0.010845237411558628, 0.01075401809066534, 0.010630388744175434, 0.010924044996500015, 0.010493285953998566, 0.010464467108249664, 0.010464977473020554, 0.010706496424973011, 0.010317772626876831, 0.01051632035523653, 0.010372255928814411, 0.010479375720024109, 0.01023062039166689, 0.01046761218458414, 0.010311012156307697, 0.010103845968842506, 0.010249380022287369, 0.010234992951154709, 0.010396680794656277, 0.010070894844830036, 0.010442097671329975, 0.010179512202739716, 0.010119999758899212, 0.010350699536502361, 0.010098603554069996, 0.010267548263072968, 0.010059039108455181, 0.0100328978151083, 0.010174153372645378, 0.010246573947370052, 0.009908534586429596, 0.01031826063990593, 0.01001637801527977, 0.010078285820782185, 0.01025058887898922, 0.010101906023919582, 0.0099309291690588, 0.010039054788649082, 0.009935759007930756, 0.00988369807600975, 0.00968727096915245, 0.00984879583120346, 0.009915974922478199, 0.009884033352136612, 0.009639307856559753], "CustomMetrics_Huge_rectangles": [0.005186246242374182, 0.002835941733792424, 0.00206263386644423, 0.0019553944002836943, 0.0017375122988596559, 0.0016929354751482606, 0.0019084684317931533, 0.0018059072317555547, 0.001861744443885982, 0.001821549260057509, 0.0016972367884591222, 0.0018041004659608006, 0.0016877611633390188, 0.001658469089306891, 0.0017408608691766858, 0.0017168257618322968, 0.001786320237442851, 0.0016031638951972127, 0.0018559015588834882, 0.0016640424728393555, 0.001660267822444439, 0.0014976828824728727, 0.0016708612674847245, 0.0015143339987844229, 0.001623676740564406, 0.001633319421671331, 0.0016358926659449935, 0.0016743228770792484, 0.0015927482163533568, 0.0015679377829656005, 0.001526295905932784, 0.001644840813241899, 0.0016169659793376923, 0.00152566097676754, 0.0014970320044085383, 0.0015596620505675673, 0.0014007851714268327, 0.0016594784101471305, 0.0015440654242411256, 0.0016213933704420924, 0.0016702141147106886, 0.0014744382351636887, 0.001697359955869615, 0.001462274231016636, 0.0013554270844906569, 0.0014181876322254539, 0.00160623574629426, 0.0013679054100066423, 0.0015332360053434968, 0.0014451193856075406, 0.001507144421339035, 0.0013146845158189535, 0.0014600828289985657, 0.0014195286203175783, 0.0013421806506812572, 0.0013508973643183708, 0.0013765417970716953, 0.0015145611250773072, 0.0015326390275731683, 0.0015632223803550005, 0.0014592810766771436, 0.0012962688924744725, 0.0014463852858170867, 0.0014159948332235217, 0.0014047878794372082, 0.0014488192973658442, 0.001538858632557094, 0.0015312564792111516, 0.0016025402583181858, 0.0012860633432865143, 0.0014889577869325876, 0.0014652935788035393, 0.0015346324071288109, 0.0015440585557371378, 0.0013116123154759407, 0.00132653652690351, 0.0015015754615888, 0.0013399027520790696, 0.001460211700759828, 0.0013199872337281704, 0.0014623245224356651, 0.0015611595008522272, 0.0014523020945489407, 0.0012368450406938791]}