{"CustomMetrics_Small_rectangles": [0.010140201076865196, 0.004897288046777248, 0.004750411957502365, 0.003936507273465395, 0.0035703100729733706, 0.0030326973646879196, 0.0031343388836830854, 0.003150506177917123, 0.003045195946469903, 0.0034336084499955177, 0.003151867538690567, 0.0032095054630190134, 0.002539512701332569, 0.002097792224958539, 0.0025307312607765198, 0.002216677414253354, 0.002432644134387374, 0.002313433913514018, 0.003117954358458519, 0.002056313678622246, 0.0021364078857004642, 0.003100453643128276, 0.002682868391275406, 0.003031017491593957, 0.0022873382549732924, 0.002552804769948125, 0.002740285126492381, 0.0027458667755126953, 0.002442852361127734, 0.0021888555493205786, 0.0030815505888313055, 0.0022629692684859037, 0.002248605014756322, 0.002921326784417033, 0.001736927661113441, 0.00418796157464385, 0.0020382984075695276, 0.0016254127258434892, 0.002257551997900009, 0.0018234910676255822, 0.0016269627958536148, 0.0017099191900342703, 0.002047793474048376, 0.0024469478521496058, 0.0013522065710276365, 0.001667379168793559, 0.0018984497291967273, 0.001654929481446743, 0.0014338656328618526, 0.002385020023211837, 0.002178572816774249, 0.0013582365354523063, 0.001254635863006115, 0.001906958525069058, 0.001403447357006371, 0.0011905543506145477, 0.0009646387188695371, 0.0018882914446294308, 0.0014793293084949255, 0.0010299409041181207, 0.0015719113871455193, 0.001254452858120203, 0.0011046663857996464, 0.0030169771052896976, 0.00105962622910738, 0.0013658581301569939, 0.0012764097191393375], "CustomMetrics_Mid_rectangles": [0.009320206940174103, 0.0029889896977692842, 0.0030562274623662233, 0.0023486954160034657, 0.0019965404644608498, 0.001620351686142385, 0.001554662361741066, 0.0014501189580187201, 0.0017143123550340533, 0.0017135912785306573, 0.001477590063586831, 0.0013989497674629092, 0.001292128348723054, 0.0007975376793183386, 0.0010090080322697759, 0.0010054272133857012, 0.0010146257700398564, 0.0009645707905292511, 0.0012908136704936624, 0.000929350673686713, 0.0007426934316754341, 0.0015911390073597431, 0.0009966302895918489, 0.0014758520992472768, 0.0010358374565839767, 0.001119034830480814, 0.0009526571957394481, 0.0011449806625023484, 0.0012126846704632044, 0.0009284311672672629, 0.001229156507179141, 0.000920514517929405, 0.000995576148852706, 0.0011264057829976082, 0.0007650033803656697, 0.002105976454913616, 0.0011345692910254002, 0.000764667522162199, 0.001423839945346117, 0.0007510532741434872, 0.0009121004259213805, 0.0007057928596623242, 0.0011185238836333156, 0.0012634934391826391, 0.0007883063517510891, 0.0008902000263333321, 0.0007287616608664393, 0.0006592705613002181, 0.00044942821841686964, 0.0012566761579364538, 0.0009646426769904792, 0.0005999989225529134, 0.0007375070708803833, 0.0009549852693453431, 0.0007087454432621598, 0.0007591206813231111, 0.000632471579592675, 0.0008537489338777959, 0.0008340500644408166, 0.0005744462250731885, 0.0009692442254163325, 0.0005142069421708584, 0.000397844152757898, 0.0023531056940555573, 0.0005785801913589239, 0.0006705130799673498, 0.0005306871607899666], "CustomMetrics_Huge_rectangles": [0.001162086264230311, 0.0008593220263719559, 0.000490196980535984, 0.00048736738972365856, 0.0005756420432589948, 0.0002231608668807894, 0.00025858485605567694, 0.0001932480518007651, 0.000345597043633461, 0.00041840641642920673, 0.00021852711506653577, 0.00019390707893762738, 0.00015177488967310637, 9.213052544509992e-05, 0.00012541066098492593, 0.00010541507799644023, 0.000121466007840354, 0.00012421832070685923, 0.00015608395915478468, 0.00011108804756077006, 0.0002586997579783201, 0.0001595803623786196, 0.00015859476116020232, 9.158882312476635e-05, 0.00015275269106496125, 0.00014282236224971712, 0.00016879066242836416, 0.00028465205105021596, 0.00015051588707137853, 0.00021248531993478537, 0.00015573899145238101, 0.00018612663552630693, 0.00012445395987015218, 0.00025267104501836, 0.00015420485578943044, 0.00023754571157041937, 0.0001721064472803846, 0.00012595787120517343, 0.00018161089974455535, 0.00014114455552771688, 0.00015319944941438735, 0.00013622076949104667, 0.00034356690593995154, 0.00014615216059610248, 0.00014961569104343653, 0.0002085709711536765, 9.838549885898829e-05, 0.00012015541869914159, 0.00015823477588128299, 0.000269820389803499, 0.00014307405217550695, 0.000300368235912174, 0.00023666904598940164, 0.0002800503571052104, 0.00019301906286273152, 0.00013988376304041594, 0.0002447125152684748, 0.00016892892017494887, 0.00013848180242348462, 0.0002797848137561232, 0.00027271121507510543, 0.0002004396665142849, 0.00020216740085743368, 0.00030118884751573205, 0.0002580740547273308, 0.00023877724015619606, 0.0001607515150681138]}