{"CustomMetrics_Small_rectangles": [0.012053258717060089, 0.011580334976315498, 0.00913451611995697, 0.005944262258708477, 0.005367548204958439, 0.0049921986646950245, 0.004116303753107786, 0.0037635036278516054, 0.004239142406731844, 0.003951967693865299, 0.0038195038214325905, 0.0035059633664786816, 0.0033008595928549767, 0.0029735707212239504, 0.003872061613947153, 0.0035806286614388227, 0.0030961676966398954, 0.003422991605475545, 0.002691366709768772, 0.002953190356492996, 0.0028991871513426304, 0.002878097351640463, 0.002812484046444297, 0.0025735509116202593, 0.0025821984745562077, 0.002743016928434372, 0.0026948354206979275, 0.002525840885937214, 0.0022347376216202974, 0.0025130428839474916, 0.002845998853445053, 0.0024020771961659193, 0.002368859713897109, 0.0021991340909153223, 0.0019387337379157543, 0.001986339222639799, 0.0021884487941861153, 0.002276883227750659, 0.002061904175207019, 0.0021552329417318106, 0.0019357841229066253, 0.0026431556325405836, 0.002828039228916168, 0.0018687681294977665, 0.0018362895352765918, 0.001340846298262477, 0.001603604294359684, 0.001638013985939324, 0.0015868593472987413, 0.0016478786710649729, 0.0018405012087896466, 0.0012897654669359326, 0.0017256495775654912, 0.0016972500598058105, 0.0017417310737073421, 0.0020533332135528326, 0.002074247458949685, 0.0015032230876386166, 0.0013544298708438873, 0.0012673083692789078, 0.0016228287713602185, 0.0017100067343562841, 0.0018649938283488154, 0.0016366075724363327, 0.0014110766351222992, 0.0013096296461299062, 0.0013159222435206175, 0.001232141861692071, 0.0014958592364564538, 0.0015084388433024287, 0.0017908322624862194, 0.0020929044112563133, 0.0017276565777137876, 0.0016463547945022583, 0.0016462209168821573, 0.0012880272697657347, 0.0014070174656808376, 0.0013626195723190904, 0.001452011289075017, 0.001714974408969283, 0.0017553824000060558, 0.0016818703152239323, 0.0015012674266472459, 0.0016646810108795762, 0.0018941324669867754, 0.001359471003524959, 0.0018419006373733282], "CustomMetrics_Mid_rectangles": [0.011644715443253517, 0.011170262470841408, 0.007868862710893154, 0.005341240204870701, 0.0047842105850577354, 0.004352963995188475, 0.003485910827293992, 0.0033308668062090874, 0.003803643863648176, 0.003026677528396249, 0.0032672511879354715, 0.003002763958647847, 0.0026382547803223133, 0.002179592614993453, 0.0030087509658187628, 0.002693329006433487, 0.0021849574986845255, 0.0022729202173650265, 0.0020634480752050877, 0.0019186396384611726, 0.002077127108350396, 0.0017976578092202544, 0.0017688627121970057, 0.0019445940852165222, 0.0019516308093443513, 0.0017074657371267676, 0.0016570272855460644, 0.001817174139432609, 0.001208136323839426, 0.0014995061792433262, 0.0019446812802925706, 0.0014755810843780637, 0.0016090139979496598, 0.001297632697969675, 0.0010819085873663425, 0.001093429746106267, 0.001294625923037529, 0.0012939686421304941, 0.0012132879346609116, 0.0011311828857287765, 0.0009481671149842441, 0.0013443361967802048, 0.0016184538835659623, 0.001142585650086403, 0.0009747199364937842, 0.0006541201146319509, 0.0008261254406534135, 0.0008690039976499975, 0.0007348699728026986, 0.0007893450674600899, 0.000932654773350805, 0.0006872943486087024, 0.0007341919699683785, 0.0009124432690441608, 0.0009933070978149772, 0.0011539736296981573, 0.0009707047720439732, 0.0007311060908250511, 0.000733373686671257, 0.0009407540201209486, 0.0008069369359873235, 0.0008122610161080956, 0.0009027599589899182, 0.0008382610976696014, 0.0007873547729104757, 0.0006816571694798768, 0.0005359132192097604, 0.00064554886193946, 0.000790199963375926, 0.000778184796217829, 0.0008775110472925007, 0.000892079493496567, 0.000668416905682534, 0.0008866964490152895, 0.0008443224360235035, 0.0006116967997513711, 0.0007648207247257233, 0.000729747989680618, 0.0008442194084636867, 0.0007005294319242239, 0.0008478133240714669, 0.0008921786793507636, 0.0006945061613805592, 0.0007914876332506537, 0.0009336033836007118, 0.0006352220079861581, 0.0008055827929638326], "CustomMetrics_Huge_rectangles": [0.0029709916561841965, 0.0013913934817537665, 0.0011013105977326632, 0.0006405178573913872, 0.0005498238024301827, 0.0004787986690644175, 0.0004642398562282324, 0.000470955012133345, 0.000656630436424166, 0.00045408366713672876, 0.00044333431287668645, 0.0008035023347474635, 0.00028754796949215233, 0.00019520457135513425, 0.0003203084343113005, 0.0003410392382647842, 0.0003523390041664243, 0.000567632436286658, 0.00034832439268939197, 0.00021716841729357839, 0.0002511912025511265, 0.0002341349609196186, 0.00024310518347192556, 0.0002004864509217441, 0.0006043435423634946, 0.00026799392071552575, 0.0002284038782818243, 0.0003408357733860612, 0.0001296253176406026, 0.00020061460963916034, 0.0003230809234082699, 0.0001675228850217536, 0.00020746703376062214, 0.00021750196174252778, 0.00014335289597511292, 0.0001499798527220264, 0.00017140638374257833, 0.00016796216368675232, 0.00017949739412870258, 0.00010594055493129417, 9.691711602499709e-05, 0.00020920130191370845, 0.0003228674177080393, 0.00011725368676707149, 9.652122389525175e-05, 0.0001137230428867042, 0.00014615179679822177, 0.000245911069214344, 0.00012812751810997725, 9.845626482274383e-05, 0.00010393899719929323, 0.00013468861288856715, 9.183774818666279e-05, 0.00013841569307260215, 0.0001400832406943664, 0.00030619933386333287, 0.00010579695663182065, 0.00010677347745513543, 9.180734195979312e-05, 0.00011687175719998777, 0.00012133589189033955, 0.00013799832959193736, 0.00012522444012574852, 0.00013565811968874186, 0.00019603260443545878, 0.00010820288298418745, 8.77553757163696e-05, 0.00022775435354560614, 0.00019606064597610384, 0.0001474991295253858, 9.431481885258108e-05, 7.813914999132976e-05, 0.0001792131079128012, 0.00023701894679106772, 0.00010500115604372695, 0.0001694626553216949, 0.00014666037168353796, 0.00017783591465558857, 0.00011431414895923808, 0.00012663185771089047, 0.0001376428408548236, 0.00011012194590875879, 0.00010061979992315173, 8.548643381800503e-05, 0.00011707613157341257, 0.00015705317491665483, 0.00011719530448317528]}