{"CustomMetrics_Small_rectangles": [0.011715124361217022, 0.009934892877936363, 0.014082184992730618, 0.012627123855054379, 0.00792803056538105, 0.00736590102314949, 0.007460169959813356, 0.005990291479974985, 0.006377330515533686, 0.005942691117525101, 0.005834347568452358, 0.004407732747495174, 0.004264417104423046, 0.004367469809949398, 0.003767553251236677, 0.0040292516350746155, 0.0028331060893833637, 0.003142754314467311, 0.002791953505948186, 0.0035462481901049614, 0.0032984004355967045, 0.002419890835881233, 0.002584356814622879, 0.0029753113631159067, 0.0021565216593444347, 0.002184600103646517, 0.0025747709441930056, 0.001984039321541786, 0.0021241477224975824, 0.001850632019340992, 0.0023546910379081964, 0.002600405365228653, 0.0019593043252825737, 0.002016575075685978, 0.0018155378056690097, 0.001532626454718411, 0.0015997206792235374, 0.0025927491951733828, 0.001716297585517168, 0.0012591193662956357, 0.0017181278672069311, 0.001444679917767644, 0.0014702418120577931, 0.0018597522284835577, 0.0020112749189138412, 0.0017036998178809881, 0.0014747611712664366, 0.001937782857567072, 0.0014249221421778202, 0.0016205331776291132, 0.001661457004956901, 0.001677755848504603, 0.0012031247606500983, 0.0012368230381980538, 0.0016723921289667487, 0.0010729783680289984, 0.0014836315531283617, 0.0013341326266527176, 0.0009956563590094447, 0.0016560349613428116, 0.0015369796892628074, 0.0012618920300155878, 0.0012707858113572001, 0.0017098309472203255, 0.0011215915437787771, 0.0012135147117078304, 0.001254594069905579, 0.0009368901955895126, 0.0011392546584829688, 0.0013122428208589554, 0.0017732726410031319, 0.0010228180326521397, 0.0012904895702376962, 0.0016328456113114953, 0.0009024936589412391, 0.000927037326619029, 0.0009045192273333669, 0.0011706976220011711, 0.0009004612220451236, 0.0010406412184238434, 0.0010227790335193276, 0.0007263785810209811, 0.0011812434531748295, 0.0015966760693117976, 0.0010405764915049076, 0.0008835844346322119, 0.0007117436616681516, 0.001001164666377008, 0.0012349030002951622, 0.000822180591057986, 0.0010213530622422695, 0.001048161881044507, 0.0010308745549991727, 0.0009389668703079224, 0.0014622121816501021, 0.0008972088689915836, 0.0010412344709038734, 0.0008701165788806975, 0.0010912981815636158, 0.001023891381919384, 0.001187709392979741, 0.0015285378322005272, 0.0010065656388178468, 0.0012789583997800946, 0.0015281348023563623], "CustomMetrics_Mid_rectangles": [0.011152928695082664, 0.00965613592416048, 0.013577913865447044, 0.012403172440826893, 0.007465352304279804, 0.006900101900100708, 0.006616563536226749, 0.005386319011449814, 0.005262833554297686, 0.005009650252759457, 0.00484166294336319, 0.0033521957229822874, 0.003434144426137209, 0.0032946679275482893, 0.0027432593051344156, 0.0029858576599508524, 0.0020758809987455606, 0.002265393268316984, 0.0020137843675911427, 0.002574610523879528, 0.002363471081480384, 0.001778838923200965, 0.001629658043384552, 0.002006941009312868, 0.0014924881979823112, 0.0014607205521315336, 0.001650134101510048, 0.0013375281123444438, 0.001514104544185102, 0.0014120498672127724, 0.0016267352038994431, 0.0015423583099618554, 0.0012209310662001371, 0.0012518051080405712, 0.001137913903221488, 0.00109669950325042, 0.0011371690779924393, 0.0016117149498313665, 0.0011261322069913149, 0.0009768656454980373, 0.0010550637962296605, 0.0008507564198225737, 0.001057482324540615, 0.0010537173366174102, 0.001279504969716072, 0.0009705634438432753, 0.0008759470656514168, 0.001251805224455893, 0.001116928644478321, 0.0009266578126698732, 0.0009945043129846454, 0.00119487673509866, 0.0008783943485468626, 0.000715620000846684, 0.0009937627473846078, 0.0006625624373555183, 0.0009484276524744928, 0.0007935722824186087, 0.0005991333164274693, 0.0011485536815598607, 0.0009485884802415967, 0.0008909081225283444, 0.0006701461388729513, 0.0011111217318102717, 0.0010492020519450307, 0.0008589140488766134, 0.0006975732976570725, 0.0005637685535475612, 0.0009210153366439044, 0.0007906935643404722, 0.0010809066006913781, 0.0005697679007425904, 0.0007644264842383564, 0.0010412184055894613, 0.0005233147530816495, 0.0007740098517388105, 0.00047936724149622023, 0.0007059368654154241, 0.0006091406685300171, 0.0006550031248480082, 0.0006261849775910378, 0.0006019684951752424, 0.0008067846647463739, 0.0010362622560933232, 0.0006814569351263344, 0.00050574034685269, 0.0005911345360800624, 0.0005892420304007828, 0.0007136372150853276, 0.0006915121339261532, 0.0008161482401192188, 0.0006392390932887793, 0.0006056160200387239, 0.0006275635096244514, 0.0009553349809721112, 0.0005665371427312493, 0.0007635302026756108, 0.0005543634761124849, 0.0007010353729128838, 0.0005356390029191971, 0.0007489652489311993, 0.0010769962100312114, 0.0005172095261514187, 0.0006464357720687985, 0.0009987863013520837], "CustomMetrics_Huge_rectangles": [0.002675516763702035, 0.0011851534945890307, 0.0037789426278322935, 0.003071444807574153, 0.0009772920748218894, 0.0010487550171092153, 0.00123232149053365, 0.000691185996402055, 0.002766839461401105, 0.001260829740203917, 0.0008890644530765712, 0.0008596332045271993, 0.0009381187846884131, 0.0007898511248640716, 0.0006457869312725961, 0.001034859218634665, 0.0010419223690405488, 0.0009411443024873734, 0.0005879419040866196, 0.0011986285680904984, 0.0009457239648327231, 0.0007198916282504797, 0.0006740111857652664, 0.0006923574255779386, 0.0007682476425543427, 0.000537847459781915, 0.0009667324484325945, 0.0005684231291525066, 0.0004101691010873765, 0.00057017378276214, 0.0008231698302552104, 0.0009848902700468898, 0.0008097257814370096, 0.0007207183516584337, 0.0006152419955469668, 0.0004874490841757506, 0.00048675364814698696, 0.0008738311589695513, 0.0006867847987450659, 0.0005409150035120547, 0.0006048372597433627, 0.0005011143512092531, 0.0006165748927742243, 0.0006251026643440127, 0.0006989124231040478, 0.0007086605182848871, 0.0004220905830152333, 0.000557414663489908, 0.0006090680253691971, 0.00043694899068214, 0.0005352914449758828, 0.00043772277422249317, 0.00042704021325334907, 0.00045798899373039603, 0.0005369912250898778, 0.00030476777465082705, 0.00047859884216450155, 0.0005078140529803932, 0.0003594997397158295, 0.0007165993447415531, 0.0004374891286715865, 0.0003335356595925987, 0.00042833760380744934, 0.0006911285454407334, 0.0006623718654736876, 0.00041405027150176466, 0.00047753012040629983, 0.00035799649776890874, 0.0003813292132690549, 0.0003587490937206894, 0.0008154962561093271, 0.0003705695562530309, 0.0004062268417328596, 0.0006030829972587526, 0.0005290857516229153, 0.000370561087038368, 0.00047720791189931333, 0.0004114538023713976, 0.0004489929706323892, 0.00041962406248785555, 0.00037818439886905253, 0.000349349167663604, 0.0006687615532428026, 0.0004557791107799858, 0.000384104554541409, 0.0004957308410666883, 0.0004288611526135355, 0.00041645957389846444, 0.000443972647190094, 0.00043480965541675687, 0.0006069482187740505, 0.00042491662316024303, 0.00041531110764481127, 0.0003751954936888069, 0.00043895115959458053, 0.0005083614378236234, 0.00044316527782939374, 0.00037664087722077966, 0.00037017595604993403, 0.00035843680961988866, 0.0003869995998684317, 0.00038483183016069233, 0.00035706505877897143, 0.00042331492295488715, 0.0006351056508719921]}