{"CustomMetrics_Small_rectangles": [0.08993099629878998, 0.07696273922920227, 0.055125631392002106, 0.02546313777565956, 0.019733812659978867, 0.021339159458875656, 0.017972728237509727, 0.016088470816612244, 0.015904493629932404, 0.013967795297503471, 0.01112180296331644, 0.009842426516115665, 0.011415885761380196, 0.010593007318675518, 0.008580140769481659, 0.009673772379755974, 0.00907448586076498, 0.009525511413812637, 0.008353075012564659, 0.00937748234719038, 0.008259931579232216, 0.009007841348648071, 0.008246086537837982, 0.008710097521543503, 0.009147881530225277, 0.008336172439157963, 0.008010754361748695, 0.0075880358926951885, 0.008136927150189877, 0.009185110218822956, 0.008411173708736897, 0.008230246603488922, 0.008562705479562283, 0.007937084883451462, 0.00869374256581068, 0.00737265357747674, 0.008287297561764717, 0.008408636786043644, 0.0076586054638028145, 0.007947838865220547, 0.007484728936105967, 0.0075064292177557945, 0.007686339784413576, 0.00832334253937006, 0.008179894648492336, 0.008561513386666775, 0.007304116617888212, 0.007645256817340851, 0.007878300733864307, 0.009598802775144577, 0.008150540292263031, 0.009150329045951366, 0.007529452443122864, 0.00837317481637001, 0.010622644796967506, 0.007248185575008392, 0.008346236310899258, 0.007449970114976168, 0.007700534537434578, 0.008705765008926392, 0.00878999289125204, 0.007465909235179424, 0.008051350712776184, 0.007810879964381456, 0.00802590511739254, 0.008381410501897335, 0.00858108326792717, 0.007131869904696941, 0.008499006740748882, 0.008100749924778938, 0.008485106751322746, 0.010034372098743916, 0.008504298515617847, 0.007996663451194763, 0.008569696918129921, 0.008755293674767017, 0.008142379112541676, 0.008847138844430447, 0.007622183300554752, 0.009389026090502739, 0.009078968316316605, 0.0078091807663440704, 0.008508531376719475, 0.008352356031537056, 0.007688936777412891, 0.00881847832351923, 0.007663607597351074, 0.009515109471976757, 0.007936249487102032, 0.008712220005691051, 0.008759482763707638, 0.007452993653714657, 0.00743202306330204, 0.00859655998647213, 0.008796320296823978, 0.009398183785378933, 0.007873577065765858, 0.008598563261330128, 0.008899586275219917], "CustomMetrics_Mid_rectangles": [0.06162363290786743, 0.043014317750930786, 0.032007474452257156, 0.01577276922762394, 0.012260902673006058, 0.014079566113650799, 0.012208119034767151, 0.01072448119521141, 0.01100816112011671, 0.00956671591848135, 0.007899409160017967, 0.007384475786238909, 0.008049385622143745, 0.007533609867095947, 0.006850144360214472, 0.007053076755255461, 0.007009110413491726, 0.006937199272215366, 0.006546303164213896, 0.006752148736268282, 0.006201905198395252, 0.006949361879378557, 0.006105958949774504, 0.006251190789043903, 0.006604405585676432, 0.005935759283602238, 0.005746576935052872, 0.005864564795047045, 0.005657554604113102, 0.006259815767407417, 0.005724649876356125, 0.005648668389767408, 0.005510468501597643, 0.005577738396823406, 0.005713553633540869, 0.005123525392264128, 0.005520902574062347, 0.00559514993801713, 0.005136305466294289, 0.005020419601351023, 0.004948833491653204, 0.00493343360722065, 0.004977410659193993, 0.0053265029564499855, 0.005164684262126684, 0.005298654083162546, 0.00532599026337266, 0.0054436903446912766, 0.0057870764285326, 0.005704908166080713, 0.005186168942600489, 0.005706332623958588, 0.004930410999804735, 0.00523048872128129, 0.006743602454662323, 0.004885666072368622, 0.005361529998481274, 0.0049268463626503944, 0.005071321036666632, 0.005637744907289743, 0.005499172490090132, 0.005157756619155407, 0.005374326836317778, 0.005139267537742853, 0.005284409504383802, 0.005411593243479729, 0.005223472602665424, 0.0052194190211594105, 0.005459917709231377, 0.005720315035432577, 0.0052479347214102745, 0.006262438837438822, 0.005912393797188997, 0.005283975973725319, 0.0052972640842199326, 0.005507761612534523, 0.005527336150407791, 0.005620564799755812, 0.005110069178044796, 0.00584820844233036, 0.00592277105897665, 0.005126618780195713, 0.00559449614956975, 0.0053781382739543915, 0.00558427395299077, 0.0056230477057397366, 0.004969309084117413, 0.006180823314934969, 0.0055056470446288586, 0.0057273609563708305, 0.005665666423738003, 0.005007144529372454, 0.004874740727245808, 0.005481484346091747, 0.006167672108858824, 0.00600956566631794, 0.005783689673990011, 0.00581106124445796, 0.0060570756904780865], "CustomMetrics_Huge_rectangles": [0.07401187717914581, 0.020844368264079094, 0.011069655418395996, 0.01320641115307808, 0.008590000681579113, 0.005003719590604305, 0.004094211850315332, 0.004375036805868149, 0.003935402724891901, 0.0033271422144025564, 0.0032707503996789455, 0.003112643491476774, 0.0029323194175958633, 0.0023564014118164778, 0.002504661912098527, 0.0021393143106251955, 0.0018354695057496428, 0.0021081396844238043, 0.0017594071105122566, 0.0016841759206727147, 0.001556545845232904, 0.0017694189446046948, 0.0015834270743653178, 0.0016396029386669397, 0.0012760786339640617, 0.0013445771764963865, 0.0014417348429560661, 0.002288769232109189, 0.0014310904080048203, 0.0015233027515932918, 0.0017902525141835213, 0.0014301255578175187, 0.0015738391084596515, 0.0013729508500546217, 0.0013306669425219297, 0.0014706861693412066, 0.0013861985644325614, 0.001101143890991807, 0.0013155705528333783, 0.0016165010165423155, 0.0012794432695955038, 0.001336149056442082, 0.001305758603848517, 0.0012220495846122503, 0.0013938754564151168, 0.0017295738216489553, 0.001918143592774868, 0.001577874762006104, 0.002202695468440652, 0.0012761340476572514, 0.0014753263676539063, 0.0015489945653825998, 0.0012909247307106853, 0.00168967479839921, 0.0019161015516147017, 0.0014107919996604323, 0.0013623021077364683, 0.0012550425017252564, 0.0012338630622252822, 0.0015936946729198098, 0.0013754513347521424, 0.0018107102951034904, 0.0013619521632790565, 0.001425152295269072, 0.001078609493561089, 0.0016214731149375439, 0.0017676365096122026, 0.0017492041224613786, 0.001913490705192089, 0.0016320416470989585, 0.0018668968696147203, 0.0016178777441382408, 0.001510671922005713, 0.0012715269112959504, 0.001449491479434073, 0.0015768741723150015, 0.0013295862590894103, 0.0017810758436098695, 0.001396266045048833, 0.002082803286612034, 0.0019058281322941184, 0.00120505690574646, 0.0016106495168060064, 0.001184728811495006, 0.0021261735819280148, 0.001811336725950241, 0.0015715511981397867, 0.001513089518994093, 0.0018333445768803358, 0.0017298832535743713, 0.0010787004139274359, 0.001322557800449431, 0.0012674328172579408, 0.0013378966832533479, 0.001916288398206234, 0.0016382535686716437, 0.003283998928964138, 0.0013435346772894263, 0.0023865820840001106]}