{"CustomMetrics_Small_rectangles": [0.04398948699235916, 0.03120080940425396, 0.02843826450407505, 0.02575743943452835, 0.018287695944309235, 0.015797004103660583, 0.0133738424628973, 0.014760637655854225, 0.012897252105176449, 0.013993587344884872, 0.012598644942045212, 0.011673183180391788, 0.009498725645244122, 0.009400906972587109, 0.010042301379144192, 0.009792336262762547, 0.009653677232563496, 0.00940674263983965, 0.00981614924967289, 0.009722193703055382, 0.009497069753706455, 0.0088731674477458, 0.012152004055678844, 0.010527822189033031, 0.00852949358522892, 0.008510938845574856, 0.00859105121344328, 0.009624555706977844, 0.009424326941370964, 0.01017408911138773, 0.012743351049721241, 0.010666524060070515, 0.008425729349255562, 0.009079672396183014, 0.01003666128963232, 0.009563848376274109, 0.008962667547166348, 0.009915278293192387, 0.009504873305559158, 0.010460988618433475, 0.010645236819982529, 0.00831917580217123, 0.008794284425675869, 0.010253705084323883, 0.010788662359118462, 0.0077734338119626045, 0.010792048647999763, 0.009142020717263222, 0.009235816076397896, 0.0071835387498140335, 0.00824042409658432, 0.0060430848971009254, 0.0071061537601053715, 0.007897590287029743, 0.007931830361485481, 0.006084903609007597, 0.006633239332586527, 0.008007479831576347, 0.008161203935742378, 0.00660488149151206, 0.005740358028560877, 0.0062132542952895164, 0.006968516390770674, 0.006734458263963461, 0.007469475269317627, 0.005315058398991823, 0.005650562699884176, 0.006299229338765144, 0.005838579498231411, 0.00557290343567729, 0.005391445942223072, 0.004895694088190794, 0.005154179874807596, 0.0054388209246098995, 0.005086852703243494, 0.0052596209570765495, 0.005802964325994253, 0.005093651358038187, 0.0067997523583471775, 0.005767666269093752, 0.007057405076920986, 0.004832257516682148, 0.004537686705589294, 0.005289153661578894, 0.0045336224138736725, 0.004653315059840679, 0.004813590086996555, 0.005355495493859053, 0.004306646529585123, 0.0050284224562346935, 0.003955172840505838, 0.004553699865937233, 0.0044561224058270454, 0.00461761187762022, 0.003610576968640089, 0.003726885188370943, 0.00411243224516511, 0.0041976324282586575, 0.004230319522321224, 0.004181874915957451, 0.006347437854856253, 0.004760465119034052, 0.003974751103669405, 0.00354752573184669, 0.004637415520846844, 0.003996469546109438, 0.00446769455447793, 0.003965104464441538, 0.004020083695650101], "CustomMetrics_Mid_rectangles": [0.027908382937312126, 0.021181831136345863, 0.02182665280997753, 0.019138693809509277, 0.013319243676960468, 0.011628098785877228, 0.010631612502038479, 0.011220716871321201, 0.010254915803670883, 0.011025404557585716, 0.010120444931089878, 0.009510011412203312, 0.007593081798404455, 0.00746484100818634, 0.007842053659260273, 0.007824759930372238, 0.007650626357644796, 0.0075409067794680595, 0.0076515222899615765, 0.0073984828777611256, 0.007125454023480415, 0.0062806145288050175, 0.009146648459136486, 0.007953286170959473, 0.006249017082154751, 0.006023742258548737, 0.005921275354921818, 0.006368782836943865, 0.0063784425146877766, 0.006330025848001242, 0.00818919949233532, 0.006927636452019215, 0.005811357405036688, 0.005652306601405144, 0.006326730828732252, 0.006696419324725866, 0.005513481795787811, 0.006091785617172718, 0.0058333915658295155, 0.0066858627833426, 0.0069914935156702995, 0.005487539805471897, 0.00567153375595808, 0.006214393302798271, 0.007054588757455349, 0.0053223371505737305, 0.006890014745295048, 0.006056174170225859, 0.006250392645597458, 0.004761053714901209, 0.005831636488437653, 0.004461981356143951, 0.004885582253336906, 0.005616682581603527, 0.00572996586561203, 0.00416623055934906, 0.004674751777201891, 0.005788103677332401, 0.0059013571590185165, 0.004648562055081129, 0.004153842572122812, 0.004406447988003492, 0.005331605672836304, 0.004795245826244354, 0.00549197057262063, 0.00403103930875659, 0.00411000894382596, 0.004809953272342682, 0.004426032770425081, 0.004352468065917492, 0.004183766432106495, 0.00378103693947196, 0.00394048448652029, 0.004371778108179569, 0.004568980075418949, 0.004112681373953819, 0.004608276300132275, 0.003977224696427584, 0.005064666271209717, 0.004944986663758755, 0.00534476526081562, 0.004041789565235376, 0.003900673007592559, 0.004029948264360428, 0.0037573680747300386, 0.003770100651308894, 0.003946331329643726, 0.004053968470543623, 0.0034882258623838425, 0.004016336984932423, 0.003552277572453022, 0.0037523512728512287, 0.003663084702566266, 0.003706941846758127, 0.0034137649927288294, 0.0034755123779177666, 0.0033717427868396044, 0.003624534234404564, 0.003934836946427822, 0.003507985733449459, 0.0047417301684618, 0.0036721567157655954, 0.003560635494068265, 0.0029810224659740925, 0.003965929616242647, 0.003431999357417226, 0.0034900677856057882, 0.0032899740617722273, 0.003648747457191348], "CustomMetrics_Huge_rectangles": [0.030961783602833748, 0.010851463302969933, 0.005021268967539072, 0.0029967783484607935, 0.0021381592378020287, 0.0018397285602986813, 0.0017453012987971306, 0.0017836411716416478, 0.0017354460433125496, 0.0017967470921576023, 0.0016211987240239978, 0.0013839940074831247, 0.001651895814575255, 0.0012630794662982225, 0.0013784655602648854, 0.00162900285795331, 0.0017650272930040956, 0.0017547023016959429, 0.0013034214498475194, 0.0014771450078114867, 0.0012968084774911404, 0.0015093698166310787, 0.0018345033749938011, 0.001650360063649714, 0.0012180053163319826, 0.0015845242887735367, 0.0013699698029085994, 0.0017008506692945957, 0.0012545736972242594, 0.0014082595007494092, 0.0016889262478798628, 0.001233959454111755, 0.0017782687209546566, 0.0012535977875813842, 0.0024898583069443703, 0.0015775837237015367, 0.00118947250302881, 0.0011981339193880558, 0.0011865771375596523, 0.001033404958434403, 0.0013739712303504348, 0.0012136810692027211, 0.000782543036621064, 0.0010650852927938104, 0.0014364015078172088, 0.0016477402532473207, 0.0015650292625650764, 0.0009762287954799831, 0.001031458959914744, 0.0008933684439398348, 0.000847433228045702, 0.0009034006507135928, 0.0007807392976246774, 0.0010655478108674288, 0.0009126916993409395, 0.0008689734968356788, 0.0007792231044732034, 0.0009238493512384593, 0.0011165115283802152, 0.0016837217845022678, 0.0008897648076526821, 0.0011710776016116142, 0.0009412065264768898, 0.000900997722055763, 0.0007836834411136806, 0.0013718722620978951, 0.0007405450451187789, 0.0008939763647504151, 0.0006065374473109841, 0.0006842358270660043, 0.0006475390400737524, 0.0005472025368362665, 0.000781558919698, 0.0007583629922010005, 0.0013864777283743024, 0.0004200025578029454, 0.0007781005115248263, 0.000648709072265774, 0.0012039353605359793, 0.0006015767576172948, 0.0017532837809994817, 0.0006204567616805434, 0.0007218978134915233, 0.0007996506756171584, 0.0005719379987567663, 0.0005130928475409746, 0.0008169522625394166, 0.0009384714066982269, 0.00040718092350289226, 0.0006901008891873062, 0.0007438038010150194, 0.0006919756415300071, 0.0011659348383545876, 0.0010597723303362727, 0.0006284092087298632, 0.0005781023064628243, 0.0005972011131234467, 0.0005111413775011897, 0.0006501574534922838, 0.0006584448856301606, 0.0007244303124025464, 0.0007024483638815582, 0.0004949418362230062, 0.00034294163924641907, 0.0005593468667939305, 0.00036417419323697686, 0.0006797410314902663, 0.0006951556424610317, 0.000753471627831459]}