{"CustomMetrics_Small_rectangles": [0.014911426231265068, 0.015098696574568748, 0.013821580447256565, 0.014012635685503483, 0.01357713807374239, 0.012552497908473015, 0.013113899156451225, 0.012510977685451508, 0.013139231130480766, 0.012335958890616894, 0.014697877690196037, 0.01327169593423605, 0.012631268240511417, 0.012491589412093163, 0.011372861452400684, 0.01271098479628563, 0.011489246040582657, 0.014013401232659817, 0.011704271659255028, 0.013026195578277111, 0.012895661406219006, 0.01354089006781578, 0.014151673763990402, 0.013190132565796375, 0.012553523294627666, 0.012273581698536873, 0.013062626123428345, 0.012225358746945858, 0.012688479386270046, 0.012905274517834187, 0.012544446624815464, 0.012196969240903854, 0.01127297431230545, 0.013141224160790443, 0.012438644655048847, 0.01145683228969574, 0.012302286922931671, 0.01180290523916483, 0.01061267964541912, 0.011012029834091663, 0.011086744256317616, 0.011845828033983707, 0.011387755163013935, 0.011275778524577618, 0.010277723893523216, 0.011598548851907253, 0.010682180523872375, 0.010774959810078144, 0.011810212396085262, 0.011692017316818237, 0.01131496112793684, 0.0107469093054533, 0.012205659411847591, 0.010684043169021606, 0.010691381990909576, 0.01042631920427084, 0.011754855513572693], "CustomMetrics_Mid_rectangles": [0.014316152781248093, 0.01448444277048111, 0.014055491425096989, 0.013855889439582825, 0.01332295872271061, 0.012653813697397709, 0.012323402799665928, 0.011465971358120441, 0.011532451026141644, 0.011067450046539307, 0.012832511216402054, 0.012252314016222954, 0.011930913664400578, 0.011011563241481781, 0.010440805926918983, 0.011143810115754604, 0.010189827531576157, 0.012715976685285568, 0.010328386910259724, 0.011505941860377789, 0.011309430934488773, 0.011502373032271862, 0.012122181244194508, 0.011683127842843533, 0.011122515425086021, 0.010903120040893555, 0.011359057389199734, 0.01080369483679533, 0.011190233752131462, 0.011186077259480953, 0.011040464974939823, 0.01063842698931694, 0.010005494579672813, 0.011437218636274338, 0.010860061272978783, 0.009903842583298683, 0.01090521365404129, 0.010518894530832767, 0.009587058797478676, 0.009951026178896427, 0.00994651485234499, 0.010525709018111229, 0.01019737683236599, 0.010019703768193722, 0.009277786128222942, 0.010350438766181469, 0.009628363884985447, 0.009812586009502411, 0.010464387014508247, 0.010604721494019032, 0.010476784780621529, 0.0098598413169384, 0.01103136781603098, 0.009772839024662971, 0.009931107051670551, 0.009556339122354984, 0.010493886657059193], "CustomMetrics_Huge_rectangles": [0.0031905092764645815, 0.0030459773261100054, 0.002880456391721964, 0.0025896579027175903, 0.0024377095978707075, 0.0025518774054944515, 0.0022546928375959396, 0.002100956393405795, 0.002239724388346076, 0.001834774506278336, 0.0020700800232589245, 0.002108675427734852, 0.0023891236633062363, 0.001817231299355626, 0.001548915053717792, 0.0014597257832065225, 0.0015469942009076476, 0.0019412668189033866, 0.0011347902473062277, 0.0015986092621460557, 0.0015857104444876313, 0.0016695369267836213, 0.0019809564109891653, 0.0015403467696160078, 0.0014631510712206364, 0.0013227562885731459, 0.0015361544210463762, 0.001341910450719297, 0.0011512417113408446, 0.001583095989190042, 0.00119970238301903, 0.001257285475730896, 0.001117431907914579, 0.0014547932660207152, 0.001334342872723937, 0.001192959025502205, 0.0013602403923869133, 0.0013582914834842086, 0.0010102854575961828, 0.0011053715134039521, 0.0013078168267384171, 0.0014081529807299376, 0.0012087678769603372, 0.0010747310006991029, 0.0009519209852442145, 0.0013361229794099927, 0.001134516322053969, 0.0011724664364010096, 0.0012356642400845885, 0.001228101784363389, 0.0011804249370470643, 0.0013485640520229936, 0.0014514587819576263, 0.0010343538597226143, 0.0010749386856332421, 0.0010397109435871243, 0.001401110552251339]}