{"CustomMetrics_Small_rectangles": [0.040400054305791855, 0.02696930430829525, 0.024246273562312126, 0.03034757263958454, 0.01728830114006996, 0.022662466391921043, 0.0165606327354908, 0.014979436993598938, 0.019663827493786812, 0.013421631418168545, 0.014426848851144314, 0.013797412626445293, 0.01302147377282381, 0.014950903132557869, 0.013501279056072235, 0.013689104467630386, 0.012542220763862133, 0.012989206239581108, 0.01578626222908497, 0.013290117494761944, 0.012968998402357101, 0.012001600116491318, 0.013822237029671669, 0.012288425117731094, 0.011353831738233566, 0.01251100655645132, 0.012057952582836151, 0.01185136940330267, 0.013890529982745647, 0.011304753832519054, 0.012418674305081367, 0.012069902382791042, 0.011033608578145504, 0.012386724352836609, 0.010752728208899498, 0.0112675242125988, 0.012224429287016392, 0.011170477606356144, 0.011517754755914211, 0.010542931966483593, 0.011888973414897919, 0.011159892193973064, 0.010720472782850266, 0.010795872658491135, 0.010647839866578579, 0.011724716052412987, 0.011174970306456089, 0.01277395710349083, 0.010234014131128788, 0.010973047465085983, 0.00962497852742672, 0.009771106764674187, 0.010467820800840855, 0.009631362743675709, 0.010119756683707237, 0.010287761688232422, 0.011508028022944927, 0.010345282964408398, 0.009485476650297642, 0.009798973798751831, 0.012047515250742435, 0.009865062311291695, 0.00858856737613678, 0.00887458398938179, 0.010613581165671349, 0.010201528668403625, 0.010619043372571468, 0.008697266690433025, 0.00982419028878212, 0.00858299806714058, 0.009136592037975788, 0.008760161697864532, 0.008308924734592438, 0.008885580115020275, 0.00931337010115385, 0.008310893550515175, 0.007753359153866768, 0.008740125223994255, 0.008504615165293217, 0.009114505723118782, 0.008631114847958088, 0.00967092253267765, 0.008264300413429737, 0.008672126568853855, 0.008956629782915115, 0.00812647957354784, 0.008623205125331879, 0.008281880058348179, 0.008885539136826992, 0.011587057262659073], "CustomMetrics_Mid_rectangles": [0.04858763515949249, 0.028911501169204712, 0.02458091452717781, 0.028442908078432083, 0.019830618053674698, 0.023559710010886192, 0.01604330725967884, 0.017088092863559723, 0.02114962786436081, 0.015137454494833946, 0.013896421529352665, 0.014020600356161594, 0.013619137927889824, 0.014550269581377506, 0.012248632498085499, 0.012652995064854622, 0.012708361260592937, 0.012694076634943485, 0.01347857341170311, 0.012632625177502632, 0.01251714862883091, 0.011606805957853794, 0.012839842587709427, 0.01264139637351036, 0.011370118707418442, 0.011545191518962383, 0.011421767994761467, 0.01200825721025467, 0.013227265328168869, 0.011024362407624722, 0.011354101821780205, 0.011086266487836838, 0.010833386331796646, 0.01134757325053215, 0.011141857132315636, 0.01044207252562046, 0.010772015899419785, 0.010459011420607567, 0.010471518151462078, 0.009867389686405659, 0.01065973099321127, 0.009881474077701569, 0.009678885340690613, 0.009580954909324646, 0.009507742710411549, 0.009873583912849426, 0.009433262050151825, 0.01035204529762268, 0.008710458874702454, 0.009370414540171623, 0.008633698336780071, 0.008446051739156246, 0.009055383503437042, 0.008481101132929325, 0.008623413741588593, 0.008638909086585045, 0.009535321965813637, 0.00863365177065134, 0.007757086772471666, 0.008055186830461025, 0.009266836568713188, 0.008321759290993214, 0.008198521099984646, 0.007891775108873844, 0.009023375809192657, 0.008608216419816017, 0.008377852849662304, 0.00761713832616806, 0.007908034138381481, 0.007370088715106249, 0.00781403947621584, 0.007780023384839296, 0.007494673132896423, 0.00768747553229332, 0.008202880620956421, 0.007896925322711468, 0.007013610098510981, 0.008868389762938023, 0.008485957980155945, 0.008711668662726879, 0.008173841051757336, 0.008737795054912567, 0.007818592712283134, 0.007837127894163132, 0.008348450064659119, 0.007374581880867481, 0.007793731987476349, 0.007477798033505678, 0.008484111167490482, 0.00980024877935648], "CustomMetrics_Huge_rectangles": [0.014433200471103191, 0.008833078667521477, 0.006198096554726362, 0.008718968369066715, 0.00370546942576766, 0.007521602790802717, 0.003518173936754465, 0.003307217499241233, 0.005011012777686119, 0.002880407264456153, 0.002382837701588869, 0.0026549790054559708, 0.0019550262950360775, 0.0030714015010744333, 0.0025814317632466555, 0.0018726406851783395, 0.0016163419932126999, 0.0019319845596328378, 0.0030109412036836147, 0.002099456498399377, 0.0019250726327300072, 0.0013651931658387184, 0.00240524485707283, 0.0023566533345729113, 0.001544464728794992, 0.001629575272090733, 0.0015544489724561572, 0.0018983617192134261, 0.0032298164442181587, 0.0013091872679069638, 0.0017061715479940176, 0.0015701220836490393, 0.0012678239727392793, 0.0017758908215910196, 0.0013733938103541732, 0.0013197791995480657, 0.001826691790483892, 0.0017357725882902741, 0.001623378717340529, 0.001129370415583253, 0.0017363220686092973, 0.0013330819783732295, 0.0011540476698428392, 0.0010868512326851487, 0.0011638053692877293, 0.0013600221136584878, 0.0013145493576303124, 0.0021074917167425156, 0.0010676869424059987, 0.0012191602727398276, 0.0009115692228078842, 0.0010347329080104828, 0.0011007825378328562, 0.0008939185063354671, 0.0010519883362576365, 0.001267012907192111, 0.001469249022193253, 0.0011227773502469063, 0.0008850574376992881, 0.0009728320874273777, 0.00159733765758574, 0.0009910641238093376, 0.0008106795721687376, 0.0008207248174585402, 0.001234756433404982, 0.0010703643783926964, 0.0015373685164377093, 0.0008101186249405146, 0.0011326157255098224, 0.0007802168256603181, 0.0007440143963322043, 0.0009905088227242231, 0.0007587952422909439, 0.0010497014736756682, 0.0008980505517683923, 0.0008304347284138203, 0.0005630063824355602, 0.0007382995099760592, 0.000746406614780426, 0.001065480406396091, 0.0007696065586060286, 0.0010080755455419421, 0.000738263304810971, 0.0008662889013066888, 0.0006092972471378744, 0.0007971557788550854, 0.0006980159669183195, 0.0006701084785163403, 0.0011994108790531754, 0.0019156677881255746]}