{"CustomMetrics_Small_rectangles": [0.3000796437263489, 0.19468583166599274, 0.11281651258468628, 0.0668678879737854, 0.04216853529214859, 0.035382915288209915, 0.033369649201631546, 0.023325838148593903, 0.021469030529260635, 0.019424084573984146, 0.02099619247019291, 0.017348211258649826, 0.017955150455236435, 0.01648462377488613, 0.016711045056581497, 0.014856061898171902, 0.014462319202721119, 0.015303056687116623, 0.015052655711770058, 0.013538903556764126, 0.013001528568565845, 0.012512843124568462, 0.012519415467977524, 0.012129377573728561, 0.011801247484982014, 0.011946417391300201, 0.0116498451679945, 0.012814861722290516, 0.011813846416771412, 0.01246562134474516, 0.012877024710178375, 0.01118955947458744, 0.01130726933479309, 0.010616227984428406, 0.010750962421298027, 0.01066080667078495, 0.010942003689706326, 0.010470295324921608, 0.01011989451944828, 0.010206938721239567, 0.009984633885324001, 0.00937570072710514, 0.012200308963656425, 0.01121060736477375, 0.010183666832745075, 0.010130041278898716, 0.009884508326649666, 0.010165778920054436, 0.009261426515877247, 0.00975132454186678, 0.010660538449883461, 0.008925101719796658, 0.008991607464849949, 0.012699649669229984, 0.010587970726191998, 0.010038210079073906, 0.008992101065814495, 0.010250586085021496, 0.010094009339809418, 0.010952573269605637, 0.009950741194188595, 0.010233177803456783, 0.009455555118620396, 0.012642054818570614, 0.011257833801209927, 0.008285540156066418], "CustomMetrics_Mid_rectangles": [0.19312207400798798, 0.1250329464673996, 0.05967313423752785, 0.040032725781202316, 0.02728930674493313, 0.025101900100708008, 0.024714764207601547, 0.01911883056163788, 0.016247056424617767, 0.013837789185345173, 0.016093799844384193, 0.012907599098980427, 0.01369902677834034, 0.012860534712672234, 0.012932682409882545, 0.011243215762078762, 0.011319346725940704, 0.011718262918293476, 0.012047389522194862, 0.010708111338317394, 0.010114132426679134, 0.009898265823721886, 0.009419002570211887, 0.009378504939377308, 0.009098127484321594, 0.009237118065357208, 0.00908591877669096, 0.00968807190656662, 0.009409547783434391, 0.009148170240223408, 0.010498832911252975, 0.008282236754894257, 0.008632895536720753, 0.008489163592457771, 0.008081082254648209, 0.008061121217906475, 0.00838694628328085, 0.008028694428503513, 0.008020720444619656, 0.007545257918536663, 0.008199412375688553, 0.007970098406076431, 0.008811092004179955, 0.008417146280407906, 0.00853799283504486, 0.007868953980505466, 0.007998999208211899, 0.008935511112213135, 0.00739617645740509, 0.0074227373115718365, 0.008299191482365131, 0.00758175877854228, 0.007453062105923891, 0.010211843065917492, 0.007990207523107529, 0.007944040931761265, 0.007488323841243982, 0.0075383614748716354, 0.007790862582623959, 0.007729833945631981, 0.00729044433683157, 0.008268098346889019, 0.007452905643731356, 0.009910843335092068, 0.008304769173264503, 0.007480920292437077], "CustomMetrics_Huge_rectangles": [0.24822206795215607, 0.1327759027481079, 0.059520576149225235, 0.044509392231702805, 0.031469251960515976, 0.015061733312904835, 0.00768698425963521, 0.009844311513006687, 0.006750855594873428, 0.005902986507862806, 0.004460275173187256, 0.006667844485491514, 0.0038766134530305862, 0.005033673718571663, 0.003932593856006861, 0.004072859417647123, 0.0031062085181474686, 0.004657821264117956, 0.00414685532450676, 0.0026171898934990168, 0.003080361522734165, 0.002946274820715189, 0.0034886253997683525, 0.0027262873481959105, 0.002527133794501424, 0.0033396659418940544, 0.002626465866342187, 0.003999438602477312, 0.003081756178289652, 0.004171847365796566, 0.0037026507779955864, 0.002217813627794385, 0.002271449426189065, 0.0020661938469856977, 0.0025384905748069286, 0.002663323190063238, 0.0026837827172130346, 0.0027661495842039585, 0.002033853903412819, 0.0018689821008592844, 0.0020256503485143185, 0.0018084717448800802, 0.004017459694296122, 0.0036417606752365828, 0.0022703802678734064, 0.002187812002375722, 0.0028013018891215324, 0.002379453042522073, 0.0019448731327429414, 0.003186774207279086, 0.002314904937520623, 0.0016483698273077607, 0.0018844641745090485, 0.004222187679260969, 0.0038247383199632168, 0.002498626010492444, 0.0019048183457925916, 0.002831975929439068, 0.0030687369871884584, 0.0034137312322854996, 0.00206666998565197, 0.00258576194755733, 0.002559346379712224, 0.0066353194415569305, 0.0032735129352658987, 0.0015517115825787187]}