{"CustomMetrics_Small_rectangles": [0.012582502327859402, 0.012006199918687344, 0.01127859577536583, 0.011565092019736767, 0.01158731710165739, 0.011055383831262589, 0.011127104051411152, 0.012499965727329254, 0.010753453709185123, 0.010975655168294907, 0.011804395355284214, 0.010757834650576115, 0.01081230491399765, 0.010173121467232704, 0.009906825609505177, 0.00986234936863184, 0.009469362907111645, 0.009251512587070465, 0.008455871604382992, 0.007687774486839771, 0.007531662005931139, 0.00739210844039917, 0.005450064316391945, 0.006350251846015453, 0.007756971754133701, 0.005121592897921801, 0.006802046671509743, 0.0053635635413229465, 0.005678060930222273, 0.005600812379270792, 0.005419252905994654, 0.004815467167645693, 0.006898126564919949, 0.005219675600528717, 0.005723550450056791, 0.005573957227170467, 0.005701025947928429, 0.005669939331710339, 0.004553235601633787, 0.0037921436596661806, 0.004557895008474588, 0.004988263361155987, 0.004169975873082876, 0.005073904525488615, 0.004509338177740574, 0.0037965173833072186, 0.0034304677974432707, 0.003851726884022355, 0.003459673374891281, 0.003739260835573077, 0.0035369389224797487, 0.003676735097542405, 0.005194950383156538, 0.004269624128937721, 0.004419305827468634, 0.004138888791203499, 0.004489468410611153, 0.004335363861173391, 0.0037077884189784527, 0.004192660097032785, 0.003358924761414528, 0.003491318551823497, 0.004019601736217737, 0.0035899553913623095, 0.003688680473715067, 0.004481423646211624, 0.004698790144175291, 0.0043231104500591755, 0.004971019923686981, 0.003701224457472563, 0.004958595149219036, 0.004438725300133228, 0.004264505114406347, 0.0034913835115730762, 0.0038837778847664595, 0.0037438503932207823, 0.00328616751357913, 0.0051977867260575294, 0.004146405961364508, 0.004429487511515617, 0.003562917932868004, 0.0038129882887005806, 0.0036371524911373854, 0.004385062493383884, 0.004023341927677393, 0.004164766054600477, 0.003569865133613348, 0.004253648221492767, 0.004819517023861408, 0.004048517905175686, 0.0038264826871454716, 0.004725007340312004, 0.00397292897105217, 0.003572657471522689, 0.004162420518696308], "CustomMetrics_Mid_rectangles": [0.012600726447999477, 0.012788225896656513, 0.011890063062310219, 0.011880441568791866, 0.011933580972254276, 0.011454328894615173, 0.011342000216245651, 0.012303423136472702, 0.011012515053153038, 0.011197215877473354, 0.011542443186044693, 0.010923598892986774, 0.010642721317708492, 0.009943261742591858, 0.009266580455005169, 0.009187641553580761, 0.008886599913239479, 0.008391514420509338, 0.0074151661247015, 0.0067220693454146385, 0.00600576214492321, 0.006552646867930889, 0.004749446175992489, 0.006272104103118181, 0.005723401438444853, 0.004460461903363466, 0.004926524590700865, 0.004528070334345102, 0.004938376601785421, 0.004552649334073067, 0.005128164775669575, 0.0039558568969368935, 0.006195053458213806, 0.004269341006875038, 0.0047170305624604225, 0.004372243769466877, 0.0047702849842607975, 0.005238215904682875, 0.004089497961103916, 0.0036585538182407618, 0.003826505271717906, 0.004111860413104296, 0.0034881308674812317, 0.004434874281287193, 0.003835716051980853, 0.0036527777556329966, 0.003237389959394932, 0.0031554196029901505, 0.0029744734056293964, 0.0032548110466450453, 0.0030742487870156765, 0.002827078104019165, 0.0045793792232871056, 0.003538304939866066, 0.004252568818628788, 0.0037433195393532515, 0.0035160004626959562, 0.004175850655883551, 0.0030420562252402306, 0.0032565484289079905, 0.0029722496401518583, 0.0027047868352383375, 0.0037386745680123568, 0.0028470936231315136, 0.0030329215805977583, 0.004429986234754324, 0.004315718077123165, 0.0036780580412596464, 0.0035108192823827267, 0.003284650621935725, 0.0041891345754265785, 0.0036059159319847822, 0.003298747818917036, 0.003075443208217621, 0.0032180980779230595, 0.0030570996459573507, 0.0022794189862906933, 0.005168556235730648, 0.003807367291301489, 0.003758440725505352, 0.0027129119262099266, 0.003777085803449154, 0.0028966187965124846, 0.00380088877864182, 0.003337083850055933, 0.0037057846784591675, 0.0032610949128866196, 0.003979022148996592, 0.0035354369319975376, 0.0035450556315481663, 0.003586540464311838, 0.004125693347305059, 0.0037500285543501377, 0.0034961982164531946, 0.003623292548581958], "CustomMetrics_Huge_rectangles": [0.0024096656125038862, 0.0022046868689358234, 0.001525307074189186, 0.0016302919248118997, 0.0016855199355632067, 0.0014711162075400352, 0.0013560568913817406, 0.001857300754636526, 0.0013195279752835631, 0.001384343602694571, 0.0017734264256432652, 0.0012271571904420853, 0.001248073996976018, 0.0009143630741164088, 0.0010213057976216078, 0.0010629115859046578, 0.0012285718694329262, 0.0009337625233456492, 0.0009264732361771166, 0.0010253603104501963, 0.0009817710379138589, 0.0007171138422563672, 0.0005725614610128105, 0.0009186312090605497, 0.0005711437552236021, 0.0004767475475091487, 0.0005774545134045184, 0.0006608626572415233, 0.0005825402913615108, 0.00036939597339369357, 0.0004478346963878721, 0.00042965440661646426, 0.000622380874119699, 0.0004883549991063774, 0.0006412923103198409, 0.0005022675031796098, 0.00048255012370646, 0.0004897930775769055, 0.000726838770788163, 0.0006661799270659685, 0.0004464424273464829, 0.0004408686945680529, 0.00043085505603812635, 0.00047551991883665323, 0.0005324799567461014, 0.0003602411306928843, 0.00027976642013527453, 0.0003618619230110198, 0.00022091748542152345, 0.00033092848025262356, 0.00024368353479076177, 0.0003233630850445479, 0.0004657036915887147, 0.000601508654654026, 0.00037405843613669276, 0.00042999821016564965, 0.0004903753288090229, 0.0005781554500572383, 0.00028467390802688897, 0.00043025202467106283, 0.00030669948318973184, 0.0003155695740133524, 0.00027049079653806984, 0.0002485171426087618, 0.00033602811163291335, 0.000583300890866667, 0.0005862070829607546, 0.000451679399702698, 0.000499680289067328, 0.0003939857124350965, 0.000390925066312775, 0.00032570422627031803, 0.000632049806881696, 0.00017325530643574893, 0.000241449786699377, 0.00026100556715391576, 0.0002805858093779534, 0.0004274335806258023, 0.00035492819733917713, 0.0003935283748432994, 0.00025542854564264417, 0.0003659847134258598, 0.00028918194584548473, 0.00022491819981951267, 0.000449887418653816, 0.00047812817501835525, 0.0002754315792117268, 0.0004217164823785424, 0.0004557062347885221, 0.0002604966866783798, 0.000321810832247138, 0.00029522451222874224, 0.00033350405283272266, 0.0004568216681946069, 0.00033984711626544595]}