{"CustomMetrics_Small_rectangles": [0.00947639625519514, 0.012858357280492783, 0.008302833884954453, 0.006501083727926016, 0.005716609302908182, 0.005622397176921368, 0.004542904440313578, 0.005223854910582304, 0.005157932173460722, 0.005543725099414587, 0.005420521833002567, 0.003890515770763159, 0.00449008122086525, 0.005157177802175283, 0.003990984056144953, 0.0038353879936039448, 0.0035292126704007387, 0.0031403922475874424, 0.0032647366169840097, 0.0032506927382200956, 0.003237510332837701, 0.0026349483523517847, 0.0028432360850274563, 0.0029493949841707945, 0.0025616176426410675, 0.0024063948076218367, 0.0023406152613461018, 0.0026013588067144156, 0.0024204589426517487, 0.002231868216767907, 0.0028094749432057142, 0.0023629763163626194, 0.00257044262252748, 0.0024744789116084576, 0.002509357174858451, 0.0025009489618241787, 0.0022473845165222883, 0.00242361961863935, 0.002253603655844927, 0.0021953992545604706, 0.0021902197040617466, 0.002195434644818306, 0.0019770432263612747, 0.0017312151612713933, 0.001931195380166173, 0.0019605900160968304, 0.0022688303142786026, 0.0017973660724237561, 0.0024549958761781454, 0.0018624367658048868, 0.0019567273557186127, 0.002048707567155361, 0.001728129805997014, 0.0018451245268806815, 0.0021121494937688112, 0.0019387996289879084, 0.0015140275936573744, 0.0018171005649492145, 0.0016780465375632048, 0.001647240947932005, 0.001955721527338028, 0.0022262686397880316, 0.0022580651566386223, 0.0019840230233967304, 0.0015808097086846828, 0.0015471918741241097, 0.001754234079271555, 0.0013524970272555947, 0.0014014531625434756, 0.0015653670998290181, 0.001657805754803121, 0.0012810685439035296, 0.0017247727373614907, 0.001320991083048284, 0.0012568224919959903, 0.0014176855329424143, 0.0016208859160542488], "CustomMetrics_Mid_rectangles": [0.010769437067210674, 0.00858595035970211, 0.005943122319877148, 0.0050116474740207195, 0.004642040003091097, 0.004202376585453749, 0.0033072615042328835, 0.003578987903892994, 0.0031992075964808464, 0.003422998357564211, 0.0032033585011959076, 0.002677102340385318, 0.0030697251204401255, 0.0028970777057111263, 0.002604379318654537, 0.0024065771140158176, 0.002572426339611411, 0.0022663138806819916, 0.00228562718257308, 0.0022275750525295734, 0.002056054538115859, 0.001990694785490632, 0.001971524441614747, 0.0021153574343770742, 0.001661133486777544, 0.0015498409047722816, 0.0015685654943808913, 0.0016527501866221428, 0.0015843568835407495, 0.0013745783362537622, 0.0017749243415892124, 0.0013407899532467127, 0.0015249545685946941, 0.001396241714246571, 0.0016423058696091175, 0.0014679915038868785, 0.0012852746294811368, 0.0012575183063745499, 0.001091680722311139, 0.0011504357680678368, 0.001137621351517737, 0.0010037663159891963, 0.001135545433498919, 0.0008239005692303181, 0.0009189703268930316, 0.0009425015887245536, 0.0011950880289077759, 0.0010608007432892919, 0.0014135966775938869, 0.0009932126849889755, 0.0009928479557856917, 0.001030688756145537, 0.000919116020668298, 0.0009668593411333859, 0.0010768104111775756, 0.0010980882216244936, 0.0007020158227533102, 0.000851072312798351, 0.0007445064256899059, 0.0007551361341029406, 0.0009035286493599415, 0.0012194319861009717, 0.001243581180460751, 0.0009701027302071452, 0.0008266014629043639, 0.0008274976862594485, 0.0010015018051490188, 0.0006550744292326272, 0.0007056835456751287, 0.0007414064020849764, 0.0007403263007290661, 0.000454478373285383, 0.0008743813377805054, 0.0006212520529516041, 0.0005665004136972129, 0.000973033718764782, 0.0009255718905478716], "CustomMetrics_Huge_rectangles": [0.0016940165078267455, 0.0008212109678424895, 0.0007331701926887035, 0.0006992132402956486, 0.0009354368667118251, 0.00053602788830176, 0.0005266885855235159, 0.000558591156732291, 0.0006561604677699506, 0.000518493470735848, 0.0006646965048275888, 0.00036532641388475895, 0.0005127720069140196, 0.0005356511101126671, 0.00026442730450071394, 0.000404945807531476, 0.0005201734020374715, 0.0002564958413131535, 0.0002717355964705348, 0.00034364243037998676, 0.0003193555457983166, 0.00030823214910924435, 0.000311629002681002, 0.00028275870135985315, 0.0002315902238478884, 0.000229583092732355, 0.00022149999858811498, 0.00029139878461137414, 0.0002034702047239989, 0.00018963067850563675, 0.0003088674566242844, 0.0002088130422635004, 0.00043796125100925565, 0.0002447787264827639, 0.00018268436542712152, 0.00022103909577708691, 0.000255703111179173, 0.0001717356062727049, 0.0002044420689344406, 0.0001858774048741907, 0.00017914285126607865, 0.00012137828161939979, 0.0002146356855519116, 0.00014056926011107862, 0.00019592973694670945, 0.0001375270658172667, 0.0001935438485816121, 0.0002944575680885464, 0.00017475201457273215, 0.0001653405633987859, 0.000205631586140953, 0.00014094694051891565, 0.00018730892043095082, 0.00014664174523204565, 0.0002539648558013141, 0.0001565076527185738, 0.00014658799045719206, 0.000163820935995318, 0.00010554812615737319, 0.00025186044513247907, 0.0002102251601172611, 0.0003474658296909183, 0.00033393679768778384, 0.00014627445489168167, 0.00014505187573377043, 0.00017129771003965288, 0.00019516465545166284, 0.00013351053348742425, 0.0001472492003813386, 0.0001800947793526575, 0.00018696529150474817, 0.00024076872796285897, 0.00021101144375279546, 0.00016065761155914515, 0.0001377620646962896, 0.00031240287353284657, 0.0003453298413660377]}