{"CustomMetrics_Small_rectangles": [0.037643108516931534, 0.029107481241226196, 0.024209391325712204, 0.025810858234763145, 0.019753126427531242, 0.016348501667380333, 0.015179755166172981, 0.015683019533753395, 0.01561590563505888, 0.015143521130084991, 0.013549418188631535, 0.013459545560181141, 0.012406336143612862, 0.012165095657110214, 0.012160856276750565, 0.011592923663556576, 0.01155866775661707, 0.011352579109370708, 0.011183629743754864, 0.010811013169586658, 0.011657596565783024, 0.011242038570344448, 0.011597479693591595, 0.011259428225457668, 0.010842053219676018, 0.011556142009794712, 0.011623360216617584, 0.011526967398822308, 0.01231932733207941, 0.011232146061956882, 0.011765925213694572, 0.011084639467298985, 0.011743065901100636, 0.013247027061879635, 0.011599265038967133, 0.011625031009316444, 0.010955089703202248, 0.011874943040311337, 0.011700932867825031, 0.011741227470338345, 0.0111657390370965, 0.011721096001565456, 0.013264120556414127, 0.010769987478852272, 0.011576289311051369, 0.00992199033498764, 0.011691891588270664, 0.011121994815766811, 0.011207159608602524, 0.014620025642216206, 0.011632871814072132, 0.01252014935016632, 0.013504094444215298, 0.011852052994072437, 0.011761698871850967, 0.011468165554106236, 0.01257783081382513, 0.012312497943639755, 0.01260681077837944, 0.011863542720675468], "CustomMetrics_Mid_rectangles": [0.037523724138736725, 0.025898586958646774, 0.021915454417467117, 0.021402740851044655, 0.017135972157120705, 0.01549819391220808, 0.014763608574867249, 0.01462121307849884, 0.014305934309959412, 0.014390277676284313, 0.013047941029071808, 0.012600758112967014, 0.011899559758603573, 0.011794839054346085, 0.011719174683094025, 0.011213819496333599, 0.01112763024866581, 0.010957606136798859, 0.010894420556724072, 0.010697911493480206, 0.010918729938566685, 0.010766587220132351, 0.01119694672524929, 0.010788329876959324, 0.010412582196295261, 0.01102957222610712, 0.010792232118546963, 0.010797219350934029, 0.011258041486144066, 0.011120504699647427, 0.011184440925717354, 0.010671013034880161, 0.010727175511419773, 0.011755319312214851, 0.010908419266343117, 0.010752389207482338, 0.010512971319258213, 0.011011010967195034, 0.010864196345210075, 0.010735844261944294, 0.010499225929379463, 0.010790468193590641, 0.011845128610730171, 0.01036220695823431, 0.01106027327477932, 0.009968647733330727, 0.011256045661866665, 0.010394812561571598, 0.010536272078752518, 0.013040980324149132, 0.010737057775259018, 0.011146927252411842, 0.013093092478811741, 0.010984725318849087, 0.010780983604490757, 0.01049740705639124, 0.011281180195510387, 0.010960455983877182, 0.012018082663416862, 0.010841535404324532], "CustomMetrics_Huge_rectangles": [0.01957876980304718, 0.01294945739209652, 0.009568662382662296, 0.008076455444097519, 0.005798564292490482, 0.00498330220580101, 0.004357513040304184, 0.0041618733666837215, 0.0037690491881221533, 0.003953011240810156, 0.003238654462620616, 0.0029857181943953037, 0.0025613855104893446, 0.0025451488327234983, 0.0025449029635638, 0.002274144208058715, 0.0022313387598842382, 0.002083008410409093, 0.002103411592543125, 0.0018797958036884665, 0.0021307130809873343, 0.002050570212304592, 0.0022234974894672632, 0.001964624971151352, 0.0017694220878183842, 0.002156095579266548, 0.0020195781253278255, 0.001974797109141946, 0.0023548174649477005, 0.002107791369780898, 0.00221705692820251, 0.0018265820108354092, 0.002066830638796091, 0.002664462896063924, 0.0020512009505182505, 0.001974662533029914, 0.0016972320154309273, 0.0021614558063447475, 0.002016355050727725, 0.001870636478997767, 0.0017519914545118809, 0.0018746786518022418, 0.002603574888780713, 0.001807076158002019, 0.001852451590821147, 0.0012869203928858042, 0.0019147723214700818, 0.0016243333229795098, 0.001713716657832265, 0.0030192588455975056, 0.0017951830523088574, 0.002160785486921668, 0.003062071045860648, 0.002060540718957782, 0.001844787853769958, 0.0016437805024906993, 0.002088051289319992, 0.0018788768211379647, 0.002381790429353714, 0.0017712004482746124]}