{"CustomMetrics_Small_rectangles": [0.022984927520155907, 0.011441257782280445, 0.01090544555336237, 0.010919339023530483, 0.00984885636717081, 0.009225347079336643, 0.008395064622163773, 0.007220559287816286, 0.007563136518001556, 0.005541566293686628, 0.006692080292850733, 0.0053443326614797115, 0.005113592837005854, 0.002852019155398011, 0.003977078478783369, 0.002841963665559888, 0.0020727235823869705, 0.0021620350889861584, 0.002368622226640582, 0.002764434088021517, 0.002448246581479907, 0.002378948265686631, 0.002162848599255085, 0.0020015451591461897, 0.0017627178458496928, 0.002783536911010742, 0.002061977284029126, 0.0025658709928393364, 0.0017192892264574766, 0.0015129449311643839, 0.0021251305006444454, 0.0016733674565330148, 0.0013490201672539115, 0.0015338334487751126, 0.0012664567911997437, 0.0017743449425324798, 0.0018597665475681424, 0.0038813590072095394, 0.0014446609420701861, 0.0017937171505764127, 0.0013601859100162983, 0.001693060272373259, 0.0013449103571474552, 0.001574812107719481, 0.0014894501073285937, 0.002078735502436757, 0.0015181910712271929, 0.0015552989207208157, 0.001327988808043301, 0.0021532149985432625, 0.001264621620066464, 0.004216665867716074, 0.003708498552441597, 0.001947851269505918], "CustomMetrics_Mid_rectangles": [0.021533017978072166, 0.011242460459470749, 0.011021722108125687, 0.010944878682494164, 0.009795531630516052, 0.009184583090245724, 0.007904566824436188, 0.00650304090231657, 0.006428305990993977, 0.004877244122326374, 0.005963772535324097, 0.004441753961145878, 0.004003004636615515, 0.0017968894680961967, 0.002854181220754981, 0.0018818062962964177, 0.0014092684723436832, 0.0014666143106296659, 0.001571329077705741, 0.0018556721042841673, 0.0015213097212836146, 0.0016383733600378036, 0.0014758175238966942, 0.0013444231590256095, 0.0011838747886940837, 0.0018054308602586389, 0.0022724620066583157, 0.0019629686139523983, 0.0011726785451173782, 0.001155315083451569, 0.0014257486909627914, 0.001171921263448894, 0.0011210052762180567, 0.0011006980203092098, 0.0009558312594890594, 0.0010473780566826463, 0.001141708460636437, 0.0028718048706650734, 0.0015760541427880526, 0.0013310709036886692, 0.001379846129566431, 0.0014373635640367866, 0.0012800380354747176, 0.0011121577117592096, 0.0010462227510288358, 0.0020136095117777586, 0.0014057361986488104, 0.0012345417635515332, 0.0008869519224390388, 0.0015327754663303494, 0.0009151865961030126, 0.0033562337048351765, 0.002827718388289213, 0.0013611613539978862], "CustomMetrics_Huge_rectangles": [0.008872970007359982, 0.0015884657623246312, 0.001412716694176197, 0.0014826850965619087, 0.0013158161891624331, 0.004208270460367203, 0.0012455288087949157, 0.00165061024017632, 0.0018711760640144348, 0.001576305483467877, 0.0013141523813828826, 0.002124226652085781, 0.0013348370557650924, 0.0012833202490583062, 0.0013613034971058369, 0.001286991871893406, 0.001536027411930263, 0.0015473763924092054, 0.0008176363771781325, 0.000824662100058049, 0.0007752557285130024, 0.0008868144941516221, 0.0007081551011651754, 0.0007329639629460871, 0.0010299107525497675, 0.0009167449316009879, 0.0010416001314297318, 0.0006899340078234673, 0.0006992557318881154, 0.00047695660032331944, 0.0005842040991410613, 0.0006537397275678813, 0.000833307858556509, 0.0006773651111871004, 0.000884009525179863, 0.0006565357325598598, 0.0006346437148749828, 0.0014772004215046763, 0.0007162982947193086, 0.0005207860376685858, 0.0005733724683523178, 0.0005672667175531387, 0.0004819834139198065, 0.000600416969973594, 0.0005190127994865179, 0.0010956383775919676, 0.0005260047619231045, 0.000550869561266154, 0.0006664788816124201, 0.0008510840125381947, 0.000581596395932138, 0.0021806014701724052, 0.0007205095025710762, 0.0005740491906180978]}