{"CustomMetrics_Small_rectangles": [0.07612595707178116, 0.015251819975674152, 0.014813321642577648, 0.01288086362183094, 0.01153099536895752, 0.01218473631888628, 0.01073502842336893, 0.01104817446321249, 0.012472708709537983, 0.010114534758031368, 0.012700177729129791, 0.01043430995196104, 0.009184902533888817, 0.012596596963703632, 0.01002009678632021, 0.008808452636003494, 0.010816468857228756, 0.009811748750507832, 0.01165382843464613, 0.009161011315882206, 0.007790220435708761, 0.01363765262067318, 0.014600737951695919, 0.009505278430879116, 0.014591984450817108, 0.012606981210410595, 0.012995068915188313, 0.010652652941644192, 0.01081563625484705, 0.007929590530693531, 0.012136862613260746, 0.008669910952448845, 0.01907598413527012, 0.012728632427752018, 0.013293170370161533, 0.02966967783868313, 0.013702411204576492, 0.012837590649724007, 0.014836904592812061, 0.014532420784235, 0.009338272735476494, 0.009818852879106998, 0.010369347408413887, 0.016050368547439575, 0.011250742711126804, 0.011039946228265762, 0.01571601815521717, 0.008717919699847698, 0.011364191770553589, 0.007593576796352863, 0.01561788935214281, 0.009991025552153587, 0.00699199503287673, 0.02107410691678524, 0.009459794498980045, 0.010945191606879234, 0.010681388899683952, 0.00990674551576376, 0.009538397192955017, 0.009933640249073505, 0.009744744747877121, 0.009667107835412025, 0.00998459942638874, 0.0101928086951375, 0.009609570726752281, 0.009062797762453556, 0.009743919596076012, 0.009654397144913673, 0.00928961206227541, 0.009373227134346962, 0.009745134972035885, 0.01007075048983097], "CustomMetrics_Mid_rectangles": [0.05937729403376579, 0.013119258917868137, 0.014762072823941708, 0.013020321726799011, 0.011785216629505157, 0.012534608133137226, 0.01115446351468563, 0.011587620712816715, 0.012682159431278706, 0.010946850292384624, 0.0132322758436203, 0.011490860022604465, 0.01020986307412386, 0.012910407967865467, 0.011036112904548645, 0.008962857536971569, 0.01142702903598547, 0.010098784230649471, 0.01146264374256134, 0.009112045168876648, 0.008303913287818432, 0.011497107334434986, 0.01291615329682827, 0.008069660514593124, 0.009971404448151588, 0.008823125623166561, 0.008177272975444794, 0.007371232844889164, 0.007502067368477583, 0.008128952234983444, 0.008456570096313953, 0.007335243280977011, 0.015256370417773724, 0.008449479937553406, 0.010877229273319244, 0.022510530427098274, 0.009364433586597443, 0.011632734909653664, 0.008171569555997849, 0.00937390886247158, 0.006821488030254841, 0.007094492204487324, 0.00735337333753705, 0.01288297027349472, 0.006905318703502417, 0.007149596698582172, 0.010794348083436489, 0.007279286626726389, 0.008806291967630386, 0.006565469317138195, 0.011630256660282612, 0.0066611808724701405, 0.0062536378391087055, 0.01964583620429039, 0.010148498229682446, 0.01103994995355606, 0.010893121361732483, 0.010164644569158554, 0.009929955005645752, 0.010173986665904522, 0.009941917844116688, 0.009939905256032944, 0.01014336384832859, 0.010319383814930916, 0.009513616561889648, 0.009145711548626423, 0.00991129595786333, 0.009707861579954624, 0.00945787038654089, 0.009426187723875046, 0.009683062322437763, 0.009906580671668053], "CustomMetrics_Huge_rectangles": [0.04857610911130905, 0.0027498165145516396, 0.0025442957412451506, 0.0019853906705975533, 0.0014703302877023816, 0.0016696667298674583, 0.0012823365395888686, 0.001600145478732884, 0.001741895917803049, 0.0010728990891948342, 0.0017170083010569215, 0.0011701537296175957, 0.0018679095664992929, 0.0075295912101864815, 0.0012490315129980445, 0.0016008788952603936, 0.0015794873470440507, 0.0012475855182856321, 0.0017772038700059056, 0.003180156461894512, 0.001423292444087565, 0.002028551883995533, 0.003055320354178548, 0.0012901488225907087, 0.001669658231548965, 0.0014393532183021307, 0.001206577057018876, 0.0010962017113342881, 0.0015465141041204333, 0.0016766261542215943, 0.0014246631180867553, 0.0019236246589571238, 0.004721223376691341, 0.0013586304849013686, 0.0022522425279021263, 0.009619785472750664, 0.0019288747571408749, 0.0026887671556323767, 0.0030197473242878914, 0.0018425151938572526, 0.001977020176127553, 0.003139720531180501, 0.001211763359606266, 0.0040390826761722565, 0.0010544609976932406, 0.0011999303242191672, 0.0024989433586597443, 0.002628973452374339, 0.0016532096778973937, 0.0011518232058733702, 0.003846247447654605, 0.0009579440811648965, 0.0010261143324896693, 0.007438690401613712, 0.0015154052525758743, 0.0019521815702319145, 0.001736150006763637, 0.00142613984644413, 0.0013697997201234102, 0.0015553622506558895, 0.0014346252428367734, 0.0014454586198553443, 0.0015601011691614985, 0.0015127992955967784, 0.0013544171815738082, 0.001352712162770331, 0.0013346131891012192, 0.0012789920438081026, 0.0012249156134203076, 0.0012339362874627113, 0.0013082565274089575, 0.0014008573489263654]}