{"CustomMetrics_Small_rectangles": [0.012533320114016533, 0.01003535371273756, 0.00856083445250988, 0.007916763424873352, 0.00675624143332243, 0.006730950903147459, 0.005803245585411787, 0.005464006215333939, 0.004694820381700993, 0.004350276198238134, 0.004424267914146185, 0.0038774588610976934, 0.004251705016940832, 0.003898010356351733, 0.003713789163157344, 0.0034798982087522745, 0.004113587085157633, 0.0037488494999706745, 0.0032510696910321712, 0.0027868784964084625, 0.0034202062524855137, 0.0034727274905890226, 0.0035866089165210724, 0.0029140349943190813, 0.002838965505361557, 0.0032216969411820173, 0.0034489433746784925, 0.002983871614560485, 0.0027132052928209305, 0.0026960456743836403, 0.0029096025973558426, 0.0034514907747507095, 0.002985595492646098, 0.002290033968165517, 0.0028461513575166464, 0.0029052782338112593, 0.0029042172245681286, 0.0032074283808469772, 0.0027118020225316286, 0.0023259904701262712, 0.00247185118496418, 0.0028847716748714447, 0.003610934130847454, 0.003054929431527853, 0.002690497785806656, 0.0028022744227200747, 0.0026737910229712725, 0.0022522853687405586, 0.003295373870059848, 0.003591332118958235, 0.002461074385792017, 0.0021975249983370304, 0.0025639536324888468, 0.002408283995464444, 0.002620931016281247, 0.002423548838123679, 0.002122888807207346, 0.0020627244375646114, 0.002323249587789178, 0.0018738008802756667, 0.0024134882260113955, 0.0019948151893913746, 0.002215959131717682, 0.002399693476036191, 0.002345041371881962, 0.0022722831927239895, 0.0023668042849749327, 0.001964704832062125, 0.002148780971765518, 0.001985428389161825, 0.0019274267833679914, 0.001990468939766288, 0.002666344866156578, 0.0026767649687826633, 0.0024190745316445827, 0.0023389181587845087, 0.0022914865985512733, 0.0020911304745823145, 0.0022586144041270018, 0.001920014969073236, 0.001898890477605164, 0.0022541815415024757, 0.0018731560558080673, 0.002135460963472724, 0.0023116208612918854, 0.002239651046693325, 0.002488496480509639, 0.0023841303773224354, 0.0021325144916772842, 0.002047829097136855, 0.0021290257573127747, 0.0023578184191137552, 0.002105363178998232, 0.001962082926183939, 0.002296761842444539, 0.0020070450846105814, 0.001795305754058063, 0.002297361847013235, 0.0017842970555648208, 0.0019648626912385225, 0.002015163889154792, 0.0018154651625081897, 0.0017186891054734588, 0.0019014093559235334], "CustomMetrics_Mid_rectangles": [0.012841882184147835, 0.010205976665019989, 0.007848208770155907, 0.0064120045863091946, 0.005053894128650427, 0.005162661895155907, 0.004831703379750252, 0.0043159062042832375, 0.0038274636026471853, 0.0034612889867275953, 0.0035769480746239424, 0.0031023407354950905, 0.0032520522363483906, 0.0030242979992181063, 0.002895715180784464, 0.0027393801137804985, 0.0030712683219462633, 0.0026280521415174007, 0.00240871193818748, 0.0021360181272029877, 0.002500987146049738, 0.0026271489914506674, 0.002755620749667287, 0.0020725445356220007, 0.002094958210363984, 0.002418289426714182, 0.002383036073297262, 0.0022432866971939802, 0.001944158342666924, 0.001982406945899129, 0.0020914259366691113, 0.002634374424815178, 0.002226544078439474, 0.0018192208372056484, 0.0020154963713139296, 0.002036035293713212, 0.0019956850446760654, 0.002192204352468252, 0.0020578547846525908, 0.0021495907567441463, 0.0019517247565090656, 0.002194105414673686, 0.0024785506539046764, 0.0022589750587940216, 0.0019290463533252478, 0.0020148595795035362, 0.0019448344828560948, 0.0016880761831998825, 0.00235888734459877, 0.0026965488214045763, 0.0018250937573611736, 0.0015628257533535361, 0.0020410153083503246, 0.0017904966371133924, 0.0020155764650553465, 0.0018338019726797938, 0.0016227561281993985, 0.0014770758571103215, 0.001659851404838264, 0.0012963179033249617, 0.0018626414239406586, 0.0016433366108685732, 0.0016407633665949106, 0.0016107175033539534, 0.0016940180212259293, 0.0016079009510576725, 0.0016727689653635025, 0.0014961068518459797, 0.0016020697075873613, 0.0015135420253500342, 0.0014659631997346878, 0.001378202810883522, 0.0020949519239366055, 0.002067433437332511, 0.0017885727575048804, 0.0015622645150870085, 0.0015077636344358325, 0.001424390939064324, 0.0015656731557101011, 0.0012640218483284116, 0.0014283632626757026, 0.0014799075433984399, 0.0012668315321207047, 0.0013593537732958794, 0.001554587623104453, 0.0015386297600343823, 0.0017694095149636269, 0.0016567501006647944, 0.001539733144454658, 0.0015362818958237767, 0.0015250230208039284, 0.001555821974761784, 0.0014522054698318243, 0.00127081957180053, 0.001420757151208818, 0.0013425674987956882, 0.0012122000334784389, 0.0014834398170933127, 0.0012916114646941423, 0.001649571000598371, 0.001596512389369309, 0.0013725702883675694, 0.0011974258814007044, 0.0014941804111003876], "CustomMetrics_Huge_rectangles": [0.003963358234614134, 0.001167277921922505, 0.0010477404575794935, 0.0009350019972771406, 0.0006859648856334388, 0.0007213540375232697, 0.0005890373140573502, 0.0005287378444336355, 0.0004950236179865897, 0.0006014885730110109, 0.0004994501359760761, 0.0006108639645390213, 0.0005233679548837245, 0.0004650519695132971, 0.0004777185677085072, 0.00050593406194821, 0.0005406837444752455, 0.0003443946479819715, 0.0003961229231208563, 0.0003493616241030395, 0.00045981467701494694, 0.0004077034827787429, 0.00041262496961280704, 0.0004435600130818784, 0.0003854347742162645, 0.00044054389582015574, 0.0004559640074148774, 0.00038510080776177347, 0.0004191143671050668, 0.00044960351078771055, 0.0004110843874514103, 0.0004118298238608986, 0.00040952744893729687, 0.0003410767239984125, 0.0003732791228685528, 0.00035878736525774, 0.0004088912974111736, 0.00040760368574410677, 0.0003123564529232681, 0.00041906326077878475, 0.0004224685544613749, 0.0003552041598595679, 0.0004301428853068501, 0.0004140687233302742, 0.0004022671200800687, 0.0003369935730006546, 0.00037322138086892664, 0.00032569942413829267, 0.0003148014366161078, 0.00035340103204362094, 0.0003733334597200155, 0.00025158101925626397, 0.000333109637722373, 0.00036785253905691206, 0.0002475860819686204, 0.0002609029761515558, 0.0002571523655205965, 0.0002441714168526232, 0.00032615280360914767, 0.00025178640498779714, 0.00025542647927068174, 0.00028627808205783367, 0.00017571014177519828, 0.0003003457677550614, 0.00025280265253968537, 0.00022277404787018895, 0.00023418622731696814, 0.00024880506680347025, 0.0002066794695565477, 0.00023186350881587714, 0.0002600944717414677, 0.0002633112599141896, 0.0002203964104410261, 0.0003827124019153416, 0.0002611631352920085, 0.0003197109326720238, 0.0003085097996518016, 0.00020662079623434693, 0.0002268486568937078, 0.0001576234499225393, 0.00018262617231812328, 0.00016624844283796847, 0.00018057359557133168, 0.00018835226364899427, 0.00028636641218326986, 0.0002217471628682688, 0.0002599052095320076, 0.0002349023416172713, 0.00018400936096441, 0.00020638025307562202, 0.0002138886193279177, 0.00025840065791271627, 0.00017036276403814554, 0.00020315690198913217, 0.00021922530140727758, 0.0001728088827803731, 0.0001826756924856454, 0.0002087952452711761, 0.0001884711964521557, 0.00037310345214791596, 0.00023516544024460018, 0.00012907876225654036, 0.00015056987467687577, 0.0001935735926963389]}