{"CustomMetrics_Small_rectangles": [0.053360242396593094, 0.035512734204530716, 0.025720249861478806, 0.020743461325764656, 0.019962044432759285, 0.018819056451320648, 0.018195100128650665, 0.017445983365178108, 0.018369615077972412, 0.016947589814662933, 0.015798956155776978, 0.014956074766814709, 0.01675032638013363, 0.015181010589003563, 0.01345975324511528, 0.015035560354590416, 0.016928786411881447, 0.01297607272863388, 0.014565316028892994, 0.015992576256394386, 0.013537944294512272, 0.012410765513777733, 0.0133702727034688, 0.011615204624831676, 0.012461639009416103, 0.012272103689610958, 0.011480783112347126, 0.010688649490475655, 0.010362922213971615, 0.009876295924186707, 0.009742991998791695, 0.01295506488531828, 0.01071284431964159, 0.011679587885737419, 0.010869643650949001, 0.012155510485172272, 0.009029305540025234, 0.010547207668423653, 0.009668738581240177, 0.010511438362300396, 0.011579965241253376, 0.01964685507118702, 0.009948068298399448, 0.011155367828905582, 0.009654189459979534, 0.009040039032697678, 0.012259462848305702, 0.009020145982503891, 0.008362649008631706, 0.008269612677395344, 0.00929186586290598, 0.008642327040433884, 0.008715128526091576, 0.008159416727721691, 0.008198090828955173, 0.009845037013292313, 0.008819662034511566, 0.008161135949194431, 0.010946009308099747, 0.009421708062291145, 0.008437804877758026, 0.011482746340334415, 0.007813203148543835, 0.007837789133191109, 0.008574330247938633, 0.010720983147621155, 0.009158565662801266, 0.008625989779829979, 0.009304256178438663, 0.008193990215659142, 0.010124064050614834, 0.0116220498457551, 0.008141148835420609, 0.007850179448723793, 0.00846981629729271, 0.007927125319838524, 0.010146912187337875, 0.009095372632145882, 0.008234153501689434, 0.007737752050161362, 0.007371712476015091, 0.008199766278266907, 0.007771835196763277, 0.008085106499493122, 0.00879175215959549, 0.009620429947972298, 0.008290160447359085, 0.009647258557379246, 0.010713091120123863, 0.015792563557624817, 0.013530116528272629, 0.008692815899848938, 0.008341463282704353, 0.00829832348972559, 0.00712478905916214, 0.010059592314064503, 0.008484352380037308, 0.00813330803066492, 0.011008705012500286], "CustomMetrics_Mid_rectangles": [0.0508999228477478, 0.028985699638724327, 0.020846081897616386, 0.016578152775764465, 0.016395526006817818, 0.015335473231971264, 0.014187633991241455, 0.013561378233134747, 0.014344527386128902, 0.013482837937772274, 0.012229617685079575, 0.011837078258395195, 0.012833163142204285, 0.01184159331023693, 0.010868781246244907, 0.011735192500054836, 0.012664017267525196, 0.010554930195212364, 0.01166754961013794, 0.012126019224524498, 0.010494905523955822, 0.00959809496998787, 0.010895723477005959, 0.009296167641878128, 0.009827234782278538, 0.008960939943790436, 0.008436257019639015, 0.008340994827449322, 0.008398172445595264, 0.008043057285249233, 0.007760105654597282, 0.009901459328830242, 0.007928324863314629, 0.00829150527715683, 0.008711186237633228, 0.008808526210486889, 0.007065422832965851, 0.008077442646026611, 0.007188822142779827, 0.0074561843648552895, 0.008155380375683308, 0.014561029151082039, 0.006964080035686493, 0.0076599689200520515, 0.007591347675770521, 0.007183009758591652, 0.008253565989434719, 0.007000637706369162, 0.006340888328850269, 0.006050719879567623, 0.0068892017006874084, 0.006301361136138439, 0.006329537369310856, 0.006030745804309845, 0.005994820035994053, 0.007747206836938858, 0.006535557564347982, 0.005859562661498785, 0.008037135936319828, 0.006547907367348671, 0.005922271404415369, 0.007832882925868034, 0.005648870021104813, 0.005980071146041155, 0.00621012132614851, 0.007354517467319965, 0.006766235921531916, 0.005810090806335211, 0.006753973662853241, 0.005846654064953327, 0.007046504411846399, 0.009418662637472153, 0.006281319539994001, 0.005963944364339113, 0.006124707870185375, 0.006654686760157347, 0.007314392365515232, 0.006632596720010042, 0.005775331985205412, 0.006135566160082817, 0.005828614812344313, 0.007157147396355867, 0.0058058276772499084, 0.005782581400126219, 0.0071553802117705345, 0.007789235096424818, 0.006509791593998671, 0.006446523126214743, 0.007483323570340872, 0.010709811933338642, 0.009106253273785114, 0.006207208149135113, 0.005996710155159235, 0.006046938709914684, 0.005681330803781748, 0.00804921891540289, 0.006507223006337881, 0.005998356733471155, 0.007862946018576622], "CustomMetrics_Huge_rectangles": [0.012645721435546875, 0.003960244823247194, 0.0030212863348424435, 0.002573027741163969, 0.002003464847803116, 0.002470577834174037, 0.001534764771349728, 0.0015376321971416473, 0.0016465336084365845, 0.0013450609985738993, 0.0011714519932866096, 0.0013992775930091739, 0.0014690934913232923, 0.0014966890448704362, 0.0011828263523057103, 0.001423252746462822, 0.0024500302970409393, 0.0011705399956554174, 0.0016985283000394702, 0.0018322038231417537, 0.0013784938491880894, 0.0025316146202385426, 0.002262797672301531, 0.001225495943799615, 0.0017630206421017647, 0.0014083577552810311, 0.0010464778169989586, 0.0021905628964304924, 0.0009871335932984948, 0.0009286578861065209, 0.0008540223934687674, 0.0019508093828335404, 0.001105157658457756, 0.0013011399423703551, 0.0018909446662291884, 0.001527140848338604, 0.0014274491695687175, 0.0011067974846810102, 0.0007902540965005755, 0.001065618358552456, 0.0013536479091271758, 0.006076078861951828, 0.0011305904481559992, 0.0021419471595436335, 0.001421918161213398, 0.0013598615769296885, 0.0027011618949472904, 0.0009193537989631295, 0.0011779804481193423, 0.0005778814083896577, 0.000857147853821516, 0.0014114496298134327, 0.0007843306520953774, 0.0006250255974009633, 0.0009209202835336328, 0.0014141022693365812, 0.0007730239303782582, 0.0006193710141815245, 0.001357123488560319, 0.0007355734123848379, 0.0009126267395913601, 0.0019715577363967896, 0.0008699235040694475, 0.0008648221264593303, 0.0009471461526118219, 0.0014081774279475212, 0.0011725840158760548, 0.0010582628892734647, 0.0009508024086244404, 0.0010295151732861996, 0.0016007687663659453, 0.001790831796824932, 0.0008028481970541179, 0.0006230564904399216, 0.0009130819817073643, 0.0012783041456714272, 0.000867640133947134, 0.0007453599246218801, 0.0007226695888675749, 0.0007655505323782563, 0.0010731499642133713, 0.0014574537053704262, 0.0005464631831273437, 0.0007565845153294504, 0.0024782817345112562, 0.0014055301435291767, 0.0005811096052639186, 0.0015270442236214876, 0.0012449505738914013, 0.0030610812827944756, 0.0029280916787683964, 0.0007952667656354606, 0.0014991533244028687, 0.0008164613973349333, 0.0008202024619095027, 0.0011089063482359052, 0.0006697626668028533, 0.0005894506466574967, 0.0012220008065924048]}