{"CustomMetrics_Small_rectangles": [0.023827802389860153, 0.03710249066352844, 0.014382063411176205, 0.014926200732588768, 0.014249714091420174, 0.013797174207866192, 0.012587117962539196, 0.013084890320897102, 0.012966454960405827, 0.014966737478971481, 0.016386469826102257, 0.014732724986970425, 0.014144743792712688, 0.013714590109884739, 0.015658987686038017, 0.01396852359175682, 0.014294869266450405, 0.014272783882915974, 0.01614130102097988, 0.016081128269433975, 0.014923223294317722, 0.013834752142429352, 0.015948966145515442, 0.016670476645231247, 0.014149373397231102, 0.014351336285471916, 0.01449566800147295, 0.01437284890562296, 0.015221715904772282, 0.014013025909662247, 0.013913693837821484, 0.014189289882779121, 0.014841233380138874, 0.01596873439848423, 0.013406654819846153, 0.01580989733338356, 0.01522457879036665, 0.015960298478603363, 0.01474082376807928, 0.015713635832071304, 0.015093027614057064, 0.015055185183882713, 0.016383182257413864, 0.015212434343993664, 0.015625877305865288, 0.01521548442542553, 0.015012386254966259, 0.014590268023312092, 0.016469810158014297, 0.01615988090634346, 0.01481078751385212, 0.01662113144993782, 0.01625811494886875, 0.015066954307258129, 0.014706461690366268, 0.01565011590719223, 0.014148944988846779], "CustomMetrics_Mid_rectangles": [0.0191348847001791, 0.029968751594424248, 0.012313960120081902, 0.013801338151097298, 0.012794023379683495, 0.01274989452213049, 0.012005165219306946, 0.01245933584868908, 0.01257057674229145, 0.013915453106164932, 0.01492403820157051, 0.013854456134140491, 0.013725772500038147, 0.013301770202815533, 0.01431608572602272, 0.01340903528034687, 0.01323325652629137, 0.0135304881259799, 0.014755778945982456, 0.014652058482170105, 0.013750315643846989, 0.013074604794383049, 0.014625907875597477, 0.014928682707250118, 0.013130373321473598, 0.013163642026484013, 0.01365582924336195, 0.013133023865520954, 0.013438678346574306, 0.012770848348736763, 0.012623267248272896, 0.01276796218007803, 0.013120963238179684, 0.013651160523295403, 0.012189462780952454, 0.013513104058802128, 0.013271422125399113, 0.013722719624638557, 0.01289159432053566, 0.013273706659674644, 0.012869590893387794, 0.013094441033899784, 0.013838636688888073, 0.01310250349342823, 0.01338319480419159, 0.012981089763343334, 0.012973908334970474, 0.01270754262804985, 0.013951328583061695, 0.013736470602452755, 0.012834209948778152, 0.013892695307731628, 0.013633104041218758, 0.012754489667713642, 0.012591613456606865, 0.013130499050021172, 0.012181461788713932], "CustomMetrics_Huge_rectangles": [0.006190912332385778, 0.015128976665437222, 0.0032451387960463762, 0.002613378455862403, 0.0023126467131078243, 0.001991133438423276, 0.0015232349978759885, 0.0016874028369784355, 0.001534004113636911, 0.002088366774842143, 0.002566628623753786, 0.001944653457030654, 0.0016591460444033146, 0.0016954984748736024, 0.0021475653629750013, 0.0015676770126447082, 0.00181278504896909, 0.0016905588563531637, 0.0023891585879027843, 0.002118149772286415, 0.001967292744666338, 0.001369507983326912, 0.002150422427803278, 0.0022593706380575895, 0.001828845590353012, 0.001884553348645568, 0.0017345573287457228, 0.0016355774132534862, 0.0017308724345639348, 0.0016149680595844984, 0.0016203372506424785, 0.0016716205282136798, 0.0020648709032684565, 0.002089854795485735, 0.001526367268525064, 0.0023716753348708153, 0.002107547363266349, 0.00228029303252697, 0.0018009371124207973, 0.002221905393525958, 0.0019579045474529266, 0.0019903474021703005, 0.002227562014013529, 0.0021501893643289804, 0.0022676419466733932, 0.002020006999373436, 0.0019761528819799423, 0.0019799494184553623, 0.002137306611984968, 0.0022143349051475525, 0.0019602328538894653, 0.002537452382966876, 0.0023743826895952225, 0.0016453623538836837, 0.0016664908034726977, 0.002182191237807274, 0.002095998264849186]}