{"CustomMetrics_Small_rectangles": [0.009337831288576126, 0.010797969996929169, 0.00461799930781126, 0.0035538969095796347, 0.003585430094972253, 0.0035498784855008125, 0.003501011524349451, 0.003153434256091714, 0.0028044567443430424, 0.002316472353413701, 0.0025818292051553726, 0.0026449295692145824, 0.002313097007572651, 0.002314190845936537, 0.0021661336068063974, 0.002294883830472827, 0.002134144539013505, 0.0015923652099445462, 0.0015325206331908703, 0.0017757104942575097, 0.001677782624028623, 0.0019833215046674013, 0.0016431030817329884, 0.0014169461792334914, 0.001631718478165567, 0.0021827281452715397, 0.0014497340889647603, 0.0020746036898344755, 0.0020400704815983772, 0.0016302884323522449, 0.001728689530864358, 0.001751369796693325, 0.0017437756760045886, 0.0021257176995277405, 0.0019038098398596048, 0.0020293311681598425, 0.001696851453743875, 0.0013826581416651607, 0.0018189927795901895, 0.0018871959764510393, 0.0020705065689980984, 0.0015420066192746162, 0.0011206931667402387, 0.0013750791549682617, 0.0017086584120988846, 0.0014090669574216008, 0.001774680451489985, 0.0016545364633202553, 0.0024176533333957195, 0.001951943151652813, 0.002349644899368286, 0.0012703349348157644, 0.002253142651170492, 0.0018846365856006742, 0.0022237845696508884, 0.0013632226036861539, 0.001472215517424047], "CustomMetrics_Mid_rectangles": [0.007935634814202785, 0.0051864865235984325, 0.002490940736606717, 0.0021389031317085028, 0.002066057175397873, 0.0016421646578237414, 0.0016026103403419256, 0.0016597186913713813, 0.0012262816308066249, 0.0012690380681306124, 0.0015581123298034072, 0.0013093181187286973, 0.0009671772713772953, 0.0012102863984182477, 0.001179878250695765, 0.001080240006558597, 0.0010915599996224046, 0.0009033216629177332, 0.000705703510902822, 0.0008988933404907584, 0.001039008842781186, 0.001655871281400323, 0.0008634562254883349, 0.0007172930054366589, 0.0007718235137872398, 0.0009039152064360678, 0.0006417048280127347, 0.001113520935177803, 0.0011034210911020637, 0.0009057231363840401, 0.0007981135277077556, 0.0011458639055490494, 0.0009188781259581447, 0.0011384788667783141, 0.0008533698855899274, 0.0009768424788489938, 0.0010368612129241228, 0.0009086449863389134, 0.0009211539872922003, 0.0009736950160004199, 0.0009446825133636594, 0.0005794917815364897, 0.000818386091850698, 0.0005544886807911098, 0.0008006684947758913, 0.0005167257040739059, 0.001285243546590209, 0.0008196544949896634, 0.001341746305115521, 0.0010590178426355124, 0.001276042079553008, 0.0006707717548124492, 0.00134185457136482, 0.0009634929592721164, 0.0009812404168769717, 0.0008787860861048102, 0.0006301305256783962], "CustomMetrics_Huge_rectangles": [0.0015111446846276522, 0.0011768544791266322, 0.0006504138000309467, 0.0005346955731511116, 0.0003965154173783958, 0.0005169528885744512, 0.00031761714490130544, 0.0003768770839087665, 0.00025914996513165534, 0.0002469650935381651, 0.00027333255275152624, 0.000454256369266659, 0.0001927334233187139, 0.00032671724329702556, 0.00020157107792329043, 0.00018219398043584079, 0.00012156423326814547, 0.00013718826812691987, 0.00013342608872335404, 0.00010990229930030182, 0.00018219335470348597, 0.00020184040477033705, 0.00018596535664983094, 0.00012870397767983377, 0.00020066877186764032, 0.0001356551656499505, 0.00011051327601308003, 0.00021561374887824059, 0.00011572702351259068, 0.0002208594960393384, 0.00025050892145372927, 0.00022088829427957535, 0.0001416657614754513, 0.00018220698984805495, 0.00011069021275034174, 0.00015928874199744314, 0.0001453712466172874, 0.00017953163478523493, 0.00027237844187766314, 0.00021219807968009263, 0.0001373832783428952, 0.000126355211250484, 0.00020882026001345366, 0.0001284430327359587, 0.00015653495211154222, 0.00010847565135918558, 0.00041902231168933213, 0.00016643355775158852, 0.00018397692474536598, 0.0001083074021153152, 0.0002193092805100605, 9.263898391509429e-05, 0.00012936018174514174, 0.00014056082000024617, 0.00023926200810819864, 0.0001774510310497135, 0.00016507106192875654]}