{"CustomMetrics_Small_rectangles": [0.007989250123500824, 0.0039917840622365475, 0.004551928956061602, 0.0027117670979350805, 0.0027474993839859962, 0.0034615579061210155, 0.003787764348089695, 0.002358462428674102, 0.0025278751272708178, 0.002109057968482375, 0.0022811240050941706, 0.0031600240617990494, 0.001973207574337721, 0.0015975389396771789, 0.0011904201237484813, 0.0018359674140810966, 0.0025376558769494295, 0.0027417971286922693, 0.0013948556734248996, 0.0017050456954166293, 0.0018260740907862782, 0.0010982208186760545, 0.0020109093748033047, 0.0020148134790360928, 0.001665756804868579, 0.0014253943227231503, 0.0010035334853455424, 0.001682056114077568, 0.0016890405677258968, 0.001133905490860343, 0.001222253660671413, 0.001220335136167705, 0.001146808615885675, 0.001442016800865531, 0.001215983647853136, 0.00130924500990659, 0.0012534619309008121, 0.0013095923932269216, 0.0017620339058339596, 0.0015426510944962502, 0.0017499089008197188, 0.0010553501779213548], "CustomMetrics_Mid_rectangles": [0.007416106294840574, 0.003691871650516987, 0.0027920419815927744, 0.002153918147087097, 0.002118990058079362, 0.0022963504306972027, 0.0025050011463463306, 0.0017704857746139169, 0.002311111893504858, 0.0018162195337936282, 0.0015718145295977592, 0.001787157729268074, 0.0014619246358051896, 0.0016695036320015788, 0.0012108203954994678, 0.0013960768701508641, 0.0017039614031091332, 0.0016909014666453004, 0.0011832712916657329, 0.001407672418281436, 0.0011908176820725203, 0.0009492756798863411, 0.0018987939693033695, 0.002132490510120988, 0.0013419161550700665, 0.0010533601744100451, 0.0007735795225016773, 0.0013365347404032946, 0.001344969030469656, 0.0009582503116689622, 0.000958272663410753, 0.0008701523183844984, 0.0009045953047461808, 0.0011650866363197565, 0.001056825160048902, 0.0010910610435530543, 0.001156696816906333, 0.0010614983038976789, 0.0014924961142241955, 0.0011922577396035194, 0.0012887864140793681, 0.000804425566457212], "CustomMetrics_Huge_rectangles": [0.0008489653118886054, 0.0005929508479312062, 0.0006920158630236983, 0.0005480023683048785, 0.0003528884262777865, 0.0003745295398402959, 0.00044097358477301896, 0.0004404454957693815, 0.00047271756920963526, 0.00043901565368287265, 0.00032589223701506853, 0.0005064875003881752, 0.00035517947981134057, 0.00020665170450229198, 0.00024403200950473547, 0.0004957698401995003, 0.0001967618882190436, 0.0002440634707454592, 0.00038816904998384416, 0.0002893057244364172, 0.00027401227271184325, 0.0001915988395921886, 0.0002531902282498777, 0.0003696872154250741, 0.0002160977601306513, 0.000324897380778566, 0.00019213106133975089, 0.0003400853893253952, 0.0002011213800869882, 0.0002850993478205055, 0.00021262886002659798, 0.00015926462947390974, 0.00014861422823742032, 0.00015699572395533323, 0.0002743478398770094, 0.00022774214448872954, 0.0002897286613006145, 0.00020793879230041057, 0.0003572845889721066, 0.0003332510241307318, 0.0002517911489121616, 0.0002999439893756062]}