{"CustomMetrics_Small_rectangles": [0.023907311260700226, 0.014288637787103653, 0.011051432229578495, 0.011582844890654087, 0.008824927732348442, 0.009732265025377274, 0.008712178096175194, 0.007383252494037151, 0.007322218269109726, 0.00827627070248127, 0.00800041202455759, 0.007737637031823397, 0.006787939928472042, 0.006553150713443756, 0.007703341543674469, 0.006673447787761688, 0.007313802372664213, 0.006706281565129757, 0.0062896255403757095, 0.006721150130033493, 0.006408956833183765, 0.006255679298192263, 0.006869041360914707, 0.006100357975810766, 0.007360059767961502, 0.005478784907609224, 0.005588441155850887, 0.00580314127728343, 0.004985157400369644, 0.0065125348046422005, 0.005876023788005114, 0.0061261761002242565, 0.0057005989365279675, 0.006707083433866501, 0.005507177673280239, 0.005958366207778454, 0.005649001337587833, 0.005667584482580423, 0.00593556696549058, 0.00792213436216116, 0.00963208544999361, 0.005490142852067947, 0.00549986120313406, 0.005208901129662991, 0.005118119530379772, 0.006768791936337948, 0.006174925714731216, 0.005867649335414171, 0.006850118283182383, 0.006676666904240847, 0.005058057140558958, 0.005509520880877972, 0.00572032667696476, 0.007661612704396248, 0.0050668842159211636, 0.00603004964068532, 0.006133730988949537, 0.00510370172560215, 0.005203489679843187, 0.005159396678209305, 0.006498797796666622, 0.005970366299152374, 0.005570773500949144, 0.007354243658483028, 0.005795098841190338, 0.005530996713787317, 0.005555661860853434, 0.005592389032244682, 0.006826995871961117, 0.011493900790810585, 0.005682568997144699, 0.0059262048453092575, 0.0056946477852761745, 0.007214027922600508, 0.00592923304066062, 0.005084711592644453, 0.004996297415345907, 0.005753528326749802, 0.004831969738006592, 0.005476392339915037, 0.006875996477901936, 0.005834312178194523, 0.00521397590637207, 0.005287928506731987, 0.005751835182309151, 0.006088928319513798, 0.0059181079268455505, 0.00619868841022253, 0.004563191439956427, 0.005055186804383993, 0.0060180313885211945, 0.006969026289880276, 0.005938868038356304, 0.005421874579042196, 0.005534735042601824, 0.004848829470574856, 0.005335955414921045, 0.004863195586949587, 0.004649948328733444, 0.0051439241506159306, 0.004831116646528244, 0.004912998992949724, 0.004924349952489138, 0.00528054079040885], "CustomMetrics_Mid_rectangles": [0.023031163960695267, 0.010330185294151306, 0.008748196996748447, 0.0085225198417902, 0.007514560595154762, 0.007608477026224136, 0.006787225138396025, 0.006586620584130287, 0.00624388363212347, 0.006426475942134857, 0.0063286335207521915, 0.006342962849885225, 0.00549336289986968, 0.005487851332873106, 0.006079062353819609, 0.00539778359234333, 0.005882084835320711, 0.005333814304322004, 0.005337362643331289, 0.005114801228046417, 0.0053019230253994465, 0.00509012583643198, 0.0051670861430466175, 0.005014762282371521, 0.005611954722553492, 0.004646328743547201, 0.0046501485630869865, 0.004575259983539581, 0.004348188638687134, 0.004906233865767717, 0.004459957592189312, 0.004807003308087587, 0.004372837487608194, 0.005316981114447117, 0.00419608224183321, 0.00425850972533226, 0.004258429165929556, 0.0043601468205451965, 0.004485582001507282, 0.006834784988313913, 0.007871700450778008, 0.004112428519874811, 0.004197051748633385, 0.004027429968118668, 0.004065630957484245, 0.005057737696915865, 0.004556051921099424, 0.004580873530358076, 0.004817929118871689, 0.004919844679534435, 0.0038360103499144316, 0.003929958678781986, 0.004074396565556526, 0.005979958456009626, 0.0039846282452344894, 0.0044187200255692005, 0.0045850821770727634, 0.004308894742280245, 0.003857826115563512, 0.0038970669265836477, 0.004582198336720467, 0.004476902075111866, 0.00410125870257616, 0.005032788030803204, 0.004304202739149332, 0.0039239563047885895, 0.003847111715003848, 0.003935712389647961, 0.005634479224681854, 0.010655522346496582, 0.0042732092551887035, 0.004448107909411192, 0.003932798746973276, 0.005542362574487925, 0.004904198460280895, 0.0036402465775609016, 0.003924401011317968, 0.004281316883862019, 0.0036127131897956133, 0.004013907164335251, 0.004912013653665781, 0.004175215028226376, 0.003710055723786354, 0.003813683521002531, 0.0041468762792646885, 0.004636187572032213, 0.00405583530664444, 0.004085908643901348, 0.003208595560863614, 0.0036518219858407974, 0.00411231117323041, 0.004927510395646095, 0.004075916949659586, 0.0038785221986472607, 0.0039024055004119873, 0.0033765435218811035, 0.003912546206265688, 0.0037013571709394455, 0.003114257240667939, 0.0032582469284534454, 0.004270404111593962, 0.0034469624515622854, 0.003862010780721903, 0.003433932550251484], "CustomMetrics_Huge_rectangles": [0.013821152038872242, 0.0034454974811524153, 0.002615859266370535, 0.0019674799405038357, 0.0021348497830331326, 0.001771818846464157, 0.0013410128885880113, 0.0016042189672589302, 0.0011603685561567545, 0.0012677026679739356, 0.0013016198063269258, 0.0011998893460258842, 0.0008446924039162695, 0.0008012530161067843, 0.0008920382242649794, 0.0007366061327047646, 0.0009833205258473754, 0.0008968835463747382, 0.0007590776076540351, 0.0006960094906389713, 0.0006753847119398415, 0.0006224368116818368, 0.001042730174958706, 0.0007049297564662993, 0.0012865980388596654, 0.0005999249988235533, 0.000609104405157268, 0.0006632502772845328, 0.0006178205949254334, 0.0008837446221150458, 0.0006268860306590796, 0.0007102273521013558, 0.0006784811848774552, 0.0012025207979604602, 0.0005274869618006051, 0.0011062623234465718, 0.0009924648329615593, 0.0006691391463391483, 0.0006274322513490915, 0.002215395448729396, 0.0022688212338835, 0.0006548583041876554, 0.0004603788838721812, 0.0005165415932424366, 0.0012299091322347522, 0.0010659530526027083, 0.0007558528450317681, 0.0008562727016396821, 0.0008586000767536461, 0.001286455662921071, 0.00041130141471512616, 0.0005410804296843708, 0.0006312971236184239, 0.001264655264094472, 0.0004624917928595096, 0.000525506678968668, 0.0005728827673010528, 0.0008469027816317976, 0.0006783684366382658, 0.0003973579441662878, 0.001165837631560862, 0.0007056193426251411, 0.0004891695571132004, 0.0008689899113960564, 0.0006522843614220619, 0.0005559775163419545, 0.00042668788228183985, 0.0005120460991747677, 0.000680581433698535, 0.004108855500817299, 0.0004695823881775141, 0.0006488561048172414, 0.0009324114653281868, 0.0006923219189047813, 0.0007583912811242044, 0.000698524818290025, 0.0004365427594166249, 0.0005050332401879132, 0.0005014058551751077, 0.0003917893918696791, 0.0011555429082363844, 0.0007162223337218165, 0.0005933565553277731, 0.00034761414281092584, 0.0007306665065698326, 0.0006879313150420785, 0.0006957038422115147, 0.0007646455778740346, 0.00035549228778108954, 0.0005474588251672685, 0.0004621613770723343, 0.0006745947175659239, 0.0005288429674692452, 0.00039174131234176457, 0.0004042165819555521, 0.0005137171247042716, 0.0005812951130792499, 0.000353300099959597, 0.0003676055057439953, 0.0005399855435825884, 0.0007706918986514211, 0.0005908999592065811, 0.0006022268789820373, 0.0005579530261456966]}