{"CustomMetrics_Small_rectangles": [0.011014588177204132, 0.009333005174994469, 0.010104622691869736, 0.0077849626541137695, 0.004003617912530899, 0.004130414221435785, 0.0029190026689320803, 0.0028976162429898977, 0.002520364010706544, 0.003963783383369446, 0.0019392810063436627, 0.0023468160070478916, 0.0031331919599324465, 0.0028529642149806023, 0.0018533107358962297, 0.0017396144103258848, 0.0014080214314162731, 0.0014824611134827137, 0.0018706509144976735, 0.00119057297706604, 0.0010848939418792725, 0.0011681158794090152, 0.0012107751099392772, 0.0008535101660527289, 0.0007594102062284946, 0.0013304847525432706, 0.001559082418680191, 0.001228653360158205, 0.0011499224929139018, 0.001156491693109274, 0.0015208479017019272, 0.0006720494129694998, 0.0010209224419668317, 0.001182944281026721, 0.0010395761346444488, 0.0015495569678023458, 0.0011694642016664147, 0.0012998806778341532, 0.0011979645350947976, 0.0010907695395871997, 0.0009834084194153547, 0.0034107700921595097, 0.003912199288606644, 0.0038841457571834326, 0.0027367069851607084, 0.0029477279167622328, 0.003448925679549575, 0.0018998562591150403, 0.0010237168753519654, 0.0006418864359147847, 0.002689518267288804, 0.002241037553176284, 0.0013242731802165508, 0.002161547774448991, 0.0017219774890691042, 0.0013530344003811479, 0.0016766040353104472, 0.0013032087590545416, 0.0011207590578123927, 0.002049841219559312, 0.0014860761584714055], "CustomMetrics_Mid_rectangles": [0.011498325504362583, 0.009701565839350224, 0.010321488603949547, 0.00771054532378912, 0.003813205286860466, 0.0030189072713255882, 0.002710774540901184, 0.0022580912336707115, 0.0017066062428057194, 0.0030261625070124865, 0.0011523776920512319, 0.001603053999133408, 0.0023692711256444454, 0.0024972734972834587, 0.0013653902569785714, 0.001281692530028522, 0.001042557880282402, 0.0009450842044316232, 0.0012463864404708147, 0.00075204495806247, 0.000587575719691813, 0.0006776856607757509, 0.00068141077645123, 0.0006005139439366758, 0.0005417600041255355, 0.0007585831335745752, 0.0009593479335308075, 0.0005602824385277927, 0.0007623711135238409, 0.0009672053856775165, 0.00091780093498528, 0.0005508822505362332, 0.0008534532971680164, 0.0006376358214765787, 0.0005264913197606802, 0.0008955198572948575, 0.0007222467102110386, 0.0008078101091086864, 0.0006649406277574599, 0.0007121246308088303, 0.0007067709229886532, 0.0025051578413695097, 0.0028771094512194395, 0.0024766665883362293, 0.0017366716638207436, 0.0018795717041939497, 0.002387452870607376, 0.001098913257010281, 0.0006759396055713296, 0.0009919110452756286, 0.0017635799013078213, 0.0015056757256388664, 0.0013744342140853405, 0.0016121994704008102, 0.0012740603415295482, 0.0009697496425360441, 0.0009695292683318257, 0.0008838474750518799, 0.0008343660156242549, 0.0013736847322434187, 0.0008294348372146487], "CustomMetrics_Huge_rectangles": [0.0017130859196186066, 0.0014432178577408195, 0.00159676733892411, 0.0014721362385898829, 0.002049277536571026, 0.0012912106467410922, 0.001193890580907464, 0.00123164476826787, 0.0008196560083888471, 0.000826956529635936, 0.0008314650622196496, 0.0007181896944530308, 0.0007932534790597856, 0.002386725740507245, 0.0015805591829121113, 0.00143398845102638, 0.0016365653136745095, 0.0011038887314498425, 0.0010489256819710135, 0.0015664143720641732, 0.0010919427732005715, 0.000914170581381768, 0.0011293678544461727, 0.00141101551707834, 0.0018307334976270795, 0.0011116743553429842, 0.0010702925501391292, 0.0011016388889402151, 0.0014944477006793022, 0.0019849759992212057, 0.0013129838043823838, 0.0021151495166122913, 0.0025246685836464167, 0.0013690360356122255, 0.001360897091217339, 0.0010715790558606386, 0.0015939545119181275, 0.001751331496052444, 0.0013018737081438303, 0.001501147635281086, 0.002007307717576623, 0.0020199744030833244, 0.001964014722034335, 0.0014322329079732299, 0.0026994780637323856, 0.0022727269679307938, 0.002344990149140358, 0.00273969117552042, 0.0031424816697835922, 0.003954827785491943, 0.002609393559396267, 0.003073871834203601, 0.0038572498597204685, 0.0030577026773244143, 0.0033285412937402725, 0.003161977045238018, 0.0022113618906587362, 0.002593002049252391, 0.002425983315333724, 0.0021271505393087864, 0.0022608712315559387]}