{"CustomMetrics_Small_rectangles": [0.226301908493042, 0.014603676274418831, 0.01354309730231762, 0.010515136644244194, 0.011497762985527515, 0.010532917454838753, 0.011388398706912994, 0.011222364380955696, 0.010740136727690697, 0.01041724905371666, 0.010594500228762627, 0.010942135937511921, 0.009861229918897152, 0.009350362233817577, 0.011092409491539001, 0.009392788633704185, 0.008859428577125072, 0.007671714294701815, 0.009360816329717636, 0.010184851475059986, 0.006689314264804125, 0.00926855206489563, 0.00696375360712409, 0.019406789913773537, 0.00673498772084713, 0.00534424651414156, 0.0074732014909386635, 0.01595422439277172, 0.1135910302400589, 0.012362122535705566, 0.013212467543780804, 0.011506750248372555, 0.01138913445174694, 0.016387250274419785, 0.010593519546091557, 0.010260961949825287, 0.01020385604351759, 0.010842676274478436, 0.009999282658100128, 0.01047431118786335, 0.010650698095560074, 0.00972836185246706, 0.011503059417009354, 0.011736049316823483, 0.012132772244513035, 0.009725664742290974], "CustomMetrics_Mid_rectangles": [0.17813517153263092, 0.013913693837821484, 0.013046327978372574, 0.010644329711794853, 0.011293204501271248, 0.010584756731987, 0.011072284542024136, 0.01098176185041666, 0.010634162463247776, 0.010199583135545254, 0.010360786691308022, 0.010477215982973576, 0.009459046646952629, 0.009019928053021431, 0.010289149358868599, 0.009208361618220806, 0.008519744500517845, 0.007266521919518709, 0.008649756200611591, 0.010082889348268509, 0.006778435781598091, 0.009056002832949162, 0.007142677437514067, 0.017760073766112328, 0.006234793923795223, 0.005451670382171869, 0.006449235137552023, 0.012724898755550385, 0.08805453777313232, 0.012645594775676727, 0.013446174561977386, 0.011567102745175362, 0.011122563853859901, 0.014499873854219913, 0.01052689179778099, 0.010077093727886677, 0.009836122393608093, 0.010956238023936749, 0.009874091483652592, 0.01011247094720602, 0.010336688719689846, 0.009502233937382698, 0.011339366436004639, 0.011594469659030437, 0.011535895057022572, 0.0097174858674407], "CustomMetrics_Huge_rectangles": [0.12929286062717438, 0.004364217631518841, 0.0030891618225723505, 0.0013811126118525863, 0.0017498373053967953, 0.0013435522560030222, 0.0015742626274004579, 0.0013221687404438853, 0.0013503317022696137, 0.0019406682113185525, 0.0018225394887849689, 0.002059549791738391, 0.0027932613156735897, 0.0026261983439326286, 0.003428538329899311, 0.0017958994721993804, 0.0026448736898601055, 0.0031220957171171904, 0.003797566518187523, 0.0016304580494761467, 0.0021700889337807894, 0.0036244969815015793, 0.0024071692023426294, 0.0098057696595788, 0.003065534634515643, 0.00164382706861943, 0.0026157530955970287, 0.006529374048113823, 0.08170075714588165, 0.002517363056540489, 0.002923784777522087, 0.002379386918619275, 0.0023170001804828644, 0.004605998285114765, 0.0023921329993754625, 0.0023653993848711252, 0.0023082499392330647, 0.0031586827244609594, 0.002340769860893488, 0.002842206507921219, 0.0029051390010863543, 0.002721482887864113, 0.0031635253690183163, 0.0042785536497831345, 0.002653511706739664, 0.0014645718038082123]}