{"CustomMetrics_Small_rectangles": [0.015683773905038834, 0.015511422418057919, 0.015003250911831856, 0.015521051362156868, 0.014024704694747925, 0.015967587009072304, 0.015466026961803436, 0.016385281458497047, 0.015732061117887497, 0.015483926981687546, 0.014863929711282253, 0.014824404381215572, 0.01476176269352436, 0.01610969752073288, 0.015191554091870785, 0.015845851972699165, 0.014861302450299263, 0.014547369442880154, 0.014490867964923382, 0.014344880357384682, 0.013360231183469296, 0.01373833604156971, 0.013385548256337643, 0.013154981657862663, 0.012930679135024548, 0.013456590473651886, 0.012512740679085255, 0.011625703424215317, 0.013177766464650631, 0.013042491860687733, 0.013208926655352116, 0.012070056982338428, 0.012354522943496704, 0.012081949040293694, 0.012493235059082508, 0.012956526130437851, 0.012144766747951508, 0.01140875369310379, 0.012793420813977718, 0.011094053275883198, 0.011424415744841099, 0.011438574641942978, 0.011143414303660393, 0.01110477652400732, 0.010143555700778961, 0.01159679051488638, 0.010754736140370369, 0.011494101956486702, 0.011413752101361752, 0.00910183321684599, 0.009868529625236988, 0.01042203325778246, 0.009605158120393753, 0.009061763994395733, 0.009447012096643448, 0.010041334666311741, 0.008852099068462849, 0.00996399950236082, 0.00920750293880701, 0.010340104810893536, 0.009108271449804306, 0.009487459436058998, 0.008763753809034824, 0.009800568222999573, 0.009564139880239964, 0.01022322103381157, 0.009336263872683048, 0.010699733160436153, 0.010260039009153843, 0.00893700122833252, 0.007492505479604006, 0.008901949040591717, 0.007809415925294161, 0.01179487258195877, 0.0077378470450639725, 0.007601702120155096, 0.010115617886185646, 0.008349401876330376, 0.008798334747552872, 0.009277570992708206, 0.009263793006539345, 0.011920828372240067, 0.011281559243798256, 0.011238069273531437, 0.012591357342898846, 0.010843764059245586, 0.011071191169321537, 0.01158493384718895, 0.011061102151870728, 0.009570255875587463, 0.01193943526595831, 0.01039639301598072, 0.010255989618599415, 0.012723956257104874, 0.01118469424545765, 0.010934533551335335, 0.010297098197042942, 0.012282957322895527, 0.010153857059776783, 0.01125935185700655], "CustomMetrics_Mid_rectangles": [0.015757419168949127, 0.015358207747340202, 0.01476131472736597, 0.015293534845113754, 0.01414154376834631, 0.01529376395046711, 0.015024821273982525, 0.015605662949383259, 0.015214943327009678, 0.014783098362386227, 0.014084039255976677, 0.014438140206038952, 0.01397872157394886, 0.014802009798586369, 0.013616692274808884, 0.014295087195932865, 0.01326735783368349, 0.013108733110129833, 0.01322152093052864, 0.013294370844960213, 0.012433215975761414, 0.01264430396258831, 0.012676909565925598, 0.011737124063074589, 0.012053564190864563, 0.012123526073992252, 0.011374535039067268, 0.010961174964904785, 0.011931373737752438, 0.011969035491347313, 0.011735739186406136, 0.011328778229653835, 0.011390572413802147, 0.011343591846525669, 0.011505328118801117, 0.011367627419531345, 0.011425169184803963, 0.010648242197930813, 0.01224912703037262, 0.0106522710993886, 0.01095441821962595, 0.011040320619940758, 0.010778529569506645, 0.010911219753324986, 0.010116555728018284, 0.010670272633433342, 0.010545916855335236, 0.010893931612372398, 0.011331425048410892, 0.009378353133797646, 0.00969427265226841, 0.009734125807881355, 0.009322984144091606, 0.009014727547764778, 0.008972236886620522, 0.009310020133852959, 0.009053971618413925, 0.008773543871939182, 0.008698990568518639, 0.009134791791439056, 0.008301036432385445, 0.008447173982858658, 0.008510495536029339, 0.0084804967045784, 0.008420449681580067, 0.008627529256045818, 0.008137739263474941, 0.009433175437152386, 0.008157817646861076, 0.007842768914997578, 0.007493967656046152, 0.0076294406317174435, 0.007602120749652386, 0.009698095731437206, 0.007356114685535431, 0.00666449312120676, 0.007969824597239494, 0.007691564969718456, 0.007222110405564308, 0.007994040846824646, 0.00801087636500597, 0.008432522416114807, 0.008779873140156269, 0.008470308966934681, 0.009386587888002396, 0.008395585231482983, 0.008702220395207405, 0.009077262133359909, 0.009730569086968899, 0.007946223020553589, 0.009673590771853924, 0.008573198691010475, 0.008623957633972168, 0.010447835549712181, 0.009376324713230133, 0.00929491687566042, 0.008904592134058475, 0.009787047281861305, 0.008733008056879044, 0.00928936805576086], "CustomMetrics_Huge_rectangles": [0.004538805224001408, 0.0034604468382894993, 0.003369782352820039, 0.0029592898208647966, 0.0023353812284767628, 0.002621436258777976, 0.002295179758220911, 0.002640836639329791, 0.002651579212397337, 0.0024879963602870703, 0.0026284533087164164, 0.0021482333540916443, 0.0021684044040739536, 0.002904847962781787, 0.002682788297533989, 0.003206072375178337, 0.0026526618748903275, 0.002542798174545169, 0.0026180872227996588, 0.002321806503459811, 0.00218912772834301, 0.002105024643242359, 0.002288190182298422, 0.0020886093843728304, 0.002140945056453347, 0.0024475676473230124, 0.0020166554022580385, 0.001798065728507936, 0.0022701264824718237, 0.0022195084020495415, 0.002221338916569948, 0.0017288913950324059, 0.002022211207076907, 0.001919119036756456, 0.002106730593368411, 0.0024644136428833008, 0.002138423966243863, 0.0017787102842703462, 0.0024801359977573156, 0.0019266026793047786, 0.0017447617137804627, 0.0021253875456750393, 0.0020109815523028374, 0.001871079788543284, 0.001662847469560802, 0.002036988502368331, 0.0018645348027348518, 0.002146579558029771, 0.002115305745974183, 0.001380124711431563, 0.0017129745101556182, 0.0018442037981003523, 0.0015030360082164407, 0.0014619806315749884, 0.00182022072840482, 0.00195806915871799, 0.001300355768762529, 0.0015191237907856703, 0.0016002575866878033, 0.0015380786499008536, 0.0013320427387952805, 0.0013911110581830144, 0.0010762790916487575, 0.001363507006317377, 0.0014242762699723244, 0.0015942284371703863, 0.0012676737969741225, 0.0015581771731376648, 0.0013949635904282331, 0.0010466109961271286, 0.0010594002669677138, 0.001303450670093298, 0.0007935624453239143, 0.0018586455844342709, 0.0007703066803514957, 0.0009002142469398677, 0.001514148898422718, 0.0010207577142864466, 0.0009837260004132986, 0.001079922541975975, 0.0008961814455688, 0.001821084413677454, 0.0012476417468860745, 0.0008755132439546287, 0.0018426148453727365, 0.0012019560672342777, 0.0016985756810754538, 0.0014184339670464396, 0.0010069970740005374, 0.0009750051540322602, 0.0015237129991874099, 0.0009546437649987638, 0.0009691676241345704, 0.0018023946322500706, 0.001178257749415934, 0.001124157919548452, 0.000979518867097795, 0.0011861234670504928, 0.0009884275496006012, 0.000779935042373836]}