{"CustomMetrics_Small_rectangles": [0.047513678669929504, 0.05066695809364319, 0.024655146524310112, 0.024220746010541916, 0.021939950063824654, 0.017842132598161697, 0.01717282645404339, 0.01690276712179184, 0.015380464494228363, 0.01471016462892294, 0.013462252914905548, 0.013947850093245506, 0.011965141631662846, 0.014413228258490562, 0.019834298640489578, 0.011852853000164032, 0.013232174329459667, 0.01653122715651989, 0.010958327911794186, 0.015071327798068523, 0.010829920880496502, 0.013179874047636986, 0.014818001538515091, 0.017157848924398422, 0.025564076378941536, 0.025099247694015503, 0.01462828554213047, 0.012730436399579048, 0.05602104216814041, 0.013198139145970345, 0.01186351664364338, 0.011737076565623283, 0.012272540479898453, 0.01177340466529131, 0.01042836345732212, 0.011063016951084137, 0.010963504202663898, 0.01268073171377182, 0.0115929851308465, 0.01185994315892458, 0.014102241024374962, 0.010236911475658417, 0.011203530244529247, 0.011432740837335587, 0.012407160364091396, 0.009937794879078865, 0.011391759850084782, 0.010011496022343636, 0.010172639973461628, 0.010740390047430992, 0.013121501542627811, 0.010131848976016045, 0.009853213094174862, 0.010200862772762775, 0.01175115630030632, 0.013049045577645302, 0.030381621792912483, 0.011128434911370277, 0.010101757943630219, 0.009876217693090439, 0.009960037656128407, 0.009925289079546928, 0.010840961709618568, 0.010291577316820621, 0.0112726716324687, 0.009324155747890472, 0.010710516944527626, 0.01147192157804966, 0.009764688089489937, 0.00970645621418953, 0.009524716064333916, 0.010195089504122734, 0.010581837967038155, 0.010251379571855068, 0.01063866913318634, 0.010316253639757633, 0.011029615066945553, 0.00988244079053402, 0.010745197534561157, 0.009443189948797226, 0.011785146780312061, 0.009677719324827194, 0.00981813482940197, 0.009786516427993774, 0.00951126217842102, 0.009805869311094284, 0.010212142951786518, 0.010255119763314724, 0.009694450534880161], "CustomMetrics_Mid_rectangles": [0.03342541307210922, 0.04907101392745972, 0.016805192455649376, 0.019978158175945282, 0.013817575760185719, 0.012303758412599564, 0.013067027553915977, 0.012378438375890255, 0.014123096130788326, 0.011809492483735085, 0.010981009341776371, 0.010758650489151478, 0.010817592032253742, 0.011602344922721386, 0.01541811227798462, 0.01046562846750021, 0.010799434967339039, 0.015323122031986713, 0.009913809597492218, 0.013572252355515957, 0.010571560822427273, 0.012905714102089405, 0.01277516782283783, 0.013987978920340538, 0.026231536641716957, 0.01905120350420475, 0.015425160527229309, 0.012286598794162273, 0.04557189717888832, 0.011416178196668625, 0.011155590415000916, 0.011136580258607864, 0.011580685153603554, 0.011258793994784355, 0.010622665286064148, 0.01122133806347847, 0.010458197444677353, 0.013070918619632721, 0.010692015290260315, 0.011886992491781712, 0.012485429644584656, 0.009610472247004509, 0.011113139800727367, 0.011873249895870686, 0.011877651326358318, 0.01020762138068676, 0.010898133739829063, 0.010119241662323475, 0.010194985195994377, 0.010215416550636292, 0.013234363868832588, 0.009701465256512165, 0.010089266113936901, 0.0101527851074934, 0.012443709187209606, 0.0128122353926301, 0.025843288749456406, 0.009903441183269024, 0.009107843041419983, 0.008995089679956436, 0.009013471193611622, 0.009503493085503578, 0.010098421946167946, 0.009637180715799332, 0.009667965583503246, 0.009146302938461304, 0.009558947756886482, 0.010021599009633064, 0.009145200252532959, 0.0087828878313303, 0.008834206499159336, 0.00973740965127945, 0.01087277289479971, 0.009420331567525864, 0.009600034914910793, 0.009661808609962463, 0.010360059328377247, 0.009557048790156841, 0.009533058851957321, 0.009148427285254002, 0.010318736545741558, 0.009828343987464905, 0.00939259398728609, 0.009124069474637508, 0.008521405048668385, 0.009257139638066292, 0.009325332939624786, 0.009669408202171326, 0.009436401538550854], "CustomMetrics_Huge_rectangles": [0.014081007800996304, 0.015199113637208939, 0.0059972284361720085, 0.00584213575348258, 0.005446868482977152, 0.0030384704004973173, 0.00346547644585371, 0.003062353003770113, 0.0046172854490578175, 0.0028362011071294546, 0.0024170309770852327, 0.0021269924473017454, 0.0016668187454342842, 0.0026822485961019993, 0.004445186350494623, 0.0013508255360648036, 0.0019664005376398563, 0.004526654724031687, 0.0012222990626469254, 0.002427036175504327, 0.001637820852920413, 0.0020633970852941275, 0.00280793197453022, 0.0031839439179748297, 0.012527287006378174, 0.006610189564526081, 0.002476359251886606, 0.0021106190979480743, 0.02385273203253746, 0.0022870348766446114, 0.0015877947444096208, 0.0018364795250818133, 0.0019896826706826687, 0.0014654785627499223, 0.0011501008411869407, 0.001531852874904871, 0.0015600905753672123, 0.0032067992724478245, 0.001998436637222767, 0.002323581138625741, 0.004314292222261429, 0.0013346669729799032, 0.0022833317052572966, 0.002393093192949891, 0.0022480131592601538, 0.0010915820021182299, 0.001705213449895382, 0.0012476060073822737, 0.0010393769480288029, 0.0019912230782210827, 0.003728504991158843, 0.001069223857484758, 0.0010086845140904188, 0.0013703014701604843, 0.002298871288076043, 0.003252584720030427, 0.011379268020391464, 0.0012234044261276722, 0.001433066208846867, 0.0011771671706810594, 0.001184395863674581, 0.0010881372727453709, 0.0017922508995980024, 0.0010953352320939302, 0.0021298215724527836, 0.0010620498796924949, 0.0017490353202447295, 0.001803338760510087, 0.0009226136025972664, 0.0009883930906653404, 0.0008906478760764003, 0.0010836796136572957, 0.0017432140884920955, 0.001314502558670938, 0.0009300837991759181, 0.0011630054796114564, 0.0010350801749154925, 0.0008927503367885947, 0.001358242705464363, 0.0008321496425196528, 0.0015380745753645897, 0.0011929180473089218, 0.0012293698964640498, 0.0013636135263368487, 0.0013083104277029634, 0.0009340579272247851, 0.0010055085876956582, 0.0008845022530294955, 0.0008783680386841297]}